10.5, 2535, 3, LTS, VI
12.3, 2542, 3, LTS, VI
13.9, 1164, 1, LTS, V
13.9, 1775, 2, LTS, VI
15.1, 1928, 2, LTS, V
16.1, 2551, 3, LTS, VI
17.3, 252, 0, LTS, VI
17.5, 1027, 1, LTS, VI
19.2, 1157, 1, LTS, V
21, 268, 0, LTS, VI
21.5, 1521, 1, LTS, III
22.6, 1790, 2, LTS, VI
23.4, 1506, 1, LTS, III
24.3, 3302, 4, LTS, VI
24.9, 3296, 4, LTS, VI
25.1, 396, 0, LTS, V
25.5, 541, 0, LTS, IV
25.8, 408, 0, LTS, V
26, 2679, 3, LTS, V
28.4, 3454, 4, LTS, V
28.7, 263, 0, LTS, VI
29.3, 406, 0, LTS, V
29.7, 3585, 4, LTS, IV
30.2, 2691, 3, LTS, V
31.4, 259, 0, LTS, VI
32.1, 2277, 2, LTS, III
32.2, 1509, 1, LTS, III
33.1, 2060, 2, LTS, IV
33.3, 755, 0, LTS, III
33.4, 2826, 3, LTS, IV
33.5, 3440, 4, LTS, V
34.4, 1784, 2, LTS, VI
35.2, 1167, 1, LTS, V
35.8, 3310, 4, LTS, VI
37.6, 542, 0, LTS, IV
40.4, 1029, 1, LTS, VI
41, 1780, 2, LTS, VI
41.3, 2821, 3, LTS, IV
42.8, 2282, 2, LTS, III
43.6, 3043, 3, LTS, III
43.8, 3028, 3, LTS, III
44.1, 3582, 4, LTS, IV
46, 1303, 1, LTS, IV
49, 2537, 3, LTS, VI
49.2, 1920, 2, LTS, V
50.5, 1302, 1, LTS, IV
51.4, 3800, 4, LTS, III
52, 1919, 2, LTS, V
55.8, 403, 0, LTS, V
58.5, 3450, 4, LTS, V
58.6, 402, 0, LTS, V
59.7, 3804, 4, LTS, III
60.2, 2825, 3, LTS, IV
60.3, 1771, 2, LTS, VI
62.4, 2686, 3, LTS, V
63.7, 1783, 2, LTS, VI
66.2, 3032, 3, LTS, III
67.5, 1511, 1, LTS, III
68.6, 2549, 3, LTS, VI
70.5, 253, 0, LTS, VI
71.8, 1163, 1, LTS, V
73.9, 543, 0, LTS, IV
74.2, 269, 0, LTS, VI
75.7, 1512, 1, LTS, III
76.1, 1774, 2, LTS, VI
77.2, 1169, 1, LTS, V
80.3, 398, 0, LTS, V
82.8, 1785, 2, LTS, VI
85.5, 3447, 4, LTS, V
85.6, 3325, 4, RS, V
85.7, 2687, 3, LTS, V
91.1, 1299, 1, LTS, IV
93, 1010, 1, LTS, VI
93.1, 1918, 2, LTS, V
93.4, 396, 0, LTS, V
93.8, 1776, 2, LTS, VI
94.4, 3041, 3, LTS, III
95.3, 2541, 3, LTS, VI
95.8, 3298, 4, LTS, VI
98.7, 880, 1, RS, VI
98.9, 2279, 2, LTS, III
99.9, 2689, 3, LTS, V
102.4, 399, 0, LTS, V
103.2, 3799, 4, LTS, III
104, 1195, 1, RS, IV
104.1, 1220, 1, RS, IV
104.1, 1254, 1, RS, IV
104.3, 470, 0, RS, IV
104.3, 1207, 1, RS, IV
104.3, 1788, 2, LTS, VI
104.4, 1222, 1, RS, IV
104.5, 1239, 1, RS, IV
104.5, 1264, 1, RS, IV
104.6, 1204, 1, RS, IV
104.6, 1268, 1, RS, IV
104.6, 1272, 1, RS, IV
104.7, 1198, 1, RS, IV
104.7, 1231, 1, RS, IV
104.7, 1255, 1, RS, IV
104.8, 1228, 1, RS, IV
104.9, 1193, 1, RS, IV
104.9, 1236, 1, RS, IV
104.9, 1249, 1, RS, IV
104.9, 1278, 1, FS, IV
104.9, 1295, 1, FS, IV
105, 1147, 1, FS, V
105, 1221, 1, RS, IV
105, 1244, 1, RS, IV
105, 1253, 1, RS, IV
105.1, 1138, 1, FS, V
105.1, 1201, 1, RS, IV
105.1, 1216, 1, RS, IV
105.1, 1217, 1, RS, IV
105.1, 1260, 1, RS, IV
105.1, 1294, 1, FS, IV
105.2, 1124, 1, FS, V
105.2, 1142, 1, FS, V
105.2, 1153, 1, FS, V
105.2, 1202, 1, RS, IV
105.2, 1212, 1, RS, IV
105.2, 2270, 2, LTS, III
105.3, 1203, 1, RS, IV
105.3, 1274, 1, FS, IV
105.4, 450, 0, RS, IV
105.4, 1213, 1, RS, IV
105.4, 1238, 1, RS, IV
105.4, 1240, 1, RS, IV
105.4, 1277, 1, FS, IV
105.4, 1280, 1, FS, IV
105.5, 1206, 1, RS, IV
105.5, 1225, 1, RS, IV
105.5, 1287, 1, FS, IV
105.6, 1194, 1, RS, IV
105.6, 1209, 1, RS, IV
105.6, 1245, 1, RS, IV
105.6, 1246, 1, RS, IV
105.6, 1250, 1, RS, IV
105.6, 1286, 1, FS, IV
105.6, 1288, 1, FS, IV
105.6, 1293, 1, FS, IV
105.6, 2278, 2, LTS, III
105.7, 1027, 1, LTS, VI
105.7, 1205, 1, RS, IV
105.7, 1214, 1, RS, IV
105.7, 1227, 1, RS, IV
105.7, 1230, 1, RS, IV
105.7, 1243, 1, RS, IV
105.7, 1262, 1, RS, IV
105.7, 1266, 1, RS, IV
105.7, 1279, 1, FS, IV
105.7, 1281, 1, FS, IV
105.8, 1218, 1, RS, IV
105.9, 507, 0, RS, IV
105.9, 1141, 1, FS, V
105.9, 1199, 1, RS, IV
105.9, 1215, 1, RS, IV
105.9, 1233, 1, RS, IV
105.9, 1256, 1, RS, IV
105.9, 1265, 1, RS, IV
105.9, 1270, 1, RS, IV
105.9, 1290, 1, FS, IV
105.9, 1291, 1, FS, IV
106, 1136, 1, FS, V
106, 1219, 1, RS, IV
106, 1241, 1, RS, IV
106, 1248, 1, RS, IV
106, 1267, 1, RS, IV
106.1, 457, 0, RS, IV
106.1, 1208, 1, RS, IV
106.1, 1234, 1, RS, IV
106.1, 1257, 1, RS, IV
106.1, 1261, 1, RS, IV
106.1, 1282, 1, FS, IV
106.1, 1285, 1, FS, IV
106.2, 1133, 1, FS, V
106.2, 1139, 1, FS, V
106.2, 1197, 1, RS, IV
106.2, 1258, 1, RS, IV
106.2, 1296, 1, FS, IV
106.4, 452, 0, RS, IV
106.4, 1196, 1, RS, IV
106.4, 1224, 1, RS, IV
106.4, 1235, 1, RS, IV
106.4, 1237, 1, RS, IV
106.4, 1289, 1, FS, IV
106.5, 1200, 1, RS, IV
106.5, 1210, 1, RS, IV
106.5, 1211, 1, RS, IV
106.5, 1259, 1, RS, IV
106.5, 1273, 1, FS, IV
106.5, 1297, 1, FS, IV
106.6, 448, 0, RS, IV
106.6, 1226, 1, RS, IV
106.6, 1955, 2, RS, IV
106.7, 1251, 1, RS, IV
106.7, 1276, 1, FS, IV
106.7, 1284, 1, FS, IV
106.8, 1252, 1, RS, IV
106.8, 1283, 1, FS, IV
106.9, 1996, 2, RS, IV
106.9, 2014, 2, RS, IV
107, 497, 0, RS, IV
107, 1146, 1, FS, V
107, 1271, 1, RS, IV
107, 1969, 2, RS, IV
107.1, 445, 0, RS, IV
107.1, 1127, 1, FS, V
107.1, 1131, 1, FS, V
107.1, 1263, 1, RS, IV
107.1, 1292, 1, FS, IV
107.2, 1223, 1, RS, IV
107.2, 1275, 1, FS, IV
107.3, 505, 0, RS, IV
107.3, 1151, 1, FS, V
107.3, 1229, 1, RS, IV
107.3, 3312, 4, LTS, VI
107.4, 1125, 1, FS, V
107.4, 1143, 1, FS, V
107.5, 480, 0, RS, IV
107.6, 1242, 1, RS, IV
107.8, 1278, 1, FS, IV
107.8, 1295, 1, FS, IV
107.8, 2027, 2, RS, IV
107.9, 474, 0, RS, IV
107.9, 1269, 1, RS, IV
108, 1294, 1, FS, IV
108, 1997, 2, RS, IV
108.2, 513, 0, FS, IV
108.2, 1274, 1, FS, IV
108.2, 1956, 2, RS, IV
108.2, 2038, 2, FS, IV
108.3, 514, 0, FS, IV
108.3, 522, 0, FS, IV
108.3, 1277, 1, FS, IV
108.3, 1280, 1, FS, IV
108.3, 2046, 2, FS, IV
108.4, 515, 0, FS, IV
108.4, 517, 0, FS, IV
108.4, 520, 0, FS, IV
108.4, 532, 0, FS, IV
108.4, 534, 0, FS, IV
108.4, 535, 0, FS, IV
108.4, 1247, 1, RS, IV
108.4, 1287, 1, FS, IV
108.5, 518, 0, FS, IV
108.5, 527, 0, FS, IV
108.5, 530, 0, FS, IV
108.5, 1286, 1, FS, IV
108.5, 1288, 1, FS, IV
108.5, 1293, 1, FS, IV
108.6, 397, 0, LTS, V
108.6, 529, 0, FS, IV
108.6, 531, 0, FS, IV
108.6, 1149, 1, FS, V
108.6, 1279, 1, FS, IV
108.6, 1281, 1, FS, IV
108.6, 1490, 1, FS, III
108.6, 2035, 2, FS, IV
108.6, 2036, 2, FS, IV
108.6, 2043, 2, FS, IV
108.7, 512, 0, FS, IV
108.7, 516, 0, FS, IV
108.7, 521, 0, FS, IV
108.7, 528, 0, FS, IV
108.7, 1484, 1, FS, III
108.8, 523, 0, FS, IV
108.8, 524, 0, FS, IV
108.8, 533, 0, FS, IV
108.8, 1290, 1, FS, IV
108.8, 1291, 1, FS, IV
108.8, 1304, 1, LTS, IV
108.8, 2045, 2, FS, IV
108.8, 2048, 2, FS, IV
108.8, 2049, 2, FS, IV
108.8, 2056, 2, FS, IV
108.9, 519, 0, FS, IV
108.9, 526, 0, FS, IV
108.9, 536, 0, FS, IV
108.9, 1378, 1, RS, III
108.9, 1409, 1, RS, III
108.9, 1444, 1, RS, III
108.9, 1457, 1, RS, III
108.9, 1471, 1, RS, III
108.9, 1502, 1, FS, III
108.9, 2037, 2, FS, IV
108.9, 2039, 2, FS, IV
108.9, 2042, 2, FS, IV
109, 525, 0, FS, IV
109, 1039, 1, RS, V
109, 1282, 1, FS, IV
109, 1285, 1, FS, IV
109, 1366, 1, RS, III
109, 1412, 1, RS, III
109, 1420, 1, RS, III
109, 1463, 1, RS, III
109, 2034, 2, FS, IV
109, 2047, 2, FS, IV
109, 2050, 2, FS, IV
109, 2053, 2, FS, IV
109, 2055, 2, FS, IV
109, 2058, 2, FS, IV
109.1, 1132, 1, FS, V
109.1, 1296, 1, FS, IV
109.1, 1416, 1, RS, III
109.1, 1427, 1, RS, III
109.1, 1435, 1, RS, III
109.1, 1449, 1, RS, III
109.1, 1483, 1, FS, III
109.2, 681, 0, RS, III
109.2, 1300, 1, LTS, IV
109.2, 1306, 1, LTS, IV
109.2, 1307, 1, RS, III
109.2, 1360, 1, RS, III
109.2, 1377, 1, RS, III
109.2, 1395, 1, RS, III
109.2, 1396, 1, RS, III
109.2, 1430, 1, RS, III
109.2, 1462, 1, RS, III
109.2, 2051, 2, FS, IV
109.3, 1289, 1, FS, IV
109.3, 1383, 1, RS, III
109.3, 1421, 1, RS, III
109.3, 1454, 1, RS, III
109.3, 1478, 1, FS, III
109.3, 1499, 1, FS, III
109.4, 1273, 1, FS, IV
109.4, 1297, 1, FS, IV
109.4, 1340, 1, RS, III
109.4, 1349, 1, RS, III
109.4, 1352, 1, RS, III
109.4, 1359, 1, RS, III
109.4, 1401, 1, RS, III
109.4, 1472, 1, RS, III
109.4, 1488, 1, FS, III
109.4, 1500, 1, FS, III
109.4, 2041, 2, FS, IV
109.4, 2044, 2, FS, IV
109.5, 1309, 1, RS, III
109.5, 1314, 1, RS, III
109.5, 1367, 1, RS, III
109.5, 1386, 1, RS, III
109.5, 1434, 1, RS, III
109.5, 1437, 1, RS, III
109.5, 1447, 1, RS, III
109.5, 1474, 1, FS, III
109.5, 1494, 1, FS, III
109.5, 2040, 2, FS, IV
109.5, 2052, 2, FS, IV
109.5, 2054, 2, FS, IV
109.5, 2057, 2, FS, IV
109.6, 1276, 1, FS, IV
109.6, 1284, 1, FS, IV
109.6, 1298, 1, LTS, IV
109.6, 1362, 1, RS, III
109.6, 1368, 1, RS, III
109.6, 1369, 1, RS, III
109.6, 1373, 1, RS, III
109.6, 1387, 1, RS, III
109.6, 1445, 1, RS, III
109.6, 1460, 1, RS, III
109.6, 1476, 1, FS, III
109.7, 1283, 1, FS, IV
109.7, 1312, 1, RS, III
109.7, 1327, 1, RS, III
109.7, 1339, 1, RS, III
109.7, 1371, 1, RS, III
109.7, 1379, 1, RS, III
109.7, 1382, 1, RS, III
109.7, 1392, 1, RS, III
109.7, 1415, 1, RS, III
109.7, 1419, 1, RS, III
109.7, 1456, 1, RS, III
109.7, 1459, 1, RS, III
109.7, 1466, 1, RS, III
109.7, 1504, 1, FS, III
109.8, 1323, 1, RS, III
109.8, 1361, 1, RS, III
109.8, 1374, 1, RS, III
109.8, 1388, 1, RS, III
109.8, 1410, 1, RS, III
109.8, 1429, 1, RS, III
109.8, 1438, 1, RS, III
109.8, 1441, 1, RS, III
109.8, 1446, 1, RS, III
109.8, 1464, 1, RS, III
109.8, 1498, 1, FS, III
109.8, 1991, 2, RS, IV
109.9, 1310, 1, RS, III
109.9, 1316, 1, RS, III
109.9, 1319, 1, RS, III
109.9, 1332, 1, RS, III
109.9, 1338, 1, RS, III
109.9, 1356, 1, RS, III
109.9, 1380, 1, RS, III
109.9, 1389, 1, RS, III
109.9, 1402, 1, RS, III
109.9, 1423, 1, RS, III
109.9, 1468, 1, RS, III
109.9, 1503, 1, FS, III
110, 1292, 1, FS, IV
110, 1318, 1, RS, III
110, 1325, 1, RS, III
110, 1331, 1, RS, III
110, 1348, 1, RS, III
110, 1405, 1, RS, III
110, 1428, 1, RS, III
110, 1453, 1, RS, III
110.1, 1275, 1, FS, IV
110.1, 1385, 1, RS, III
110.1, 1397, 1, RS, III
110.1, 1431, 1, RS, III
110.1, 1479, 1, FS, III
110.1, 1482, 1, FS, III
110.1, 1485, 1, FS, III
110.2, 1013, 1, LTS, VI
110.2, 1313, 1, RS, III
110.2, 1336, 1, RS, III
110.2, 1346, 1, RS, III
110.2, 1370, 1, RS, III
110.2, 1381, 1, RS, III
110.2, 1406, 1, RS, III
110.2, 1426, 1, RS, III
110.2, 1465, 1, RS, III
110.2, 1480, 1, FS, III
110.3, 1311, 1, RS, III
110.3, 1322, 1, RS, III
110.3, 1333, 1, RS, III
110.3, 1343, 1, RS, III
110.3, 1354, 1, RS, III
110.3, 1375, 1, RS, III
110.3, 1384, 1, RS, III
110.3, 1391, 1, RS, III
110.3, 1413, 1, RS, III
110.3, 1440, 1, RS, III
110.3, 1455, 1, RS, III
110.4, 1344, 1, RS, III
110.4, 1347, 1, RS, III
110.4, 1399, 1, RS, III
110.4, 1411, 1, RS, III
110.4, 1414, 1, RS, III
110.4, 1450, 1, RS, III
110.4, 1452, 1, RS, III
110.5, 1320, 1, RS, III
110.5, 1330, 1, RS, III
110.5, 1363, 1, RS, III
110.5, 1394, 1, RS, III
110.5, 1408, 1, RS, III
110.5, 1439, 1, RS, III
110.5, 1461, 1, RS, III
110.5, 1475, 1, FS, III
110.5, 1481, 1, FS, III
110.5, 1501, 1, FS, III
110.6, 1232, 1, RS, IV
110.6, 1329, 1, RS, III
110.6, 1398, 1, RS, III
110.6, 1404, 1, RS, III
110.6, 1443, 1, RS, III
110.6, 1448, 1, RS, III
110.6, 1492, 1, FS, III
110.6, 1496, 1, FS, III
110.7, 1278, 1, FS, IV
110.7, 1295, 1, FS, IV
110.7, 1324, 1, RS, III
110.7, 1451, 1, RS, III
110.8, 1334, 1, RS, III
110.8, 1407, 1, RS, III
110.8, 1432, 1, RS, III
110.9, 1294, 1, FS, IV
110.9, 1328, 1, RS, III
110.9, 1355, 1, RS, III
110.9, 1372, 1, RS, III
110.9, 1403, 1, RS, III
110.9, 1418, 1, RS, III
110.9, 1422, 1, RS, III
110.9, 1487, 1, FS, III
110.9, 1495, 1, FS, III
110.9, 1967, 2, RS, IV
111, 1315, 1, RS, III
111, 1353, 1, RS, III
111, 1425, 1, RS, III
111, 1436, 1, RS, III
111.1, 513, 0, FS, IV
111.1, 1274, 1, FS, IV
111.1, 1308, 1, RS, III
111.1, 1321, 1, RS, III
111.1, 1335, 1, RS, III
111.1, 1376, 1, RS, III
111.1, 1393, 1, RS, III
111.1, 1477, 1, FS, III
111.1, 2038, 2, FS, IV
111.2, 514, 0, FS, IV
111.2, 522, 0, FS, IV
111.2, 1277, 1, FS, IV
111.2, 1280, 1, FS, IV
111.2, 1365, 1, RS, III
111.2, 1442, 1, RS, III
111.2, 2046, 2, FS, IV
111.3, 515, 0, FS, IV
111.3, 517, 0, FS, IV
111.3, 520, 0, FS, IV
111.3, 532, 0, FS, IV
111.3, 534, 0, FS, IV
111.3, 535, 0, FS, IV
111.3, 1287, 1, FS, IV
111.3, 1358, 1, RS, III
111.3, 1493, 1, FS, III
111.4, 518, 0, FS, IV
111.4, 527, 0, FS, IV
111.4, 530, 0, FS, IV
111.4, 1286, 1, FS, IV
111.4, 1288, 1, FS, IV
111.4, 1293, 1, FS, IV
111.4, 1317, 1, RS, III
111.4, 1341, 1, RS, III
111.4, 1351, 1, RS, III
111.4, 2815, 3, FS, IV
111.5, 529, 0, FS, IV
111.5, 531, 0, FS, IV
111.5, 1279, 1, FS, IV
111.5, 1281, 1, FS, IV
111.5, 1490, 1, FS, III
111.5, 2035, 2, FS, IV
111.5, 2036, 2, FS, IV
111.5, 2043, 2, FS, IV
111.5, 2795, 3, FS, IV
111.6, 512, 0, FS, IV
111.6, 516, 0, FS, IV
111.6, 521, 0, FS, IV
111.6, 528, 0, FS, IV
111.6, 1350, 1, RS, III
111.6, 1364, 1, RS, III
111.6, 1417, 1, RS, III
111.6, 1433, 1, RS, III
111.7, 523, 0, FS, IV
111.7, 524, 0, FS, IV
111.7, 1290, 1, FS, IV
111.7, 1291, 1, FS, IV
111.7, 1342, 1, RS, III
111.7, 1400, 1, RS, III
111.7, 1470, 1, RS, III
111.7, 2045, 2, FS, IV
111.7, 2048, 2, FS, IV
111.7, 2049, 2, FS, IV
111.7, 2056, 2, FS, IV
111.8, 519, 0, FS, IV
111.8, 526, 0, FS, IV
111.8, 536, 0, FS, IV
111.8, 1467, 1, RS, III
111.8, 2037, 2, FS, IV
111.8, 2039, 2, FS, IV
111.8, 2042, 2, FS, IV
111.9, 525, 0, FS, IV
111.9, 1285, 1, FS, IV
111.9, 2034, 2, FS, IV
111.9, 2047, 2, FS, IV
111.9, 2050, 2, FS, IV
111.9, 2053, 2, FS, IV
111.9, 2055, 2, FS, IV
111.9, 2058, 2, FS, IV
112, 1296, 1, FS, IV
112, 1497, 1, FS, III
112, 1502, 1, FS, III
112.1, 1469, 1, RS, III
112.1, 2051, 2, FS, IV
112.1, 2810, 3, FS, IV
112.1, 2813, 3, FS, IV
112.2, 1175, 1, IB, V
112.2, 1289, 1, FS, IV
112.2, 1337, 1, RS, III
112.2, 1473, 1, RS, III
112.2, 1478, 1, FS, III
112.3, 1273, 1, FS, IV
112.3, 1500, 1, FS, III
112.3, 2041, 2, FS, IV
112.3, 2044, 2, FS, IV
112.3, 2798, 3, FS, IV
112.4, 1494, 1, FS, III
112.4, 2057, 2, FS, IV
112.5, 1284, 1, FS, IV
112.5, 1390, 1, RS, III
112.5, 1491, 1, FS, III
112.6, 1283, 1, FS, IV
112.6, 1458, 1, RS, III
112.6, 1486, 1, FS, III
112.6, 1488, 1, FS, III
112.7, 1345, 1, RS, III
112.7, 1474, 1, FS, III
112.7, 2797, 3, FS, IV
112.8, 1054, 1, RS, V
112.8, 1114, 1, RS, V
112.8, 1476, 1, FS, III
112.8, 1484, 1, FS, III
112.8, 1503, 1, FS, III
112.8, 2803, 3, FS, IV
112.8, 2805, 3, FS, IV
112.9, 604, 0, RS, III
112.9, 1038, 1, RS, V
112.9, 1086, 1, RS, V
112.9, 1101, 1, RS, V
112.9, 1113, 1, RS, V
112.9, 1123, 1, RS, V
112.9, 1188, 1, IB, V
112.9, 1489, 1, FS, III
113, 1063, 1, RS, V
113, 1079, 1, RS, V
113, 1082, 1, RS, V
113, 1098, 1, RS, V
113, 1184, 1, IB, V
113, 1479, 1, FS, III
113, 1483, 1, FS, III
113, 2799, 3, FS, IV
113.1, 1080, 1, RS, V
113.1, 1180, 1, IB, V
113.2, 1037, 1, RS, V
113.2, 1060, 1, RS, V
113.2, 1061, 1, RS, V
113.2, 1062, 1, RS, V
113.2, 1075, 1, RS, V
113.2, 1112, 1, RS, V
113.2, 1121, 1, RS, V
113.2, 1177, 1, IB, V
113.2, 1178, 1, IB, V
113.2, 1480, 1, FS, III
113.2, 2272, 2, LTS, III
113.2, 2811, 3, FS, IV
113.2, 2814, 3, FS, IV
113.3, 723, 0, FS, III
113.3, 1056, 1, RS, V
113.3, 1059, 1, RS, V
113.3, 1081, 1, RS, V
113.3, 1088, 1, RS, V
113.3, 1182, 1, IB, V
113.3, 1187, 1, IB, V
113.3, 2248, 2, FS, III
113.3, 2260, 2, FS, III
113.4, 1036, 1, RS, V
113.4, 1183, 1, IB, V
113.4, 1303, 1, LTS, IV
113.4, 1481, 1, FS, III
113.5, 548, 0, RS, III
113.5, 549, 0, RS, III
113.5, 719, 0, FS, III
113.5, 1049, 1, RS, V
113.5, 1051, 1, RS, V
113.5, 1179, 1, IB, V
113.5, 1181, 1, IB, V
113.5, 1190, 1, IB, V
113.5, 1492, 1, FS, III
113.5, 1496, 1, FS, III
113.5, 1499, 1, FS, III
113.6, 726, 0, FS, III
113.6, 733, 0, FS, III
113.6, 1044, 1, RS, V
113.6, 1083, 1, RS, V
113.6, 1089, 1, RS, V
113.6, 1106, 1, RS, V
113.6, 1107, 1, RS, V
113.6, 1109, 1, RS, V
113.6, 1115, 1, RS, V
113.6, 1326, 1, RS, III
113.6, 1482, 1, FS, III
113.6, 2258, 2, FS, III
113.6, 2807, 3, FS, IV
113.7, 561, 0, RS, III
113.7, 736, 0, FS, III
113.7, 740, 0, FS, III
113.7, 741, 0, FS, III
113.7, 1043, 1, RS, V
113.7, 1046, 1, RS, V
113.7, 1053, 1, RS, V
113.7, 1055, 1, RS, V
113.7, 1087, 1, RS, V
113.7, 1099, 1, RS, V
113.7, 1176, 1, IB, V
113.7, 1191, 1, IB, V
113.7, 1501, 1, FS, III
113.7, 2245, 2, FS, III
113.7, 2255, 2, FS, III
113.8, 716, 0, FS, III
113.8, 737, 0, FS, III
113.8, 739, 0, FS, III
113.8, 1052, 1, RS, V
113.8, 1071, 1, RS, V
113.8, 1110, 1, RS, V
113.8, 1119, 1, RS, V
113.8, 1186, 1, IB, V
113.8, 1475, 1, FS, III
113.8, 1487, 1, FS, III
113.8, 2235, 2, FS, III
113.8, 2246, 2, FS, III
113.8, 2263, 2, FS, III
113.9, 558, 0, RS, III
113.9, 709, 0, RS, III
113.9, 713, 0, FS, III
113.9, 714, 0, FS, III
113.9, 728, 0, FS, III
113.9, 731, 0, FS, III
113.9, 1034, 1, RS, V
113.9, 1077, 1, RS, V
113.9, 1085, 1, RS, V
113.9, 1108, 1, RS, V
113.9, 1495, 1, FS, III
113.9, 2237, 2, FS, III
113.9, 2247, 2, FS, III
113.9, 2256, 2, FS, III
113.9, 2817, 3, FS, IV
114, 715, 0, FS, III
114, 732, 0, FS, III
114, 734, 0, FS, III
114, 743, 0, FS, III
114, 1057, 1, RS, V
114, 1094, 1, RS, V
114, 1096, 1, RS, V
114, 1111, 1, RS, V
114, 1185, 1, IB, V
114, 1300, 1, LTS, IV
114, 2241, 2, FS, III
114.1, 722, 0, FS, III
114.1, 729, 0, FS, III
114.1, 738, 0, FS, III
114.1, 1033, 1, RS, V
114.1, 1058, 1, RS, V
114.1, 1065, 1, RS, V
114.1, 1073, 1, RS, V
114.1, 1090, 1, RS, V
114.1, 1116, 1, RS, V
114.1, 1117, 1, RS, V
114.1, 2242, 2, FS, III
114.1, 2250, 2, FS, III
114.2, 724, 0, FS, III
114.2, 1040, 1, RS, V
114.2, 1041, 1, RS, V
114.2, 1047, 1, RS, V
114.2, 1050, 1, RS, V
114.2, 1067, 1, RS, V
114.2, 1072, 1, RS, V
114.2, 1078, 1, RS, V
114.2, 1091, 1, RS, V
114.2, 1095, 1, RS, V
114.2, 1102, 1, RS, V
114.2, 1118, 1, RS, V
114.2, 1174, 1, IB, V
114.2, 1192, 1, IB, V
114.2, 2257, 2, FS, III
114.2, 2262, 2, FS, III
114.2, 2804, 3, FS, IV
114.3, 718, 0, FS, III
114.3, 1042, 1, RS, V
114.3, 1064, 1, RS, V
114.3, 1076, 1, RS, V
114.3, 1092, 1, RS, V
114.3, 1103, 1, RS, V
114.3, 2238, 2, FS, III
114.3, 2244, 2, FS, III
114.3, 2254, 2, FS, III
114.3, 2264, 2, FS, III
114.3, 2265, 2, FS, III
114.4, 735, 0, FS, III
114.4, 1035, 1, RS, V
114.4, 1045, 1, RS, V
114.4, 1066, 1, RS, V
114.4, 1070, 1, RS, V
114.4, 1105, 1, RS, V
114.4, 1490, 1, FS, III
114.5, 727, 0, FS, III
114.5, 1097, 1, RS, V
114.5, 1104, 1, RS, V
114.5, 1173, 1, IB, V
114.5, 1189, 1, IB, V
114.6, 720, 0, FS, III
114.6, 1048, 1, RS, V
114.6, 1069, 1, RS, V
114.6, 1084, 1, RS, V
114.6, 1100, 1, RS, V
114.6, 2259, 2, FS, III
114.6, 3302, 4, LTS, VI
114.6, 3452, 4, LTS, V
114.7, 702, 0, RS, III
114.7, 725, 0, FS, III
114.7, 1074, 1, RS, V
114.7, 1120, 1, RS, V
114.7, 1498, 1, FS, III
114.7, 2236, 2, FS, III
114.7, 2261, 2, FS, III
114.7, 2819, 3, FS, IV
114.8, 673, 0, RS, III
114.8, 717, 0, FS, III
114.8, 1093, 1, RS, V
114.8, 2243, 2, FS, III
114.8, 2816, 3, FS, IV
114.9, 730, 0, FS, III
114.9, 1068, 1, RS, V
114.9, 1497, 1, FS, III
114.9, 1502, 1, FS, III
114.9, 1504, 1, FS, III
114.9, 2240, 2, FS, III
114.9, 2251, 2, FS, III
114.9, 2253, 2, FS, III
115, 721, 0, FS, III
115, 1122, 1, RS, V
115.1, 600, 0, RS, III
115.1, 609, 0, RS, III
115.1, 1477, 1, FS, III
115.2, 742, 0, FS, III
115.2, 1378, 1, RS, III
115.2, 1409, 1, RS, III
115.2, 1444, 1, RS, III
115.2, 1457, 1, RS, III
115.2, 1471, 1, RS, III
115.2, 2249, 2, FS, III
115.2, 2808, 3, FS, IV
115.2, 3002, 3, FS, III
115.2, 3020, 3, FS, III
115.3, 565, 0, RS, III
115.3, 1039, 1, RS, V
115.3, 1366, 1, RS, III
115.3, 1412, 1, RS, III
115.3, 1420, 1, RS, III
115.3, 1463, 1, RS, III
115.4, 1129, 1, FS, V
115.4, 1416, 1, RS, III
115.4, 1427, 1, RS, III
115.4, 1435, 1, RS, III
115.4, 1449, 1, RS, III
115.4, 2101, 2, RS, III
115.4, 2239, 2, FS, III
115.5, 1307, 1, RS, III
115.5, 1360, 1, RS, III
115.5, 1377, 1, RS, III
115.5, 1395, 1, RS, III
115.5, 1396, 1, RS, III
115.5, 1430, 1, RS, III
115.5, 1462, 1, RS, III
115.5, 1486, 1, FS, III
115.6, 636, 0, RS, III
115.6, 1175, 1, IB, V
115.6, 1383, 1, RS, III
115.6, 1421, 1, RS, III
115.6, 1454, 1, RS, III
115.6, 2252, 2, FS, III
115.7, 555, 0, RS, III
115.7, 1133, 1, FS, V
115.7, 1340, 1, RS, III
115.7, 1349, 1, RS, III
115.7, 1352, 1, RS, III
115.7, 1359, 1, RS, III
115.7, 1401, 1, RS, III
115.7, 1472, 1, RS, III
115.7, 1478, 1, FS, III
115.8, 1124, 1, FS, V
115.8, 1149, 1, FS, V
115.8, 1309, 1, RS, III
115.8, 1314, 1, RS, III
115.8, 1386, 1, RS, III
115.8, 1434, 1, RS, III
115.8, 1437, 1, RS, III
115.8, 1447, 1, RS, III
115.8, 1489, 1, FS, III
115.9, 1126, 1, FS, V
115.9, 1142, 1, FS, V
115.9, 1145, 1, FS, V
115.9, 1362, 1, RS, III
115.9, 1368, 1, RS, III
115.9, 1369, 1, RS, III
115.9, 1373, 1, RS, III
115.9, 1387, 1, RS, III
115.9, 1445, 1, RS, III
115.9, 1460, 1, RS, III
116, 1127, 1, FS, V
116, 1130, 1, FS, V
116, 1136, 1, FS, V
116, 1147, 1, FS, V
116, 1150, 1, FS, V
116, 1312, 1, RS, III
116, 1327, 1, RS, III
116, 1339, 1, RS, III
116, 1371, 1, RS, III
116, 1379, 1, RS, III
116, 1382, 1, RS, III
116, 1392, 1, RS, III
116, 1415, 1, RS, III
116, 1419, 1, RS, III
116, 1456, 1, RS, III
116, 1466, 1, RS, III
116, 3000, 3, FS, III
116.1, 1128, 1, FS, V
116.1, 1137, 1, FS, V
116.1, 1139, 1, FS, V
116.1, 1140, 1, FS, V
116.1, 1143, 1, FS, V
116.1, 1144, 1, FS, V
116.1, 1148, 1, FS, V
116.1, 1153, 1, FS, V
116.1, 1323, 1, RS, III
116.1, 1361, 1, RS, III
116.1, 1374, 1, RS, III
116.1, 1388, 1, RS, III
116.1, 1410, 1, RS, III
116.1, 1429, 1, RS, III
116.1, 1438, 1, RS, III
116.1, 1441, 1, RS, III
116.1, 1446, 1, RS, III
116.1, 1464, 1, RS, III
116.2, 723, 0, FS, III
116.2, 1125, 1, FS, V
116.2, 1131, 1, FS, V
116.2, 1135, 1, FS, V
116.2, 1152, 1, FS, V
116.2, 1310, 1, RS, III
116.2, 1316, 1, RS, III
116.2, 1332, 1, RS, III
116.2, 1338, 1, RS, III
116.2, 1357, 1, RS, III
116.2, 1380, 1, RS, III
116.2, 1389, 1, RS, III
116.2, 1402, 1, RS, III
116.2, 1423, 1, RS, III
116.2, 1468, 1, RS, III
116.2, 2260, 2, FS, III
116.2, 2998, 3, FS, III
116.2, 3023, 3, FS, III
116.3, 1138, 1, FS, V
116.3, 1141, 1, FS, V
116.3, 1188, 1, IB, V
116.3, 1318, 1, RS, III
116.3, 1325, 1, RS, III
116.3, 1348, 1, RS, III
116.3, 1405, 1, RS, III
116.3, 1428, 1, RS, III
116.3, 1453, 1, RS, III
116.3, 2172, 2, RS, III
116.3, 2248, 2, FS, III
116.3, 3005, 3, FS, III
116.3, 3024, 3, FS, III
116.4, 597, 0, RS, III
116.4, 719, 0, FS, III
116.4, 1132, 1, FS, V
116.4, 1134, 1, FS, V
116.4, 1146, 1, FS, V
116.4, 1184, 1, IB, V
116.4, 1385, 1, RS, III
116.4, 1397, 1, RS, III
116.4, 1431, 1, RS, III
116.5, 699, 0, RS, III
116.5, 726, 0, FS, III
116.5, 733, 0, FS, III
116.5, 1151, 1, FS, V
116.5, 1180, 1, IB, V
116.5, 1313, 1, RS, III
116.5, 1336, 1, RS, III
116.5, 1346, 1, RS, III
116.5, 1370, 1, RS, III
116.5, 1381, 1, RS, III
116.5, 1406, 1, RS, III
116.5, 1426, 1, RS, III
116.5, 1465, 1, RS, III
116.5, 3006, 3, FS, III
116.5, 3010, 3, FS, III
116.6, 382, 0, FS, V
116.6, 740, 0, FS, III
116.6, 1177, 1, IB, V
116.6, 1178, 1, IB, V
116.6, 1311, 1, RS, III
116.6, 1333, 1, RS, III
116.6, 1343, 1, RS, III
116.6, 1354, 1, RS, III
116.6, 1375, 1, RS, III
116.6, 1384, 1, RS, III
116.6, 1391, 1, RS, III
116.6, 1413, 1, RS, III
116.6, 1440, 1, RS, III
116.6, 1455, 1, RS, III
116.7, 363, 0, FS, V
116.7, 684, 0, RS, III
116.7, 716, 0, FS, III
116.7, 737, 0, FS, III
116.7, 1182, 1, IB, V
116.7, 1187, 1, IB, V
116.7, 1344, 1, RS, III
116.7, 1347, 1, RS, III
116.7, 1399, 1, RS, III
116.7, 1411, 1, RS, III
116.7, 1414, 1, RS, III
116.7, 1450, 1, RS, III
116.7, 1452, 1, RS, III
116.7, 1895, 2, FS, V
116.7, 1910, 2, FS, V
116.7, 2235, 2, FS, III
116.7, 2263, 2, FS, III
116.7, 3007, 3, FS, III
116.7, 3009, 3, FS, III
116.8, 376, 0, FS, V
116.8, 388, 0, FS, V
116.8, 691, 0, RS, III
116.8, 728, 0, FS, III
116.8, 731, 0, FS, III
116.8, 1183, 1, IB, V
116.8, 1320, 1, RS, III
116.8, 1330, 1, RS, III
116.8, 1363, 1, RS, III
116.8, 1394, 1, RS, III
116.8, 1408, 1, RS, III
116.8, 1439, 1, RS, III
116.8, 1461, 1, RS, III
116.8, 1488, 1, FS, III
116.8, 1887, 2, FS, V
116.8, 2189, 2, RS, III
116.8, 2237, 2, FS, III
116.8, 2247, 2, FS, III
116.8, 2256, 2, FS, III
116.8, 3003, 3, FS, III
116.8, 3018, 3, FS, III
116.9, 366, 0, FS, V
116.9, 368, 0, FS, V
116.9, 374, 0, FS, V
116.9, 383, 0, FS, V
116.9, 392, 0, FS, V
116.9, 1179, 1, IB, V
116.9, 1181, 1, IB, V
116.9, 1190, 1, IB, V
116.9, 1329, 1, RS, III
116.9, 1398, 1, RS, III
116.9, 1404, 1, RS, III
116.9, 1443, 1, RS, III
116.9, 1485, 1, FS, III
116.9, 1903, 2, FS, V
116.9, 1907, 2, FS, V
116.9, 1911, 2, FS, V
116.9, 2241, 2, FS, III
117, 372, 0, FS, V
117, 378, 0, FS, V
117, 722, 0, FS, III
117, 734, 0, FS, III
117, 1324, 1, RS, III
117, 1885, 2, FS, V
117, 1888, 2, FS, V
117, 1896, 2, FS, V
117, 1908, 2, FS, V
117, 2071, 2, RS, III
117, 2242, 2, FS, III
117, 2255, 2, FS, III
117, 3011, 3, FS, III
117.1, 370, 0, FS, V
117.1, 375, 0, FS, V
117.1, 379, 0, FS, V
117.1, 385, 0, FS, V
117.1, 1176, 1, IB, V
117.1, 1191, 1, IB, V
117.1, 1334, 1, RS, III
117.1, 1407, 1, RS, III
117.1, 1432, 1, RS, III
117.1, 1900, 2, FS, V
117.1, 1905, 2, FS, V
117.1, 3001, 3, FS, III
117.1, 3021, 3, FS, III
117.2, 367, 0, FS, V
117.2, 373, 0, FS, V
117.2, 377, 0, FS, V
117.2, 386, 0, FS, V
117.2, 1186, 1, IB, V
117.2, 1331, 1, RS, III
117.2, 1355, 1, RS, III
117.2, 1372, 1, RS, III
117.2, 1403, 1, RS, III
117.2, 1418, 1, RS, III
117.2, 1422, 1, RS, III
117.2, 1474, 1, FS, III
117.2, 1886, 2, FS, V
117.2, 1899, 2, FS, V
117.2, 1901, 2, FS, V
117.2, 1914, 2, FS, V
117.2, 3019, 3, FS, III
117.3, 369, 0, FS, V
117.3, 387, 0, FS, V
117.3, 389, 0, FS, V
117.3, 390, 0, FS, V
117.3, 391, 0, FS, V
117.3, 1315, 1, RS, III
117.3, 1353, 1, RS, III
117.3, 1425, 1, RS, III
117.3, 1897, 2, FS, V
117.3, 1904, 2, FS, V
117.3, 1912, 2, FS, V
117.3, 2997, 3, FS, III
117.4, 364, 0, FS, V
117.4, 365, 0, FS, V
117.4, 380, 0, FS, V
117.4, 1185, 1, IB, V
117.4, 1308, 1, RS, III
117.4, 1321, 1, RS, III
117.4, 1376, 1, RS, III
117.4, 1393, 1, RS, III
117.4, 1889, 2, FS, V
117.4, 1890, 2, FS, V
117.5, 381, 0, FS, V
117.5, 1365, 1, RS, III
117.5, 1442, 1, RS, III
117.5, 1892, 2, FS, V
117.5, 1906, 2, FS, V
117.5, 1909, 2, FS, V
117.5, 3004, 3, FS, III
117.5, 3016, 3, FS, III
117.5, 3022, 3, FS, III
117.6, 371, 0, FS, V
117.6, 1174, 1, IB, V
117.6, 1192, 1, IB, V
117.6, 1891, 2, FS, V
117.6, 1902, 2, FS, V
117.6, 3014, 3, FS, III
117.7, 384, 0, FS, V
117.7, 1317, 1, RS, III
117.7, 1341, 1, RS, III
117.7, 1351, 1, RS, III
117.7, 1893, 2, FS, V
117.7, 3013, 3, FS, III
117.8, 1502, 1, FS, III
117.8, 1894, 2, FS, V
117.8, 2258, 2, FS, III
117.8, 3012, 3, FS, III
117.9, 741, 0, FS, III
117.9, 1173, 1, IB, V
117.9, 1189, 1, IB, V
117.9, 1350, 1, RS, III
117.9, 1364, 1, RS, III
117.9, 1898, 2, FS, V
118, 1342, 1, RS, III
118, 1400, 1, RS, III
118, 1490, 1, FS, III
118, 1913, 2, FS, V
118, 2127, 2, RS, III
118.1, 1298, 1, LTS, IV
118.1, 1335, 1, RS, III
118.1, 1467, 1, RS, III
118.1, 1480, 1, FS, III
118.1, 2999, 3, FS, III
118.2, 724, 0, FS, III
118.2, 739, 0, FS, III
118.2, 1482, 1, FS, III
118.3, 1129, 1, FS, V
118.3, 1481, 1, FS, III
118.4, 1496, 1, FS, III
118.4, 2996, 3, FS, III
118.5, 1473, 1, RS, III
118.5, 3008, 3, FS, III
118.6, 1133, 1, FS, V
118.6, 1478, 1, FS, III
118.6, 1479, 1, FS, III
118.6, 1491, 1, FS, III
118.6, 3025, 3, FS, III
118.7, 1019, 1, LTS, VI
118.7, 1124, 1, FS, V
118.7, 1149, 1, FS, V
118.7, 1503, 1, FS, III
118.7, 2250, 2, FS, III
118.8, 1126, 1, FS, V
118.8, 1142, 1, FS, V
118.8, 1145, 1, FS, V
118.8, 1300, 1, LTS, IV
118.8, 1304, 1, LTS, IV
118.8, 1497, 1, FS, III
118.9, 1127, 1, FS, V
118.9, 1130, 1, FS, V
118.9, 1136, 1, FS, V
118.9, 1147, 1, FS, V
118.9, 1150, 1, FS, V
118.9, 1520, 1, LTS, III
119, 1128, 1, FS, V
119, 1137, 1, FS, V
119, 1139, 1, FS, V
119, 1140, 1, FS, V
119, 1143, 1, FS, V
119, 1144, 1, FS, V
119, 1148, 1, FS, V
119, 1153, 1, FS, V
119, 1175, 1, IB, V
119, 1345, 1, RS, III
119, 1487, 1, FS, III
119.1, 1054, 1, RS, V
119.1, 1114, 1, RS, V
119.1, 1125, 1, FS, V
119.1, 1131, 1, FS, V
119.1, 1135, 1, FS, V
119.1, 1152, 1, FS, V
119.1, 1486, 1, FS, III
119.1, 1489, 1, FS, III
119.2, 1038, 1, RS, V
119.2, 1086, 1, RS, V
119.2, 1101, 1, RS, V
119.2, 1113, 1, RS, V
119.2, 1123, 1, RS, V
119.2, 1138, 1, FS, V
119.2, 1141, 1, FS, V
119.2, 1494, 1, FS, III
119.3, 1063, 1, RS, V
119.3, 1079, 1, RS, V
119.3, 1082, 1, RS, V
119.3, 1098, 1, RS, V
119.3, 1132, 1, FS, V
119.3, 1134, 1, FS, V
119.3, 1146, 1, FS, V
119.3, 1322, 1, RS, III
119.3, 1492, 1, FS, III
119.3, 1495, 1, FS, III
119.4, 1080, 1, RS, V
119.4, 1151, 1, FS, V
119.4, 2681, 3, LTS, V
119.5, 382, 0, FS, V
119.5, 1037, 1, RS, V
119.5, 1060, 1, RS, V
119.5, 1061, 1, RS, V
119.5, 1062, 1, RS, V
119.5, 1075, 1, RS, V
119.5, 1112, 1, RS, V
119.5, 1121, 1, RS, V
119.5, 1476, 1, FS, III
119.6, 363, 0, FS, V
119.6, 1056, 1, RS, V
119.6, 1059, 1, RS, V
119.6, 1081, 1, RS, V
119.6, 1088, 1, RS, V
119.6, 1483, 1, FS, III
119.6, 1513, 1, LTS, III
119.6, 1895, 2, FS, V
119.6, 1910, 2, FS, V
119.7, 376, 0, FS, V
119.7, 388, 0, FS, V
119.7, 1036, 1, RS, V
119.7, 1188, 1, IB, V
119.7, 1484, 1, FS, III
119.7, 1488, 1, FS, III
119.7, 1501, 1, FS, III
119.7, 1887, 2, FS, V
119.8, 366, 0, FS, V
119.8, 368, 0, FS, V
119.8, 374, 0, FS, V
119.8, 383, 0, FS, V
119.8, 392, 0, FS, V
119.8, 1049, 1, RS, V
119.8, 1051, 1, RS, V
119.8, 1184, 1, IB, V
119.8, 1477, 1, FS, III
119.8, 1485, 1, FS, III
119.8, 1903, 2, FS, V
119.8, 1907, 2, FS, V
119.8, 1911, 2, FS, V
119.9, 372, 0, FS, V
119.9, 378, 0, FS, V
119.9, 1044, 1, RS, V
119.9, 1083, 1, RS, V
119.9, 1089, 1, RS, V
119.9, 1106, 1, RS, V
119.9, 1107, 1, RS, V
119.9, 1109, 1, RS, V
119.9, 1115, 1, RS, V
119.9, 1180, 1, IB, V
119.9, 1521, 1, LTS, III
119.9, 1885, 2, FS, V
119.9, 1888, 2, FS, V
119.9, 1896, 2, FS, V
119.9, 1908, 2, FS, V
120, 370, 0, FS, V
120, 375, 0, FS, V
120, 379, 0, FS, V
120, 385, 0, FS, V
120, 1043, 1, RS, V
120, 1046, 1, RS, V
120, 1053, 1, RS, V
120, 1055, 1, RS, V
120, 1087, 1, RS, V
120, 1099, 1, RS, V
120, 1177, 1, IB, V
120, 1178, 1, IB, V
120, 1475, 1, FS, III
120, 1900, 2, FS, V
120, 1905, 2, FS, V
120.1, 319, 0, RS, V
120.1, 367, 0, FS, V
120.1, 373, 0, FS, V
120.1, 377, 0, FS, V
120.1, 386, 0, FS, V
120.1, 421, 0, IB, V
120.1, 1052, 1, RS, V
120.1, 1071, 1, RS, V
120.1, 1110, 1, RS, V
120.1, 1119, 1, RS, V
120.1, 1182, 1, IB, V
120.1, 1187, 1, IB, V
120.1, 1474, 1, FS, III
120.1, 1498, 1, FS, III
120.1, 1886, 2, FS, V
120.1, 1899, 2, FS, V
120.1, 1901, 2, FS, V
120.1, 1914, 2, FS, V
120.2, 298, 0, RS, V
120.2, 369, 0, FS, V
120.2, 387, 0, FS, V
120.2, 389, 0, FS, V
120.2, 390, 0, FS, V
120.2, 391, 0, FS, V
120.2, 1034, 1, RS, V
120.2, 1077, 1, RS, V
120.2, 1085, 1, RS, V
120.2, 1108, 1, RS, V
120.2, 1183, 1, IB, V
120.2, 1500, 1, FS, III
120.2, 1504, 1, FS, III
120.2, 1897, 2, FS, V
120.2, 1904, 2, FS, V
120.2, 1912, 2, FS, V
120.3, 364, 0, FS, V
120.3, 365, 0, FS, V
120.3, 380, 0, FS, V
120.3, 1057, 1, RS, V
120.3, 1094, 1, RS, V
120.3, 1096, 1, RS, V
120.3, 1111, 1, RS, V
120.3, 1179, 1, IB, V
120.3, 1181, 1, IB, V
120.3, 1190, 1, IB, V
120.3, 1517, 1, LTS, III
120.3, 1889, 2, FS, V
120.3, 1890, 2, FS, V
120.4, 381, 0, FS, V
120.4, 1033, 1, RS, V
120.4, 1058, 1, RS, V
120.4, 1065, 1, RS, V
120.4, 1073, 1, RS, V
120.4, 1090, 1, RS, V
120.4, 1116, 1, RS, V
120.4, 1117, 1, RS, V
120.4, 1499, 1, FS, III
120.4, 1511, 1, LTS, III
120.4, 1892, 2, FS, V
120.4, 1906, 2, FS, V
120.4, 1909, 2, FS, V
120.5, 371, 0, FS, V
120.5, 1040, 1, RS, V
120.5, 1041, 1, RS, V
120.5, 1047, 1, RS, V
120.5, 1050, 1, RS, V
120.5, 1067, 1, RS, V
120.5, 1072, 1, RS, V
120.5, 1078, 1, RS, V
120.5, 1091, 1, RS, V
120.5, 1095, 1, RS, V
120.5, 1102, 1, RS, V
120.5, 1118, 1, RS, V
120.5, 1176, 1, IB, V
120.5, 1191, 1, IB, V
120.5, 1509, 1, LTS, III
120.5, 1891, 2, FS, V
120.5, 1902, 2, FS, V
120.6, 426, 0, IB, V
120.6, 1042, 1, RS, V
120.6, 1064, 1, RS, V
120.6, 1076, 1, RS, V
120.6, 1092, 1, RS, V
120.6, 1103, 1, RS, V
120.6, 1186, 1, IB, V
120.6, 1507, 1, LTS, III
120.6, 1893, 2, FS, V
120.6, 2653, 3, FS, V
120.7, 423, 0, IB, V
120.7, 1035, 1, RS, V
120.7, 1045, 1, RS, V
120.7, 1066, 1, RS, V
120.7, 1070, 1, RS, V
120.7, 1105, 1, RS, V
120.7, 1493, 1, FS, III
120.7, 1502, 1, FS, III
120.8, 1097, 1, RS, V
120.8, 1104, 1, RS, V
120.8, 1185, 1, IB, V
120.9, 1048, 1, RS, V
120.9, 1069, 1, RS, V
120.9, 1084, 1, RS, V
120.9, 1100, 1, RS, V
120.9, 1490, 1, FS, III
120.9, 1894, 2, FS, V
121, 1074, 1, RS, V
121, 1120, 1, RS, V
121, 1174, 1, IB, V
121, 1192, 1, IB, V
121, 1480, 1, FS, III
121.1, 1093, 1, RS, V
121.1, 1482, 1, FS, III
121.2, 425, 0, IB, V
121.2, 1068, 1, RS, V
121.2, 1129, 1, FS, V
121.2, 1356, 1, RS, III
121.2, 1481, 1, FS, III
121.2, 2659, 3, FS, V
121.3, 945, 1, RS, VI
121.3, 1122, 1, RS, V
121.3, 1173, 1, IB, V
121.3, 1189, 1, IB, V
121.3, 1496, 1, FS, III
121.3, 1898, 2, FS, V
121.4, 424, 0, IB, V
121.5, 417, 0, IB, V
121.5, 1133, 1, FS, V
121.5, 1471, 1, RS, III
121.5, 1478, 1, FS, III
121.5, 1479, 1, FS, III
121.5, 1491, 1, FS, III
121.5, 2244, 2, FS, III
121.5, 2656, 3, FS, V
121.6, 1039, 1, RS, V
121.6, 1124, 1, FS, V
121.6, 1149, 1, FS, V
121.6, 1319, 1, RS, III
121.6, 1503, 1, FS, III
121.6, 2655, 3, FS, V
121.7, 1126, 1, FS, V
121.7, 1142, 1, FS, V
121.7, 1145, 1, FS, V
121.7, 1306, 1, LTS, IV
121.7, 1497, 1, FS, III
121.8, 1127, 1, FS, V
121.8, 1130, 1, FS, V
121.8, 1136, 1, FS, V
121.8, 1147, 1, FS, V
121.8, 1150, 1, FS, V
121.8, 1307, 1, RS, III
121.8, 1462, 1, RS, III
121.8, 1913, 2, FS, V
121.8, 2674, 3, FS, V
121.9, 1128, 1, FS, V
121.9, 1137, 1, FS, V
121.9, 1139, 1, FS, V
121.9, 1140, 1, FS, V
121.9, 1143, 1, FS, V
121.9, 1144, 1, FS, V
121.9, 1148, 1, FS, V
121.9, 1153, 1, FS, V
121.9, 1487, 1, FS, III
121.9, 1512, 1, LTS, III
122, 428, 0, IB, V
122, 1125, 1, FS, V
122, 1131, 1, FS, V
122, 1135, 1, FS, V
122, 1152, 1, FS, V
122, 1340, 1, RS, III
122, 1401, 1, RS, III
122, 1486, 1, FS, III
122, 1489, 1, FS, III
122, 2665, 3, FS, V
122, 2672, 3, FS, V
122.1, 359, 0, RS, V
122.1, 1138, 1, FS, V
122.1, 1141, 1, FS, V
122.1, 1447, 1, RS, III
122.1, 1494, 1, FS, III
122.1, 2657, 3, FS, V
122.2, 418, 0, IB, V
122.2, 1132, 1, FS, V
122.2, 1134, 1, FS, V
122.2, 1146, 1, FS, V
122.2, 1492, 1, FS, III
122.2, 1495, 1, FS, III
122.2, 1519, 1, LTS, III
122.3, 955, 1, RS, VI
122.3, 1151, 1, FS, V
122.3, 1466, 1, RS, III
122.4, 1175, 1, IB, V
122.4, 1476, 1, FS, III
122.5, 1332, 1, RS, III
122.5, 1380, 1, RS, III
122.5, 2654, 3, FS, V
122.5, 2662, 3, FS, V
122.5, 2670, 3, FS, V
122.6, 1488, 1, FS, III
122.6, 1501, 1, FS, III
122.6, 1506, 1, LTS, III
122.7, 366, 0, FS, V
122.7, 1397, 1, RS, III
122.7, 2648, 3, FS, V
122.8, 374, 0, FS, V
122.8, 1348, 1, RS, III
122.8, 1370, 1, RS, III
122.9, 368, 0, FS, V
122.9, 1298, 1, LTS, IV
122.9, 1905, 2, FS, V
123, 382, 0, FS, V
123, 1474, 1, FS, III
123, 1485, 1, FS, III
123, 1888, 2, FS, V
123.1, 932, 1, RS, VI
123.1, 1188, 1, IB, V
123.1, 1330, 1, RS, III
123.1, 1408, 1, RS, III
123.1, 1439, 1, RS, III
123.1, 1441, 1, RS, III
123.1, 1444, 1, RS, III
123.1, 1895, 2, FS, V
123.2, 781, 1, RS, VI
123.2, 1184, 1, IB, V
123.2, 1443, 1, RS, III
123.3, 1180, 1, IB, V
123.3, 1324, 1, RS, III
123.3, 1896, 2, FS, V
123.4, 1177, 1, IB, V
123.4, 1178, 1, IB, V
123.4, 1398, 1, RS, III
123.5, 392, 0, FS, V
123.5, 1182, 1, IB, V
123.5, 1187, 1, IB, V
123.5, 1418, 1, RS, III
123.5, 1908, 2, FS, V
123.5, 2668, 3, FS, V
123.6, 363, 0, FS, V
123.6, 1183, 1, IB, V
123.6, 1300, 1, LTS, IV
123.6, 1304, 1, LTS, IV
123.6, 1502, 1, FS, III
123.6, 2673, 3, FS, V
123.7, 249, 0, LTS, VI
123.7, 427, 0, IB, V
123.7, 1179, 1, IB, V
123.7, 1181, 1, IB, V
123.7, 1190, 1, IB, V
123.7, 1520, 1, LTS, III
123.7, 1912, 2, FS, V
123.7, 2671, 3, FS, V
123.8, 1299, 1, LTS, IV
123.8, 1483, 1, FS, III
123.8, 1490, 1, FS, III
123.8, 2647, 3, FS, V
123.9, 367, 0, FS, V
123.9, 376, 0, FS, V
123.9, 1176, 1, IB, V
123.9, 1191, 1, IB, V
123.9, 1480, 1, FS, III
124, 1186, 1, IB, V
124, 1317, 1, RS, III
124, 1421, 1, RS, III
124, 2660, 3, FS, V
124.1, 379, 0, FS, V
124.1, 1129, 1, FS, V
124.1, 1468, 1, RS, III
124.1, 1477, 1, FS, III
124.1, 1481, 1, FS, III
124.1, 2661, 3, FS, V
124.2, 1185, 1, IB, V
124.2, 1302, 1, LTS, IV
124.2, 1388, 1, RS, III
124.2, 1482, 1, FS, III
124.2, 1496, 1, FS, III
124.2, 2675, 3, FS, V
124.3, 934, 1, RS, VI
124.3, 1903, 2, FS, V
124.4, 383, 0, FS, V
124.4, 422, 0, IB, V
124.4, 796, 1, RS, VI
124.4, 847, 1, RS, VI
124.4, 938, 1, RS, VI
124.4, 1133, 1, FS, V
124.4, 1174, 1, IB, V
124.4, 1192, 1, IB, V
124.4, 1301, 1, LTS, IV
124.4, 1303, 1, LTS, IV
124.4, 1478, 1, FS, III
124.4, 1513, 1, LTS, III
124.5, 365, 0, FS, V
124.5, 373, 0, FS, V
124.5, 385, 0, FS, V
124.5, 797, 1, RS, VI
124.5, 1124, 1, FS, V
124.5, 1149, 1, FS, V
124.5, 1479, 1, FS, III
124.6, 907, 1, RS, VI
124.6, 1126, 1, FS, V
124.6, 1142, 1, FS, V
124.6, 1145, 1, FS, V
124.6, 1491, 1, FS, III
124.7, 1127, 1, FS, V
124.7, 1130, 1, FS, V
124.7, 1136, 1, FS, V
124.7, 1147, 1, FS, V
124.7, 1150, 1, FS, V
124.7, 1173, 1, IB, V
124.7, 1189, 1, IB, V
124.7, 1305, 1, LTS, IV
124.7, 1445, 1, RS, III
124.7, 1503, 1, FS, III
124.7, 1521, 1, LTS, III
124.8, 369, 0, FS, V
124.8, 1128, 1, FS, V
124.8, 1137, 1, FS, V
124.8, 1139, 1, FS, V
124.8, 1140, 1, FS, V
124.8, 1143, 1, FS, V
124.8, 1144, 1, FS, V
124.8, 1148, 1, FS, V
124.8, 1153, 1, FS, V
124.8, 3446, 4, LTS, V
124.9, 375, 0, FS, V
124.9, 767, 1, RS, VI
124.9, 951, 1, RS, VI
124.9, 1125, 1, FS, V
124.9, 1131, 1, FS, V
124.9, 1135, 1, FS, V
124.9, 1152, 1, FS, V
124.9, 1339, 1, RS, III
124.9, 1497, 1, FS, III
124.9, 2653, 3, FS, V
125, 386, 0, FS, V
125, 900, 1, RS, VI
125, 1138, 1, FS, V
125, 1141, 1, FS, V
125.1, 761, 1, RS, VI
125.1, 882, 1, RS, VI
125.1, 1132, 1, FS, V
125.1, 1134, 1, FS, V
125.1, 1146, 1, FS, V
125.1, 1495, 1, FS, III
125.1, 1914, 2, FS, V
125.2, 381, 0, FS, V
125.2, 391, 0, FS, V
125.2, 1151, 1, FS, V
125.2, 1511, 1, LTS, III
125.2, 1516, 1, LTS, III
125.2, 1898, 2, FS, V
125.3, 1476, 1, FS, III
125.3, 1494, 1, FS, III
125.3, 1509, 1, LTS, III
125.4, 388, 0, FS, V
125.4, 897, 1, RS, VI
125.4, 1054, 1, RS, V
125.4, 1114, 1, RS, V
125.4, 1507, 1, LTS, III
125.5, 377, 0, FS, V
125.5, 911, 1, RS, VI
125.5, 1038, 1, RS, V
125.5, 1086, 1, RS, V
125.5, 1101, 1, RS, V
125.5, 1113, 1, RS, V
125.5, 1123, 1, RS, V
125.5, 1488, 1, FS, III
125.5, 1886, 2, FS, V
125.6, 366, 0, FS, V
125.6, 806, 1, RS, VI
125.6, 1063, 1, RS, V
125.6, 1079, 1, RS, V
125.6, 1082, 1, RS, V
125.6, 1098, 1, RS, V
125.6, 1484, 1, FS, III
125.6, 1498, 1, FS, III
125.6, 1891, 2, FS, V
125.6, 1894, 2, FS, V
125.7, 374, 0, FS, V
125.7, 798, 1, RS, VI
125.7, 963, 1, RS, VI
125.7, 1080, 1, RS, V
125.8, 368, 0, FS, V
125.8, 1037, 1, RS, V
125.8, 1060, 1, RS, V
125.8, 1061, 1, RS, V
125.8, 1062, 1, RS, V
125.8, 1075, 1, RS, V
125.8, 1112, 1, RS, V
125.8, 1121, 1, RS, V
125.8, 1175, 1, IB, V
125.8, 1489, 1, FS, III
125.8, 1504, 1, FS, III
125.8, 1905, 2, FS, V
125.9, 382, 0, FS, V
125.9, 776, 1, RS, VI
125.9, 1056, 1, RS, V
125.9, 1059, 1, RS, V
125.9, 1081, 1, RS, V
125.9, 1088, 1, RS, V
125.9, 1474, 1, FS, III
125.9, 1888, 2, FS, V
126, 390, 0, FS, V
126, 1036, 1, RS, V
126, 1895, 2, FS, V
126, 1904, 2, FS, V
126.1, 380, 0, FS, V
126.1, 387, 0, FS, V
126.1, 389, 0, FS, V
126.1, 864, 1, RS, VI
126.1, 1049, 1, RS, V
126.1, 1051, 1, RS, V
126.2, 1044, 1, RS, V
126.2, 1083, 1, RS, V
126.2, 1089, 1, RS, V
126.2, 1106, 1, RS, V
126.2, 1107, 1, RS, V
126.2, 1109, 1, RS, V
126.2, 1115, 1, RS, V
126.2, 1896, 2, FS, V
126.3, 1043, 1, RS, V
126.3, 1046, 1, RS, V
126.3, 1053, 1, RS, V
126.3, 1055, 1, RS, V
126.3, 1087, 1, RS, V
126.3, 1099, 1, RS, V
126.3, 1897, 2, FS, V
126.4, 392, 0, FS, V
126.4, 1052, 1, RS, V
126.4, 1071, 1, RS, V
126.4, 1110, 1, RS, V
126.4, 1119, 1, RS, V
126.4, 1908, 2, FS, V
126.5, 363, 0, FS, V
126.5, 1034, 1, RS, V
126.5, 1077, 1, RS, V
126.5, 1085, 1, RS, V
126.5, 1108, 1, RS, V
126.5, 1188, 1, IB, V
126.5, 1306, 1, LTS, IV
126.5, 1502, 1, FS, III
126.6, 1057, 1, RS, V
126.6, 1094, 1, RS, V
126.6, 1096, 1, RS, V
126.6, 1111, 1, RS, V
126.6, 1184, 1, IB, V
126.6, 1430, 1, RS, III
126.6, 1902, 2, FS, V
126.7, 1033, 1, RS, V
126.7, 1058, 1, RS, V
126.7, 1065, 1, RS, V
126.7, 1073, 1, RS, V
126.7, 1090, 1, RS, V
126.7, 1116, 1, RS, V
126.7, 1117, 1, RS, V
126.7, 1180, 1, IB, V
126.7, 1490, 1, FS, III
126.7, 1512, 1, LTS, III
126.8, 258, 0, LTS, VI
126.8, 367, 0, FS, V
126.8, 1040, 1, RS, V
126.8, 1041, 1, RS, V
126.8, 1047, 1, RS, V
126.8, 1050, 1, RS, V
126.8, 1067, 1, RS, V
126.8, 1072, 1, RS, V
126.8, 1078, 1, RS, V
126.8, 1091, 1, RS, V
126.8, 1095, 1, RS, V
126.8, 1102, 1, RS, V
126.8, 1118, 1, RS, V
126.8, 1177, 1, IB, V
126.8, 1178, 1, IB, V
126.8, 1406, 1, RS, III
126.8, 2658, 3, FS, V
126.9, 764, 1, RS, VI
126.9, 1042, 1, RS, V
126.9, 1064, 1, RS, V
126.9, 1076, 1, RS, V
126.9, 1092, 1, RS, V
126.9, 1103, 1, RS, V
126.9, 1182, 1, IB, V
126.9, 1187, 1, IB, V
127, 893, 1, RS, VI
127, 1035, 1, RS, V
127, 1045, 1, RS, V
127, 1066, 1, RS, V
127, 1070, 1, RS, V
127, 1105, 1, RS, V
127, 1129, 1, FS, V
127, 1183, 1, IB, V
127, 1519, 1, LTS, III
127.1, 810, 1, RS, VI
127.1, 1097, 1, RS, V
127.1, 1104, 1, RS, V
127.1, 1179, 1, IB, V
127.1, 1181, 1, IB, V
127.1, 1190, 1, IB, V
127.1, 1899, 2, FS, V
127.1, 1901, 2, FS, V
127.2, 376, 0, FS, V
127.2, 1048, 1, RS, V
127.2, 1069, 1, RS, V
127.2, 1084, 1, RS, V
127.2, 1100, 1, RS, V
127.2, 2655, 3, FS, V
127.3, 383, 0, FS, V
127.3, 808, 1, RS, VI
127.3, 954, 1, RS, VI
127.3, 1074, 1, RS, V
127.3, 1120, 1, RS, V
127.3, 1133, 1, FS, V
127.3, 1176, 1, IB, V
127.3, 1191, 1, IB, V
127.4, 365, 0, FS, V
127.4, 373, 0, FS, V
127.4, 385, 0, FS, V
127.4, 1093, 1, RS, V
127.4, 1124, 1, FS, V
127.4, 1149, 1, FS, V
127.4, 1186, 1, IB, V
127.5, 845, 1, RS, VI
127.5, 947, 1, RS, VI
127.5, 958, 1, RS, VI
127.5, 1068, 1, RS, V
127.5, 1126, 1, FS, V
127.5, 1142, 1, FS, V
127.5, 1145, 1, FS, V
127.5, 1912, 2, FS, V
127.6, 413, 0, IB, V
127.6, 977, 1, RS, VI
127.6, 1122, 1, RS, V
127.6, 1127, 1, FS, V
127.6, 1130, 1, FS, V
127.6, 1136, 1, FS, V
127.6, 1147, 1, FS, V
127.6, 1150, 1, FS, V
127.6, 1185, 1, IB, V
127.6, 1416, 1, RS, III
127.7, 369, 0, FS, V
127.7, 1128, 1, FS, V
127.7, 1137, 1, FS, V
127.7, 1139, 1, FS, V
127.7, 1140, 1, FS, V
127.7, 1143, 1, FS, V
127.7, 1144, 1, FS, V
127.7, 1148, 1, FS, V
127.7, 1153, 1, FS, V
127.7, 1298, 1, LTS, IV
127.8, 375, 0, FS, V
127.8, 1125, 1, FS, V
127.8, 1131, 1, FS, V
127.8, 1135, 1, FS, V
127.8, 1152, 1, FS, V
127.8, 1174, 1, IB, V
127.8, 1192, 1, IB, V
127.8, 1780, 2, LTS, VI
127.9, 386, 0, FS, V
127.9, 1039, 1, RS, V
127.9, 1138, 1, FS, V
127.9, 1141, 1, FS, V
127.9, 1485, 1, FS, III
127.9, 1893, 2, FS, V
127.9, 1903, 2, FS, V
128, 1132, 1, FS, V
128, 1134, 1, FS, V
128, 1146, 1, FS, V
128, 1454, 1, RS, III
128.1, 1151, 1, FS, V
128.1, 1173, 1, IB, V
128.1, 1189, 1, IB, V
128.1, 1307, 1, RS, III
128.1, 1344, 1, RS, III
128.1, 1480, 1, FS, III
128.2, 379, 0, FS, V
128.2, 1907, 2, FS, V
128.3, 388, 0, FS, V
128.3, 799, 1, RS, VI
128.4, 785, 1, RS, VI
128.4, 828, 1, RS, VI
128.4, 870, 1, RS, VI
128.4, 908, 1, RS, VI
128.4, 1300, 1, LTS, IV
128.4, 1304, 1, LTS, IV
128.4, 1910, 2, FS, V
128.5, 366, 0, FS, V
128.5, 381, 0, FS, V
128.5, 856, 1, RS, VI
128.5, 1520, 1, LTS, III
128.5, 1891, 2, FS, V
128.5, 1892, 2, FS, V
128.6, 374, 0, FS, V
128.6, 1299, 1, LTS, IV
128.6, 1356, 1, RS, III
128.6, 1900, 2, FS, V
128.6, 1914, 2, FS, V
128.7, 368, 0, FS, V
128.7, 378, 0, FS, V
128.7, 1898, 2, FS, V
128.7, 1905, 2, FS, V
128.7, 1909, 2, FS, V
128.8, 382, 0, FS, V
128.8, 877, 1, RS, VI
128.8, 1332, 1, RS, III
128.8, 1888, 2, FS, V
128.9, 765, 1, RS, VI
128.9, 969, 1, RS, VI
128.9, 1895, 2, FS, V
128.9, 1904, 2, FS, V
129, 867, 1, RS, VI
129, 962, 1, RS, VI
129, 1302, 1, LTS, IV
129, 1396, 1, RS, III
129.1, 364, 0, FS, V
129.1, 1896, 2, FS, V
129.2, 1175, 1, IB, V
129.2, 1301, 1, LTS, IV
129.2, 1513, 1, LTS, III
129.2, 1897, 2, FS, V
129.3, 377, 0, FS, V
129.3, 390, 0, FS, V
129.3, 392, 0, FS, V
129.3, 941, 1, RS, VI
129.3, 964, 1, RS, VI
129.3, 1908, 2, FS, V
129.4, 363, 0, FS, V
129.4, 1330, 1, RS, III
129.4, 1412, 1, RS, III
129.4, 1889, 2, FS, V
129.4, 1906, 2, FS, V
129.5, 1305, 1, LTS, IV
129.5, 1521, 1, LTS, III
129.5, 1938, 2, IB, V
129.6, 371, 0, FS, V
129.6, 391, 0, FS, V
129.6, 838, 1, RS, VI
129.6, 849, 1, RS, VI
129.6, 1466, 1, RS, III
129.6, 1890, 2, FS, V
129.7, 367, 0, FS, V
129.7, 967, 1, RS, VI
129.7, 1283, 1, FS, IV
129.8, 387, 0, FS, V
129.8, 389, 0, FS, V
129.8, 851, 1, RS, VI
129.8, 1885, 2, FS, V
129.8, 1886, 2, FS, V
129.8, 1894, 2, FS, V
129.8, 1902, 2, FS, V
129.9, 950, 1, RS, VI
129.9, 1129, 1, FS, V
129.9, 1188, 1, IB, V
129.9, 1913, 2, FS, V
129.9, 2649, 3, FS, V
130, 858, 1, RS, VI
130, 1184, 1, IB, V
130, 1303, 1, LTS, IV
130, 1355, 1, RS, III
130, 1899, 2, FS, V
130, 1901, 2, FS, V
130, 1911, 2, FS, V
130.1, 376, 0, FS, V
130.1, 380, 0, FS, V
130.1, 831, 1, RS, VI
130.1, 1180, 1, IB, V
130.2, 383, 0, FS, V
130.2, 777, 1, RS, VI
130.2, 789, 1, RS, VI
130.2, 857, 1, RS, VI
130.2, 918, 1, RS, VI
130.2, 1133, 1, FS, V
130.2, 1177, 1, IB, V
130.2, 1178, 1, IB, V
130.2, 1280, 1, FS, IV
130.3, 365, 0, FS, V
130.3, 373, 0, FS, V
130.3, 385, 0, FS, V
130.3, 896, 1, RS, VI
130.3, 924, 1, RS, VI
130.3, 1124, 1, FS, V
130.3, 1149, 1, FS, V
130.3, 1182, 1, IB, V
130.3, 1187, 1, IB, V
130.3, 1317, 1, RS, III
130.4, 372, 0, FS, V
130.4, 960, 1, RS, VI
130.4, 1126, 1, FS, V
130.4, 1142, 1, FS, V
130.4, 1145, 1, FS, V
130.4, 1183, 1, IB, V
130.4, 1912, 2, FS, V
130.5, 834, 1, RS, VI
130.5, 1127, 1, FS, V
130.5, 1130, 1, FS, V
130.5, 1136, 1, FS, V
130.5, 1147, 1, FS, V
130.5, 1150, 1, FS, V
130.5, 1179, 1, IB, V
130.5, 1181, 1, IB, V
130.5, 1190, 1, IB, V
130.5, 1474, 1, FS, III
130.6, 369, 0, FS, V
130.6, 1128, 1, FS, V
130.6, 1137, 1, FS, V
130.6, 1139, 1, FS, V
130.6, 1140, 1, FS, V
130.6, 1143, 1, FS, V
130.6, 1144, 1, FS, V
130.6, 1148, 1, FS, V
130.6, 1153, 1, FS, V
130.6, 1290, 1, FS, IV
130.6, 1502, 1, FS, III
130.7, 370, 0, FS, V
130.7, 375, 0, FS, V
130.7, 817, 1, RS, VI
130.7, 1125, 1, FS, V
130.7, 1131, 1, FS, V
130.7, 1135, 1, FS, V
130.7, 1152, 1, FS, V
130.7, 1176, 1, IB, V
130.7, 1191, 1, IB, V
130.7, 1511, 1, LTS, III
130.8, 386, 0, FS, V
130.8, 1138, 1, FS, V
130.8, 1141, 1, FS, V
130.8, 1186, 1, IB, V
130.8, 1893, 2, FS, V
130.8, 1903, 2, FS, V
130.9, 805, 1, RS, VI
130.9, 1024, 1, LTS, VI
130.9, 1132, 1, FS, V
130.9, 1134, 1, FS, V
130.9, 1146, 1, FS, V
130.9, 1296, 1, FS, IV
130.9, 1405, 1, RS, III
130.9, 1481, 1, FS, III
130.9, 1482, 1, FS, III
130.9, 1887, 2, FS, V
131, 1151, 1, FS, V
131, 1185, 1, IB, V
131, 1496, 1, FS, III
131.1, 379, 0, FS, V
131.1, 1907, 2, FS, V
131.2, 388, 0, FS, V
131.2, 846, 1, RS, VI
131.2, 1174, 1, IB, V
131.2, 1192, 1, IB, V
131.2, 1288, 1, FS, IV
131.2, 1407, 1, RS, III
131.3, 384, 0, FS, V
131.3, 1306, 1, LTS, IV
131.3, 1488, 1, FS, III
131.3, 1910, 2, FS, V
131.4, 366, 0, FS, V
131.4, 381, 0, FS, V
131.4, 923, 1, RS, VI
131.4, 1891, 2, FS, V
131.4, 1892, 2, FS, V
131.5, 374, 0, FS, V
131.5, 769, 1, RS, VI
131.5, 1173, 1, IB, V
131.5, 1189, 1, IB, V
131.5, 1490, 1, FS, III
131.5, 1900, 2, FS, V
131.5, 1914, 2, FS, V
131.6, 368, 0, FS, V
131.6, 378, 0, FS, V
131.6, 413, 0, IB, V
131.6, 779, 1, RS, VI
131.6, 791, 1, RS, VI
131.6, 884, 1, RS, VI
131.6, 1898, 2, FS, V
131.6, 1905, 2, FS, V
131.6, 1909, 2, FS, V
131.7, 382, 0, FS, V
131.7, 1054, 1, RS, V
131.7, 1114, 1, RS, V
131.7, 1479, 1, FS, III
131.7, 1888, 2, FS, V
131.8, 1038, 1, RS, V
131.8, 1086, 1, RS, V
131.8, 1101, 1, RS, V
131.8, 1113, 1, RS, V
131.8, 1123, 1, RS, V
131.8, 1295, 1, FS, IV
131.8, 1495, 1, FS, III
131.8, 1895, 2, FS, V
131.8, 1904, 2, FS, V
131.9, 1063, 1, RS, V
131.9, 1079, 1, RS, V
131.9, 1082, 1, RS, V
131.9, 1098, 1, RS, V
131.9, 1480, 1, FS, III
131.9, 1512, 1, LTS, III
132, 364, 0, FS, V
132, 788, 1, RS, VI
132, 1080, 1, RS, V
132, 1368, 1, RS, III
132, 1519, 1, LTS, III
132, 1896, 2, FS, V
132.1, 1029, 1, LTS, VI
132.1, 1037, 1, RS, V
132.1, 1060, 1, RS, V
132.1, 1061, 1, RS, V
132.1, 1062, 1, RS, V
132.1, 1075, 1, RS, V
132.1, 1112, 1, RS, V
132.1, 1121, 1, RS, V
132.1, 1897, 2, FS, V
132.2, 377, 0, FS, V
132.2, 390, 0, FS, V
132.2, 392, 0, FS, V
132.2, 965, 1, RS, VI
132.2, 1056, 1, RS, V
132.2, 1059, 1, RS, V
132.2, 1081, 1, RS, V
132.2, 1088, 1, RS, V
132.2, 1338, 1, RS, III
132.2, 1428, 1, RS, III
132.2, 1908, 2, FS, V
132.3, 363, 0, FS, V
132.3, 853, 1, RS, VI
132.3, 957, 1, RS, VI
132.3, 1036, 1, RS, V
132.3, 1889, 2, FS, V
132.3, 1906, 2, FS, V
132.4, 935, 1, RS, VI
132.4, 975, 1, RS, VI
132.4, 1049, 1, RS, V
132.4, 1051, 1, RS, V
132.4, 1506, 1, LTS, III
132.5, 371, 0, FS, V
132.5, 391, 0, FS, V
132.5, 1044, 1, RS, V
132.5, 1083, 1, RS, V
132.5, 1089, 1, RS, V
132.5, 1106, 1, RS, V
132.5, 1107, 1, RS, V
132.5, 1109, 1, RS, V
132.5, 1115, 1, RS, V
132.5, 1298, 1, LTS, IV
132.5, 1443, 1, RS, III
132.5, 1458, 1, RS, III
132.5, 1470, 1, RS, III
132.5, 1509, 1, LTS, III
132.5, 1890, 2, FS, V
132.6, 367, 0, FS, V
132.6, 1043, 1, RS, V
132.6, 1046, 1, RS, V
132.6, 1053, 1, RS, V
132.6, 1055, 1, RS, V
132.6, 1087, 1, RS, V
132.6, 1099, 1, RS, V
132.6, 1175, 1, IB, V
132.6, 1494, 1, FS, III
132.6, 1500, 1, FS, III
132.7, 387, 0, FS, V
132.7, 389, 0, FS, V
132.7, 1052, 1, RS, V
132.7, 1071, 1, RS, V
132.7, 1110, 1, RS, V
132.7, 1119, 1, RS, V
132.7, 1346, 1, RS, III
132.7, 1885, 2, FS, V
132.7, 1886, 2, FS, V
132.7, 1894, 2, FS, V
132.7, 1902, 2, FS, V
132.8, 949, 1, RS, VI
132.8, 1034, 1, RS, V
132.8, 1077, 1, RS, V
132.8, 1085, 1, RS, V
132.8, 1108, 1, RS, V
132.8, 1129, 1, FS, V
132.8, 1913, 2, FS, V
132.9, 795, 1, RS, VI
132.9, 843, 1, RS, VI
132.9, 1057, 1, RS, V
132.9, 1094, 1, RS, V
132.9, 1096, 1, RS, V
132.9, 1111, 1, RS, V
132.9, 1899, 2, FS, V
132.9, 1901, 2, FS, V
133, 376, 0, FS, V
133, 380, 0, FS, V
133, 1033, 1, RS, V
133, 1058, 1, RS, V
133, 1065, 1, RS, V
133, 1073, 1, RS, V
133, 1090, 1, RS, V
133, 1116, 1, RS, V
133, 1117, 1, RS, V
133, 1294, 1, FS, IV
133, 1489, 1, FS, III
133.1, 383, 0, FS, V
133.1, 1040, 1, RS, V
133.1, 1041, 1, RS, V
133.1, 1047, 1, RS, V
133.1, 1050, 1, RS, V
133.1, 1067, 1, RS, V
133.1, 1072, 1, RS, V
133.1, 1078, 1, RS, V
133.1, 1091, 1, RS, V
133.1, 1095, 1, RS, V
133.1, 1102, 1, RS, V
133.1, 1118, 1, RS, V
133.1, 1133, 1, FS, V
133.1, 1418, 1, RS, III
133.1, 1478, 1, FS, III
133.1, 1911, 2, FS, V
133.2, 365, 0, FS, V
133.2, 373, 0, FS, V
133.2, 385, 0, FS, V
133.2, 1042, 1, RS, V
133.2, 1064, 1, RS, V
133.2, 1076, 1, RS, V
133.2, 1092, 1, RS, V
133.2, 1103, 1, RS, V
133.2, 1124, 1, FS, V
133.2, 1149, 1, FS, V
133.2, 1300, 1, LTS, IV
133.2, 1304, 1, LTS, IV
133.2, 1475, 1, FS, III
133.2, 1515, 1, LTS, III
133.3, 1035, 1, RS, V
133.3, 1045, 1, RS, V
133.3, 1066, 1, RS, V
133.3, 1070, 1, RS, V
133.3, 1105, 1, RS, V
133.3, 1126, 1, FS, V
133.3, 1142, 1, FS, V
133.3, 1145, 1, FS, V
133.3, 1188, 1, IB, V
133.3, 1377, 1, RS, III
133.3, 1438, 1, RS, III
133.3, 1471, 1, RS, III
133.3, 1487, 1, FS, III
133.3, 1507, 1, LTS, III
133.3, 1912, 2, FS, V
133.4, 372, 0, FS, V
133.4, 1097, 1, RS, V
133.4, 1104, 1, RS, V
133.4, 1127, 1, FS, V
133.4, 1130, 1, FS, V
133.4, 1136, 1, FS, V
133.4, 1147, 1, FS, V
133.4, 1150, 1, FS, V
133.4, 1184, 1, IB, V
133.4, 1299, 1, LTS, IV
133.5, 369, 0, FS, V
133.5, 978, 1, RS, VI
133.5, 1048, 1, RS, V
133.5, 1069, 1, RS, V
133.5, 1084, 1, RS, V
133.5, 1100, 1, RS, V
133.5, 1128, 1, FS, V
133.5, 1137, 1, FS, V
133.5, 1139, 1, FS, V
133.5, 1140, 1, FS, V
133.5, 1143, 1, FS, V
133.5, 1144, 1, FS, V
133.5, 1148, 1, FS, V
133.5, 1153, 1, FS, V
133.5, 1180, 1, IB, V
133.5, 1283, 1, FS, IV
133.5, 1476, 1, FS, III
133.5, 1501, 1, FS, III
133.6, 375, 0, FS, V
133.6, 1031, 1, LTS, VI
133.6, 1074, 1, RS, V
133.6, 1120, 1, RS, V
133.6, 1125, 1, FS, V
133.6, 1131, 1, FS, V
133.6, 1135, 1, FS, V
133.6, 1152, 1, FS, V
133.6, 1177, 1, IB, V
133.6, 1178, 1, IB, V
133.6, 1284, 1, FS, IV
133.6, 1380, 1, RS, III
133.6, 1484, 1, FS, III
133.7, 386, 0, FS, V
133.7, 1093, 1, RS, V
133.7, 1138, 1, FS, V
133.7, 1141, 1, FS, V
133.7, 1182, 1, IB, V
133.7, 1187, 1, IB, V
133.7, 1508, 1, LTS, III
133.7, 1893, 2, FS, V
133.7, 1903, 2, FS, V
133.8, 370, 0, FS, V
133.8, 1068, 1, RS, V
133.8, 1132, 1, FS, V
133.8, 1134, 1, FS, V
133.8, 1146, 1, FS, V
133.8, 1183, 1, IB, V
133.8, 1302, 1, LTS, IV
133.9, 874, 1, RS, VI
133.9, 1122, 1, RS, V
133.9, 1151, 1, FS, V
133.9, 1179, 1, IB, V
133.9, 1181, 1, IB, V
133.9, 1190, 1, IB, V
133.9, 1373, 1, RS, III
134, 901, 1, RS, VI
134, 1301, 1, LTS, IV
134, 1406, 1, RS, III
134, 1430, 1, RS, III
134, 1513, 1, LTS, III
134.1, 388, 0, FS, V
134.1, 976, 1, RS, VI
134.1, 1176, 1, IB, V
134.1, 1191, 1, IB, V
134.1, 1320, 1, RS, III
134.2, 379, 0, FS, V
134.2, 875, 1, RS, VI
134.2, 1025, 1, LTS, VI
134.2, 1039, 1, RS, V
134.2, 1910, 2, FS, V
134.3, 366, 0, FS, V
134.3, 381, 0, FS, V
134.3, 1305, 1, LTS, IV
134.3, 1503, 1, FS, III
134.3, 1521, 1, LTS, III
134.3, 1891, 2, FS, V
134.3, 1892, 2, FS, V
134.3, 1907, 2, FS, V
134.4, 374, 0, FS, V
134.4, 816, 1, RS, VI
134.4, 1185, 1, IB, V
134.4, 1276, 1, FS, IV
134.4, 1277, 1, FS, IV
134.4, 1900, 2, FS, V
134.4, 1914, 2, FS, V
134.5, 368, 0, FS, V
134.5, 836, 1, RS, VI
134.5, 868, 1, RS, VI
134.5, 970, 1, RS, VI
134.5, 1026, 1, LTS, VI
134.5, 1898, 2, FS, V
134.5, 1905, 2, FS, V
134.6, 382, 0, FS, V
134.6, 899, 1, RS, VI
134.6, 1174, 1, IB, V
134.6, 1192, 1, IB, V
134.6, 1280, 1, FS, IV
134.6, 1329, 1, RS, III
134.6, 1520, 1, LTS, III
134.6, 1888, 2, FS, V
134.7, 952, 1, RS, VI
134.7, 1895, 2, FS, V
134.7, 1904, 2, FS, V
134.7, 1909, 2, FS, V
134.7, 2674, 3, FS, V
134.8, 378, 0, FS, V
134.8, 384, 0, FS, V
134.8, 818, 1, RS, VI
134.8, 946, 1, RS, VI
134.8, 1318, 1, RS, III
134.8, 1409, 1, RS, III
134.8, 1474, 1, FS, III
134.9, 1028, 1, LTS, VI
134.9, 1173, 1, IB, V
134.9, 1189, 1, IB, V
134.9, 1896, 2, FS, V
135, 1186, 1, IB, V
135, 1400, 1, RS, III
135, 1416, 1, RS, III
135, 1897, 2, FS, V
135.1, 377, 0, FS, V
135.1, 390, 0, FS, V
135.1, 392, 0, FS, V
135.1, 1021, 1, LTS, VI
135.1, 1311, 1, RS, III
135.1, 1332, 1, RS, III
135.1, 1908, 2, FS, V
135.2, 363, 0, FS, V
135.2, 364, 0, FS, V
135.2, 985, 1, FS, VI
135.2, 1477, 1, FS, III
135.2, 1887, 2, FS, V
135.2, 1906, 2, FS, V
135.3, 821, 1, RS, VI
135.3, 1308, 1, RS, III
135.3, 1401, 1, RS, III
135.3, 1497, 1, FS, III
135.4, 371, 0, FS, V
135.4, 391, 0, FS, V
135.4, 855, 1, RS, VI
135.4, 930, 1, RS, VI
135.4, 1890, 2, FS, V
135.5, 367, 0, FS, V
135.5, 1468, 1, RS, III
135.5, 1511, 1, LTS, III
135.6, 387, 0, FS, V
135.6, 389, 0, FS, V
135.6, 1296, 1, FS, IV
135.6, 1885, 2, FS, V
135.6, 1886, 2, FS, V
135.6, 1894, 2, FS, V
135.6, 1902, 2, FS, V
135.7, 926, 1, RS, VI
135.7, 1129, 1, FS, V
135.7, 1391, 1, RS, III
135.7, 1455, 1, RS, III
135.7, 1460, 1, RS, III
135.7, 1889, 2, FS, V
135.7, 1913, 2, FS, V
135.8, 1322, 1, RS, III
135.8, 1899, 2, FS, V
135.8, 1901, 2, FS, V
135.8, 2653, 3, FS, V
135.8, 2675, 3, FS, V
135.9, 376, 0, FS, V
135.9, 380, 0, FS, V
135.9, 772, 1, RS, VI
135.9, 1334, 1, RS, III
136, 383, 0, FS, V
136, 1133, 1, FS, V
136, 1175, 1, IB, V
136, 1326, 1, RS, III
136, 1911, 2, FS, V
136.1, 365, 0, FS, V
136.1, 373, 0, FS, V
136.1, 385, 0, FS, V
136.1, 939, 1, RS, VI
136.1, 1015, 1, LTS, VI
136.1, 1124, 1, FS, V
136.1, 1149, 1, FS, V
136.1, 1496, 1, FS, III
136.1, 2655, 3, FS, V
136.2, 829, 1, RS, VI
136.2, 1018, 1, LTS, VI
136.2, 1126, 1, FS, V
136.2, 1142, 1, FS, V
136.2, 1145, 1, FS, V
136.2, 1912, 2, FS, V
136.2, 2672, 3, FS, V
136.3, 372, 0, FS, V
136.3, 988, 1, FS, VI
136.3, 1127, 1, FS, V
136.3, 1130, 1, FS, V
136.3, 1136, 1, FS, V
136.3, 1147, 1, FS, V
136.3, 1150, 1, FS, V
136.3, 1790, 2, LTS, VI
136.4, 369, 0, FS, V
136.4, 1128, 1, FS, V
136.4, 1137, 1, FS, V
136.4, 1139, 1, FS, V
136.4, 1140, 1, FS, V
136.4, 1143, 1, FS, V
136.4, 1144, 1, FS, V
136.4, 1148, 1, FS, V
136.4, 1153, 1, FS, V
136.4, 1283, 1, FS, IV
136.4, 1481, 1, FS, III
136.4, 1488, 1, FS, III
136.4, 1495, 1, FS, III
136.5, 375, 0, FS, V
136.5, 793, 1, RS, VI
136.5, 1020, 1, LTS, VI
136.5, 1125, 1, FS, V
136.5, 1131, 1, FS, V
136.5, 1135, 1, FS, V
136.5, 1152, 1, FS, V
136.5, 1306, 1, LTS, IV
136.5, 1480, 1, FS, III
136.5, 1482, 1, FS, III
136.6, 386, 0, FS, V
136.6, 981, 1, FS, VI
136.6, 1138, 1, FS, V
136.6, 1141, 1, FS, V
136.6, 1502, 1, FS, III
136.6, 1893, 2, FS, V
136.6, 1903, 2, FS, V
136.7, 370, 0, FS, V
136.7, 983, 1, FS, VI
136.7, 1132, 1, FS, V
136.7, 1134, 1, FS, V
136.7, 1146, 1, FS, V
136.7, 1188, 1, IB, V
136.7, 1490, 1, FS, III
136.8, 1151, 1, FS, V
136.8, 1184, 1, IB, V
136.8, 1290, 1, FS, IV
136.9, 790, 1, RS, VI
136.9, 1180, 1, IB, V
136.9, 1345, 1, RS, III
136.9, 1410, 1, RS, III
136.9, 1494, 1, FS, III
136.9, 1504, 1, FS, III
136.9, 1519, 1, LTS, III
137, 388, 0, FS, V
137, 1177, 1, IB, V
137, 1178, 1, IB, V
137, 1478, 1, FS, III
137, 1498, 1, FS, III
137.1, 379, 0, FS, V
137.1, 1182, 1, IB, V
137.1, 1187, 1, IB, V
137.1, 1287, 1, FS, IV
137.1, 1492, 1, FS, III
137.1, 1910, 2, FS, V
137.1, 2665, 3, FS, V
137.2, 366, 0, FS, V
137.2, 381, 0, FS, V
137.2, 1183, 1, IB, V
137.2, 1362, 1, RS, III
137.2, 1499, 1, FS, III
137.2, 1503, 1, FS, III
137.2, 1512, 1, LTS, III
137.2, 1891, 2, FS, V
137.2, 1892, 2, FS, V
137.2, 1907, 2, FS, V
137.3, 374, 0, FS, V
137.3, 807, 1, RS, VI
137.3, 1012, 1, LTS, VI
137.3, 1023, 1, LTS, VI
137.3, 1179, 1, IB, V
137.3, 1181, 1, IB, V
137.3, 1190, 1, IB, V
137.3, 1294, 1, FS, IV
137.3, 1324, 1, RS, III
137.3, 1476, 1, FS, III
137.3, 1900, 2, FS, V
137.3, 1914, 2, FS, V
137.4, 368, 0, FS, V
137.4, 1030, 1, LTS, VI
137.4, 1275, 1, FS, IV
137.4, 1433, 1, RS, III
137.4, 1487, 1, FS, III
137.4, 1491, 1, FS, III
137.4, 1509, 1, LTS, III
137.4, 1898, 2, FS, V
137.4, 1905, 2, FS, V
137.5, 382, 0, FS, V
137.5, 1009, 1, LTS, VI
137.5, 1022, 1, LTS, VI
137.5, 1176, 1, IB, V
137.5, 1191, 1, IB, V
137.5, 1280, 1, FS, IV
137.5, 1281, 1, FS, IV
137.5, 1303, 1, LTS, IV
137.5, 1407, 1, RS, III
137.5, 1479, 1, FS, III
137.5, 1484, 1, FS, III
137.5, 1888, 2, FS, V
137.6, 1383, 1, RS, III
137.6, 1425, 1, RS, III
137.6, 1483, 1, FS, III
137.6, 1895, 2, FS, V
137.6, 1904, 2, FS, V
137.6, 1909, 2, FS, V
137.7, 378, 0, FS, V
137.7, 384, 0, FS, V
137.7, 833, 1, RS, VI
137.7, 1474, 1, FS, III
137.7, 1485, 1, FS, III
137.8, 1185, 1, IB, V
137.8, 1423, 1, RS, III
137.8, 1489, 1, FS, III
137.8, 1896, 2, FS, V
137.9, 1288, 1, FS, IV
137.9, 1500, 1, FS, III
137.9, 1897, 2, FS, V
138, 377, 0, FS, V
138, 390, 0, FS, V
138, 392, 0, FS, V
138, 1054, 1, RS, V
138, 1114, 1, RS, V
138, 1174, 1, IB, V
138, 1192, 1, IB, V
138, 1304, 1, LTS, IV
138, 1493, 1, FS, III
138, 1515, 1, LTS, III
138, 1908, 2, FS, V
138.1, 363, 0, FS, V
138.1, 364, 0, FS, V
138.1, 871, 1, RS, VI
138.1, 1038, 1, RS, V
138.1, 1086, 1, RS, V
138.1, 1101, 1, RS, V
138.1, 1113, 1, RS, V
138.1, 1123, 1, RS, V
138.1, 1887, 2, FS, V
138.1, 1906, 2, FS, V
138.2, 1063, 1, RS, V
138.2, 1079, 1, RS, V
138.2, 1082, 1, RS, V
138.2, 1098, 1, RS, V
138.2, 1497, 1, FS, III
138.2, 2668, 3, FS, V
138.3, 371, 0, FS, V
138.3, 391, 0, FS, V
138.3, 1080, 1, RS, V
138.3, 1173, 1, IB, V
138.3, 1189, 1, IB, V
138.3, 1370, 1, RS, III
138.3, 1475, 1, FS, III
138.3, 1506, 1, LTS, III
138.3, 1890, 2, FS, V
138.4, 367, 0, FS, V
138.4, 890, 1, RS, VI
138.4, 1037, 1, RS, V
138.4, 1060, 1, RS, V
138.4, 1061, 1, RS, V
138.4, 1062, 1, RS, V
138.4, 1112, 1, RS, V
138.4, 1121, 1, RS, V
138.4, 1299, 1, LTS, IV
138.4, 1408, 1, RS, III
138.5, 387, 0, FS, V
138.5, 389, 0, FS, V
138.5, 778, 1, RS, VI
138.5, 1056, 1, RS, V
138.5, 1059, 1, RS, V
138.5, 1081, 1, RS, V
138.5, 1088, 1, RS, V
138.5, 1300, 1, LTS, IV
138.5, 1359, 1, RS, III
138.5, 1486, 1, FS, III
138.5, 1508, 1, LTS, III
138.5, 1885, 2, FS, V
138.5, 1886, 2, FS, V
138.5, 1894, 2, FS, V
138.5, 1902, 2, FS, V
138.6, 1036, 1, RS, V
138.6, 1129, 1, FS, V
138.6, 1501, 1, FS, III
138.6, 1505, 1, LTS, III
138.6, 1913, 2, FS, V
138.7, 1049, 1, RS, V
138.7, 1051, 1, RS, V
138.7, 1477, 1, FS, III
138.7, 1889, 2, FS, V
138.7, 1899, 2, FS, V
138.7, 1901, 2, FS, V
138.8, 376, 0, FS, V
138.8, 380, 0, FS, V
138.8, 1010, 1, LTS, VI
138.8, 1044, 1, RS, V
138.8, 1083, 1, RS, V
138.8, 1089, 1, RS, V
138.8, 1106, 1, RS, V
138.8, 1107, 1, RS, V
138.8, 1109, 1, RS, V
138.8, 1115, 1, RS, V
138.8, 1301, 1, LTS, IV
138.8, 1443, 1, RS, III
138.9, 383, 0, FS, V
138.9, 781, 1, RS, VI
138.9, 897, 1, RS, VI
138.9, 1043, 1, RS, V
138.9, 1046, 1, RS, V
138.9, 1053, 1, RS, V
138.9, 1055, 1, RS, V
138.9, 1087, 1, RS, V
138.9, 1099, 1, RS, V
138.9, 1133, 1, FS, V
138.9, 1297, 1, FS, IV
138.9, 1312, 1, RS, III
138.9, 1507, 1, LTS, III
139, 365, 0, FS, V
139, 373, 0, FS, V
139, 385, 0, FS, V
139, 1052, 1, RS, V
139, 1071, 1, RS, V
139, 1110, 1, RS, V
139, 1119, 1, RS, V
139, 1124, 1, FS, V
139, 1149, 1, FS, V
139, 1356, 1, RS, III
139, 1496, 1, FS, III
139.1, 763, 1, RS, VI
139.1, 1077, 1, RS, V
139.1, 1108, 1, RS, V
139.1, 1126, 1, FS, V
139.1, 1142, 1, FS, V
139.1, 1145, 1, FS, V
139.1, 1302, 1, LTS, IV
139.1, 1305, 1, LTS, IV
139.1, 1316, 1, RS, III
139.1, 1521, 1, LTS, III
139.1, 1911, 2, FS, V
139.1, 1912, 2, FS, V
139.2, 372, 0, FS, V
139.2, 903, 1, RS, VI
139.2, 1057, 1, RS, V
139.2, 1094, 1, RS, V
139.2, 1096, 1, RS, V
139.2, 1111, 1, RS, V
139.2, 1127, 1, FS, V
139.2, 1130, 1, FS, V
139.2, 1136, 1, FS, V
139.2, 1147, 1, FS, V
139.2, 1150, 1, FS, V
139.2, 2661, 3, FS, V
139.3, 369, 0, FS, V
139.3, 1033, 1, RS, V
139.3, 1058, 1, RS, V
139.3, 1065, 1, RS, V
139.3, 1090, 1, RS, V
139.3, 1116, 1, RS, V
139.3, 1117, 1, RS, V
139.3, 1128, 1, FS, V
139.3, 1137, 1, FS, V
139.3, 1139, 1, FS, V
139.3, 1140, 1, FS, V
139.3, 1143, 1, FS, V
139.3, 1144, 1, FS, V
139.3, 1148, 1, FS, V
139.3, 1153, 1, FS, V
139.3, 1314, 1, RS, III
139.3, 1466, 1, RS, III
139.3, 1481, 1, FS, III
139.3, 1488, 1, FS, III
139.3, 1495, 1, FS, III
139.4, 375, 0, FS, V
139.4, 888, 1, RS, VI
139.4, 1040, 1, RS, V
139.4, 1041, 1, RS, V
139.4, 1050, 1, RS, V
139.4, 1067, 1, RS, V
139.4, 1072, 1, RS, V
139.4, 1078, 1, RS, V
139.4, 1095, 1, RS, V
139.4, 1102, 1, RS, V
139.4, 1118, 1, RS, V
139.4, 1125, 1, FS, V
139.4, 1131, 1, FS, V
139.4, 1135, 1, FS, V
139.4, 1152, 1, FS, V
139.4, 1175, 1, IB, V
139.4, 1480, 1, FS, III
139.4, 1482, 1, FS, III
139.4, 1520, 1, LTS, III
139.4, 2653, 3, FS, V
139.4, 2674, 3, FS, V
139.4, 3305, 4, LTS, VI
139.5, 386, 0, FS, V
139.5, 820, 1, RS, VI
139.5, 921, 1, RS, VI
139.5, 1042, 1, RS, V
139.5, 1064, 1, RS, V
139.5, 1076, 1, RS, V
139.5, 1092, 1, RS, V
139.5, 1103, 1, RS, V
139.5, 1138, 1, FS, V
139.5, 1141, 1, FS, V
139.5, 1396, 1, RS, III
139.5, 1893, 2, FS, V
139.5, 1903, 2, FS, V
139.6, 787, 1, RS, VI
139.6, 1035, 1, RS, V
139.6, 1045, 1, RS, V
139.6, 1066, 1, RS, V
139.6, 1070, 1, RS, V
139.6, 1105, 1, RS, V
139.6, 1132, 1, FS, V
139.6, 1134, 1, FS, V
139.6, 1146, 1, FS, V
139.6, 1418, 1, RS, III
139.6, 1490, 1, FS, III
139.6, 2671, 3, FS, V
139.6, 3789, 4, LTS, III
139.7, 1011, 1, LTS, VI
139.7, 1097, 1, RS, V
139.7, 1104, 1, RS, V
139.7, 1151, 1, FS, V
139.7, 1354, 1, RS, III
139.7, 1458, 1, RS, III
139.7, 1513, 1, LTS, III
139.8, 1048, 1, RS, V
139.8, 1069, 1, RS, V
139.8, 1084, 1, RS, V
139.8, 1100, 1, RS, V
139.8, 1331, 1, RS, III
139.8, 1427, 1, RS, III
139.8, 1502, 1, FS, III
139.9, 388, 0, FS, V
139.9, 1074, 1, RS, V
139.9, 1120, 1, RS, V
139.9, 1494, 1, FS, III
140, 379, 0, FS, V
140, 1093, 1, RS, V
140, 1439, 1, RS, III
140, 1446, 1, RS, III
140, 1516, 1, LTS, III
140, 1910, 2, FS, V
140, 2655, 3, FS, V
140.1, 366, 0, FS, V
140.1, 370, 0, FS, V
140.1, 381, 0, FS, V
140.1, 1068, 1, RS, V
140.1, 1188, 1, IB, V
140.1, 1340, 1, RS, III
140.1, 1504, 1, FS, III
140.1, 1891, 2, FS, V
140.1, 1892, 2, FS, V
140.1, 1907, 2, FS, V
140.1, 2654, 3, FS, V
140.2, 374, 0, FS, V
140.2, 1014, 1, LTS, VI
140.2, 1122, 1, RS, V
140.2, 1184, 1, IB, V
140.2, 1428, 1, RS, III
140.2, 1900, 2, FS, V
140.2, 1914, 2, FS, V
140.3, 368, 0, FS, V
140.3, 1180, 1, IB, V
140.3, 1511, 1, LTS, III
140.3, 1898, 2, FS, V
140.3, 1905, 2, FS, V
140.3, 2658, 3, FS, V
140.4, 382, 0, FS, V
140.4, 1085, 1, RS, V
140.4, 1177, 1, IB, V
140.4, 1178, 1, IB, V
140.4, 1330, 1, RS, III
140.4, 1476, 1, FS, III
140.4, 1479, 1, FS, III
140.4, 1888, 2, FS, V
140.5, 879, 1, RS, VI
140.5, 1039, 1, RS, V
140.5, 1182, 1, IB, V
140.5, 1187, 1, IB, V
140.5, 1514, 1, LTS, III
140.5, 1895, 2, FS, V
140.5, 1904, 2, FS, V
140.5, 2659, 3, FS, V
140.5, 2672, 3, FS, V
140.6, 378, 0, FS, V
140.6, 1498, 1, FS, III
140.7, 1179, 1, IB, V
140.7, 1181, 1, IB, V
140.7, 1190, 1, IB, V
140.7, 1489, 1, FS, III
140.7, 1896, 2, FS, V
140.7, 2656, 3, FS, V
140.8, 1183, 1, IB, V
140.8, 1467, 1, RS, III
140.8, 1478, 1, FS, III
140.8, 1492, 1, FS, III
140.8, 1897, 2, FS, V
140.9, 390, 0, FS, V
140.9, 392, 0, FS, V
140.9, 938, 1, RS, VI
140.9, 1176, 1, IB, V
140.9, 1191, 1, IB, V
140.9, 1908, 2, FS, V
140.9, 2665, 3, FS, V
141, 363, 0, FS, V
141, 364, 0, FS, V
141.1, 998, 1, FS, VI
141.1, 1450, 1, RS, III
141.1, 1909, 2, FS, V
141.2, 384, 0, FS, V
141.2, 1185, 1, IB, V
141.2, 1890, 2, FS, V
141.2, 1906, 2, FS, V
141.3, 367, 0, FS, V
141.3, 377, 0, FS, V
141.3, 1447, 1, RS, III
141.4, 387, 0, FS, V
141.4, 389, 0, FS, V
141.4, 1174, 1, IB, V
141.4, 1192, 1, IB, V
141.4, 1332, 1, RS, III
141.4, 1886, 2, FS, V
141.4, 1887, 2, FS, V
141.5, 391, 0, FS, V
141.5, 1017, 1, LTS, VI
141.5, 1129, 1, FS, V
141.5, 1474, 1, FS, III
141.5, 1487, 1, FS, III
141.5, 1913, 2, FS, V
141.5, 2675, 3, FS, V
141.6, 1308, 1, RS, III
141.6, 1401, 1, RS, III
141.6, 1885, 2, FS, V
141.6, 1894, 2, FS, V
141.6, 1899, 2, FS, V
141.6, 1901, 2, FS, V
141.7, 371, 0, FS, V
141.7, 376, 0, FS, V
141.7, 380, 0, FS, V
141.7, 624, 0, RS, III
141.7, 1173, 1, IB, V
141.7, 1189, 1, IB, V
141.7, 1519, 1, LTS, III
141.8, 383, 0, FS, V
141.8, 1133, 1, FS, V
141.8, 1889, 2, FS, V
141.9, 365, 0, FS, V
141.9, 373, 0, FS, V
141.9, 385, 0, FS, V
141.9, 1124, 1, FS, V
141.9, 1149, 1, FS, V
141.9, 1373, 1, RS, III
141.9, 1902, 2, FS, V
142, 1126, 1, FS, V
142, 1142, 1, FS, V
142, 1145, 1, FS, V
142, 1512, 1, LTS, III
142, 1911, 2, FS, V
142, 1912, 2, FS, V
142, 2657, 3, FS, V
142, 2662, 3, FS, V
142.1, 372, 0, FS, V
142.1, 1127, 1, FS, V
142.1, 1130, 1, FS, V
142.1, 1136, 1, FS, V
142.1, 1147, 1, FS, V
142.1, 1150, 1, FS, V
142.2, 369, 0, FS, V
142.2, 647, 0, RS, III
142.2, 825, 1, RS, VI
142.2, 929, 1, RS, VI
142.2, 1128, 1, FS, V
142.2, 1137, 1, FS, V
142.2, 1139, 1, FS, V
142.2, 1140, 1, FS, V
142.2, 1143, 1, FS, V
142.2, 1144, 1, FS, V
142.2, 1148, 1, FS, V
142.2, 1153, 1, FS, V
142.2, 1509, 1, LTS, III
142.3, 375, 0, FS, V
142.3, 1125, 1, FS, V
142.3, 1131, 1, FS, V
142.3, 1135, 1, FS, V
142.3, 1152, 1, FS, V
142.4, 386, 0, FS, V
142.4, 775, 1, RS, VI
142.4, 815, 1, RS, VI
142.4, 1138, 1, FS, V
142.4, 1141, 1, FS, V
142.4, 1503, 1, FS, III
142.4, 1893, 2, FS, V
142.4, 1903, 2, FS, V
142.5, 1032, 1, LTS, VI
142.5, 1132, 1, FS, V
142.5, 1134, 1, FS, V
142.5, 1146, 1, FS, V
142.5, 1491, 1, FS, III
142.5, 2673, 3, FS, V
142.6, 1151, 1, FS, V
142.7, 1468, 1, RS, III
142.7, 1481, 1, FS, III
142.8, 388, 0, FS, V
142.8, 1175, 1, IB, V
142.8, 1515, 1, LTS, III
142.9, 379, 0, FS, V
142.9, 1490, 1, FS, III
142.9, 1502, 1, FS, III
142.9, 1910, 2, FS, V
142.9, 2649, 3, FS, V
143, 366, 0, FS, V
143, 370, 0, FS, V
143, 381, 0, FS, V
143, 1480, 1, FS, III
143, 1891, 2, FS, V
143, 1892, 2, FS, V
143, 1907, 2, FS, V
143.1, 374, 0, FS, V
143.1, 1484, 1, FS, III
143.1, 1488, 1, FS, III
143.1, 1900, 2, FS, V
143.1, 1914, 2, FS, V
143.1, 2647, 3, FS, V
143.2, 368, 0, FS, V
143.2, 1485, 1, FS, III
143.2, 1499, 1, FS, III
143.2, 1898, 2, FS, V
143.2, 1905, 2, FS, V
143.3, 382, 0, FS, V
143.3, 1508, 1, LTS, III
143.3, 1888, 2, FS, V
143.3, 2261, 2, FS, III
143.4, 1497, 1, FS, III
143.4, 1501, 1, FS, III
143.4, 1895, 2, FS, V
143.4, 1904, 2, FS, V
143.5, 378, 0, FS, V
143.5, 1188, 1, IB, V
143.6, 1027, 1, LTS, VI
143.6, 1184, 1, IB, V
143.6, 1476, 1, FS, III
143.6, 1479, 1, FS, III
143.6, 1500, 1, FS, III
143.6, 1896, 2, FS, V
143.7, 1180, 1, IB, V
143.7, 1350, 1, RS, III
143.7, 1464, 1, RS, III
143.7, 1897, 2, FS, V
143.7, 2280, 2, LTS, III
143.8, 390, 0, FS, V
143.8, 392, 0, FS, V
143.8, 1493, 1, FS, III
143.8, 1494, 1, FS, III
143.8, 1498, 1, FS, III
143.8, 1908, 2, FS, V
143.9, 363, 0, FS, V
143.9, 364, 0, FS, V
143.9, 1182, 1, IB, V
143.9, 1521, 1, LTS, III
144, 1482, 1, FS, III
144, 1483, 1, FS, III
144, 1495, 1, FS, III
144, 1496, 1, FS, III
144, 1909, 2, FS, V
144.1, 384, 0, FS, V
144.1, 1179, 1, IB, V
144.1, 1181, 1, IB, V
144.1, 1477, 1, FS, III
144.1, 1890, 2, FS, V
144.1, 1906, 2, FS, V
144.1, 2238, 2, FS, III
144.2, 367, 0, FS, V
144.2, 377, 0, FS, V
144.2, 1325, 1, RS, III
144.2, 1478, 1, FS, III
144.3, 387, 0, FS, V
144.3, 389, 0, FS, V
144.3, 1054, 1, RS, V
144.3, 1191, 1, IB, V
144.3, 1489, 1, FS, III
144.3, 1886, 2, FS, V
144.3, 1887, 2, FS, V
144.3, 2064, 2, LTS, IV
144.4, 391, 0, FS, V
144.4, 1047, 1, RS, V
144.4, 1086, 1, RS, V
144.4, 1123, 1, RS, V
144.4, 1129, 1, FS, V
144.4, 1474, 1, FS, III
144.4, 1487, 1, FS, III
144.4, 1913, 2, FS, V
144.5, 1505, 1, LTS, III
144.5, 1885, 2, FS, V
144.5, 1894, 2, FS, V
144.5, 1899, 2, FS, V
144.5, 1901, 2, FS, V
144.6, 371, 0, FS, V
144.6, 376, 0, FS, V
144.6, 380, 0, FS, V
144.6, 1080, 1, RS, V
144.6, 1475, 1, FS, III
144.7, 383, 0, FS, V
144.7, 744, 0, LTS, III
144.7, 1060, 1, RS, V
144.7, 1061, 1, RS, V
144.7, 1062, 1, RS, V
144.7, 1112, 1, RS, V
144.7, 1121, 1, RS, V
144.7, 1133, 1, FS, V
144.7, 1889, 2, FS, V
144.7, 2256, 2, FS, III
144.8, 365, 0, FS, V
144.8, 373, 0, FS, V
144.8, 385, 0, FS, V
144.8, 1056, 1, RS, V
144.8, 1059, 1, RS, V
144.8, 1124, 1, FS, V
144.8, 1149, 1, FS, V
144.8, 1174, 1, IB, V
144.8, 1902, 2, FS, V
144.9, 1036, 1, RS, V
144.9, 1126, 1, FS, V
144.9, 1142, 1, FS, V
144.9, 1145, 1, FS, V
144.9, 1911, 2, FS, V
144.9, 1912, 2, FS, V
144.9, 2262, 2, FS, III
145, 372, 0, FS, V
145, 1049, 1, RS, V
145, 1051, 1, RS, V
145, 1127, 1, FS, V
145, 1130, 1, FS, V
145, 1136, 1, FS, V
145, 1147, 1, FS, V
145, 1150, 1, FS, V
145, 1283, 1, FS, IV
145.1, 369, 0, FS, V
145.1, 1044, 1, RS, V
145.1, 1083, 1, RS, V
145.1, 1106, 1, RS, V
145.1, 1109, 1, RS, V
145.1, 1128, 1, FS, V
145.1, 1137, 1, FS, V
145.1, 1139, 1, FS, V
145.1, 1140, 1, FS, V
145.1, 1143, 1, FS, V
145.1, 1144, 1, FS, V
145.1, 1148, 1, FS, V
145.1, 1153, 1, FS, V
145.1, 1189, 1, IB, V
145.1, 1511, 1, LTS, III
145.2, 375, 0, FS, V
145.2, 1053, 1, RS, V
145.2, 1125, 1, FS, V
145.2, 1131, 1, FS, V
145.2, 1135, 1, FS, V
145.2, 1152, 1, FS, V
145.2, 1190, 1, IB, V
145.2, 1400, 1, RS, III
145.2, 2661, 3, FS, V
145.3, 386, 0, FS, V
145.3, 1071, 1, RS, V
145.3, 1119, 1, RS, V
145.3, 1138, 1, FS, V
145.3, 1141, 1, FS, V
145.3, 1492, 1, FS, III
145.3, 1893, 2, FS, V
145.3, 1903, 2, FS, V
145.4, 754, 0, LTS, III
145.4, 1077, 1, RS, V
145.4, 1132, 1, FS, V
145.4, 1134, 1, FS, V
145.4, 1146, 1, FS, V
145.4, 1507, 1, LTS, III
145.5, 1094, 1, RS, V
145.5, 1151, 1, FS, V
145.5, 1486, 1, FS, III
145.5, 2653, 3, FS, V
145.5, 2668, 3, FS, V
145.6, 1033, 1, RS, V
145.6, 1090, 1, RS, V
145.7, 388, 0, FS, V
145.7, 740, 0, FS, III
145.7, 1041, 1, RS, V
145.7, 1067, 1, RS, V
145.7, 1072, 1, RS, V
145.7, 1095, 1, RS, V
145.7, 1118, 1, RS, V
145.7, 1481, 1, FS, III
145.7, 1503, 1, FS, III
145.8, 379, 0, FS, V
145.8, 1064, 1, RS, V
145.8, 1490, 1, FS, III
145.8, 1910, 2, FS, V
145.9, 366, 0, FS, V
145.9, 370, 0, FS, V
145.9, 381, 0, FS, V
145.9, 721, 0, FS, III
145.9, 1070, 1, RS, V
145.9, 1105, 1, RS, V
145.9, 1504, 1, FS, III
145.9, 1891, 2, FS, V
145.9, 1892, 2, FS, V
145.9, 1907, 2, FS, V
146, 374, 0, FS, V
146, 1104, 1, RS, V
146, 1488, 1, FS, III
146, 1900, 2, FS, V
146, 1914, 2, FS, V
146.1, 268, 0, LTS, VI
146.1, 368, 0, FS, V
146.1, 1069, 1, RS, V
146.1, 1084, 1, RS, V
146.1, 1499, 1, FS, III
146.1, 1898, 2, FS, V
146.1, 1905, 2, FS, V
146.2, 382, 0, FS, V
146.2, 1120, 1, RS, V
146.2, 1294, 1, FS, IV
146.2, 1888, 2, FS, V
146.3, 757, 0, LTS, III
146.3, 1895, 2, FS, V
146.3, 1904, 2, FS, V
146.4, 378, 0, FS, V
146.4, 2252, 2, FS, III
146.5, 1519, 1, LTS, III
146.5, 1896, 2, FS, V
146.6, 1897, 2, FS, V
146.7, 390, 0, FS, V
146.7, 392, 0, FS, V
146.7, 1908, 2, FS, V
146.8, 363, 0, FS, V
146.8, 736, 0, FS, III
146.8, 738, 0, FS, III
146.8, 1502, 1, FS, III
146.8, 1512, 1, LTS, III
146.9, 722, 0, FS, III
146.9, 729, 0, FS, III
146.9, 1909, 2, FS, V
147, 717, 0, FS, III
147, 735, 0, FS, III
147, 1509, 1, LTS, III
147, 1890, 2, FS, V
147, 1906, 2, FS, V
147.1, 367, 0, FS, V
147.1, 1356, 1, RS, III
147.1, 1480, 1, FS, III
147.1, 2271, 2, LTS, III
147.1, 2654, 3, FS, V
147.1, 3585, 4, LTS, IV
147.2, 364, 0, FS, V
147.2, 387, 0, FS, V
147.2, 389, 0, FS, V
147.2, 1886, 2, FS, V
147.2, 1887, 2, FS, V
147.3, 384, 0, FS, V
147.3, 391, 0, FS, V
147.3, 739, 0, FS, III
147.3, 1129, 1, FS, V
147.3, 1913, 2, FS, V
147.4, 377, 0, FS, V
147.4, 1065, 1, RS, V
147.4, 1430, 1, RS, III
147.4, 1885, 2, FS, V
147.4, 1894, 2, FS, V
147.4, 1899, 2, FS, V
147.4, 1901, 2, FS, V
147.4, 2263, 2, FS, III
147.4, 2277, 2, LTS, III
147.5, 376, 0, FS, V
147.5, 380, 0, FS, V
147.5, 753, 0, LTS, III
147.6, 371, 0, FS, V
147.6, 383, 0, FS, V
147.6, 541, 0, LTS, IV
147.6, 1133, 1, FS, V
147.6, 1515, 1, LTS, III
147.6, 1889, 2, FS, V
147.7, 365, 0, FS, V
147.7, 373, 0, FS, V
147.7, 385, 0, FS, V
147.7, 723, 0, FS, III
147.7, 726, 0, FS, III
147.7, 1124, 1, FS, V
147.7, 1149, 1, FS, V
147.7, 1191, 1, IB, V
147.8, 1126, 1, FS, V
147.8, 1142, 1, FS, V
147.8, 1145, 1, FS, V
147.8, 1912, 2, FS, V
147.8, 2239, 2, FS, III
147.9, 746, 0, LTS, III
147.9, 755, 0, LTS, III
147.9, 1127, 1, FS, V
147.9, 1130, 1, FS, V
147.9, 1136, 1, FS, V
147.9, 1147, 1, FS, V
147.9, 1150, 1, FS, V
147.9, 2267, 2, LTS, III
148, 369, 0, FS, V
148, 372, 0, FS, V
148, 1128, 1, FS, V
148, 1137, 1, FS, V
148, 1139, 1, FS, V
148, 1140, 1, FS, V
148, 1143, 1, FS, V
148, 1144, 1, FS, V
148, 1148, 1, FS, V
148, 1153, 1, FS, V
148, 2281, 2, LTS, III
148.1, 375, 0, FS, V
148.1, 720, 0, FS, III
148.1, 1125, 1, FS, V
148.1, 1131, 1, FS, V
148.1, 1135, 1, FS, V
148.1, 1152, 1, FS, V
148.1, 2246, 2, FS, III
148.1, 2675, 3, FS, V
148.2, 386, 0, FS, V
148.2, 1138, 1, FS, V
148.2, 1141, 1, FS, V
148.2, 1174, 1, IB, V
148.2, 1305, 1, LTS, IV
148.2, 1893, 2, FS, V
148.2, 1903, 2, FS, V
148.2, 2247, 2, FS, III
148.2, 2261, 2, FS, III
148.3, 1132, 1, FS, V
148.3, 1134, 1, FS, V
148.3, 1146, 1, FS, V
148.3, 1911, 2, FS, V
148.3, 2240, 2, FS, III
148.4, 745, 0, LTS, III
148.4, 760, 0, LTS, III
148.4, 1151, 1, FS, V
148.4, 1902, 2, FS, V
148.5, 2274, 2, LTS, III
148.6, 388, 0, FS, V
148.7, 379, 0, FS, V
148.7, 1910, 2, FS, V
148.7, 2242, 2, FS, III
148.7, 2273, 2, LTS, III
148.8, 366, 0, FS, V
148.8, 370, 0, FS, V
148.8, 381, 0, FS, V
148.8, 1891, 2, FS, V
148.8, 1892, 2, FS, V
148.8, 1907, 2, FS, V
148.8, 2205, 2, RS, III
148.8, 2266, 2, LTS, III
148.8, 2269, 2, LTS, III
148.9, 374, 0, FS, V
148.9, 1900, 2, FS, V
148.9, 1914, 2, FS, V
149, 368, 0, FS, V
149, 1898, 2, FS, V
149, 1905, 2, FS, V
149.1, 382, 0, FS, V
149.1, 1772, 2, LTS, VI
149.1, 1888, 2, FS, V
149.1, 2245, 2, FS, III
149.1, 2258, 2, FS, III
149.1, 2282, 2, LTS, III
149.2, 1895, 2, FS, V
149.2, 1904, 2, FS, V
149.3, 732, 0, FS, III
149.3, 748, 0, LTS, III
149.3, 1489, 1, FS, III
149.4, 378, 0, FS, V
149.4, 1896, 2, FS, V
149.5, 1897, 2, FS, V
149.6, 390, 0, FS, V
149.6, 392, 0, FS, V
149.6, 714, 0, FS, III
149.6, 1908, 2, FS, V
149.6, 2655, 3, FS, V
149.7, 363, 0, FS, V
149.7, 718, 0, FS, III
149.8, 1909, 2, FS, V
149.9, 1890, 2, FS, V
149.9, 1906, 2, FS, V
150, 367, 0, FS, V
150, 3031, 3, LTS, III
150.1, 364, 0, FS, V
150.1, 387, 0, FS, V
150.1, 389, 0, FS, V
150.1, 1886, 2, FS, V
150.1, 1887, 2, FS, V
150.1, 2249, 2, FS, III
150.2, 391, 0, FS, V
150.2, 1129, 1, FS, V
150.2, 1913, 2, FS, V
150.3, 1885, 2, FS, V
150.4, 376, 0, FS, V
150.4, 377, 0, FS, V
150.4, 380, 0, FS, V
150.4, 756, 0, LTS, III
150.5, 371, 0, FS, V
150.5, 383, 0, FS, V
150.5, 1133, 1, FS, V
150.6, 365, 0, FS, V
150.6, 373, 0, FS, V
150.6, 385, 0, FS, V
150.6, 1124, 1, FS, V
150.6, 1149, 1, FS, V
150.7, 1126, 1, FS, V
150.7, 1142, 1, FS, V
150.7, 1145, 1, FS, V
150.7, 1899, 2, FS, V
150.7, 1912, 2, FS, V
150.8, 1127, 1, FS, V
150.8, 1130, 1, FS, V
150.8, 1136, 1, FS, V
150.8, 1147, 1, FS, V
150.8, 1150, 1, FS, V
150.8, 2065, 2, LTS, IV
150.9, 369, 0, FS, V
150.9, 1128, 1, FS, V
150.9, 1137, 1, FS, V
150.9, 1139, 1, FS, V
150.9, 1140, 1, FS, V
150.9, 1143, 1, FS, V
150.9, 1144, 1, FS, V
150.9, 1148, 1, FS, V
150.9, 1153, 1, FS, V
150.9, 1889, 2, FS, V
150.9, 2259, 2, FS, III
151, 375, 0, FS, V
151, 384, 0, FS, V
151, 1125, 1, FS, V
151, 1131, 1, FS, V
151, 1135, 1, FS, V
151, 1152, 1, FS, V
151, 2270, 2, LTS, III
151.1, 386, 0, FS, V
151.1, 1138, 1, FS, V
151.1, 1141, 1, FS, V
151.1, 1474, 1, FS, III
151.2, 1132, 1, FS, V
151.2, 1134, 1, FS, V
151.2, 1146, 1, FS, V
151.3, 1151, 1, FS, V
151.3, 1893, 2, FS, V
151.3, 1911, 2, FS, V
151.4, 1501, 1, FS, III
151.4, 1903, 2, FS, V
151.5, 1894, 2, FS, V
151.7, 366, 0, FS, V
151.7, 1892, 2, FS, V
151.8, 374, 0, FS, V
151.8, 727, 0, FS, III
152, 1888, 2, FS, V
152.1, 1891, 2, FS, V
152.1, 1902, 2, FS, V
152.2, 1900, 2, FS, V
152.2, 2672, 3, FS, V
152.3, 3792, 4, LTS, III
152.4, 2276, 2, LTS, III
152.7, 2665, 3, FS, V
152.8, 3017, 3, FS, III
153.1, 1129, 1, FS, V
153.1, 1898, 2, FS, V
153.4, 538, 0, LTS, IV
153.4, 1133, 1, FS, V
153.5, 1124, 1, FS, V
153.5, 1149, 1, FS, V
153.6, 1126, 1, FS, V
153.6, 1142, 1, FS, V
153.6, 1145, 1, FS, V
153.7, 1136, 1, FS, V
153.7, 1147, 1, FS, V
153.7, 1150, 1, FS, V
153.8, 1128, 1, FS, V
153.8, 1137, 1, FS, V
153.8, 1144, 1, FS, V
153.8, 1153, 1, FS, V
153.9, 1125, 1, FS, V
153.9, 1127, 1, FS, V
153.9, 1131, 1, FS, V
153.9, 1135, 1, FS, V
154, 392, 0, FS, V
154, 1141, 1, FS, V
154.2, 1151, 1, FS, V
154.3, 367, 0, FS, V
154.3, 1139, 1, FS, V
154.4, 1132, 1, FS, V
154.5, 1146, 1, FS, V
154.7, 1140, 1, FS, V
154.7, 1896, 2, FS, V
154.7, 3028, 3, LTS, III
155, 2826, 3, LTS, IV
155.1, 1134, 1, FS, V
155.3, 372, 0, FS, V
155.4, 1130, 1, FS, V
156, 3036, 3, LTS, III
156.6, 3032, 3, LTS, III
156.8, 3298, 4, LTS, VI
156.9, 2823, 3, LTS, IV
157.3, 3310, 4, LTS, VI
158.2, 3033, 3, LTS, III
158.8, 544, 0, LTS, IV
158.9, 2546, 3, LTS, VI
158.9, 2824, 3, LTS, IV
159.8, 2821, 3, LTS, IV
159.9, 3034, 3, LTS, III
160.3, 542, 0, LTS, IV
160.8, 3040, 3, LTS, III
161, 2059, 2, LTS, IV
163.2, 2551, 3, LTS, VI
165.1, 2532, 3, LTS, VI
169.7, 543, 0, LTS, IV
173.5, 2549, 3, LTS, VI
176.1, 2692, 3, LTS, V
179, 403, 0, LTS, V
179, 406, 0, LTS, V
179.9, 3586, 4, LTS, IV
180.1, 1918, 2, LTS, V
180.9, 1928, 2, LTS, V
181, 1170, 1, LTS, V
181.2, 1931, 2, LTS, V
181.5, 402, 0, LTS, V
181.5, 408, 0, LTS, V
181.6, 1932, 2, LTS, V
181.7, 1930, 2, LTS, V
181.8, 2542, 3, LTS, VI
181.9, 1921, 2, LTS, V
182, 398, 0, LTS, V
182, 1157, 1, LTS, V
182.1, 1923, 2, LTS, V
182.1, 1924, 2, LTS, V
182.2, 409, 0, LTS, V
182.3, 411, 0, LTS, V
182.6, 410, 0, LTS, V
182.7, 405, 0, LTS, V
182.7, 2693, 3, LTS, V
182.8, 396, 0, LTS, V
182.8, 397, 0, LTS, V
182.8, 1925, 2, LTS, V
182.8, 1926, 2, LTS, V
182.9, 395, 0, LTS, V
183.2, 1166, 1, LTS, V
183.2, 2684, 3, LTS, V
183.3, 1933, 2, LTS, V
183.4, 1920, 2, LTS, V
183.5, 1927, 2, LTS, V
183.9, 1164, 1, LTS, V
184, 1169, 1, LTS, V
184, 2686, 3, LTS, V
184.1, 1160, 1, LTS, V
184.2, 1167, 1, LTS, V
184.2, 1929, 2, LTS, V
184.3, 399, 0, LTS, V
184.4, 2685, 3, LTS, V
184.5, 1917, 2, LTS, V
184.7, 400, 0, LTS, V
184.7, 1922, 2, LTS, V
184.9, 1171, 1, LTS, V
185, 394, 0, LTS, V
185.1, 404, 0, LTS, V
185.1, 2063, 2, LTS, IV
185.1, 2680, 3, LTS, V
185.3, 1158, 1, LTS, V
185.4, 1163, 1, LTS, V
185.6, 1159, 1, LTS, V
185.6, 3450, 4, LTS, V
185.8, 1165, 1, LTS, V
185.8, 1916, 2, LTS, V
185.9, 1155, 1, LTS, V
185.9, 1162, 1, LTS, V
186, 407, 0, LTS, V
186.1, 1919, 2, LTS, V
186.3, 393, 0, LTS, V
186.5, 1156, 1, LTS, V
186.7, 1788, 2, LTS, VI
186.8, 3442, 4, LTS, V
187, 2691, 3, LTS, V
187.4, 2535, 3, LTS, VI
187.7, 2541, 3, LTS, VI
187.8, 1154, 1, LTS, V
187.8, 1161, 1, LTS, V
189.8, 1168, 1, LTS, V
190.9, 1172, 1, LTS, V
192.3, 2689, 3, LTS, V
192.4, 2679, 3, LTS, V
194.6, 1518, 1, LTS, III
198, 2687, 3, LTS, V
198.6, 3582, 4, LTS, IV
199.7, 3804, 4, LTS, III
200.2, 1510, 1, LTS, III
201.5, 758, 0, LTS, III
201.7, 3303, 4, LTS, VI
202.7, 537, 0, LTS, IV
204.9, 750, 0, LTS, III
206.3, 2277, 2, LTS, III
206.5, 3648, 4, RS, III
206.5, 3799, 4, LTS, III
207, 3795, 4, LTS, III
208, 1790, 2, LTS, VI
208.6, 3295, 4, LTS, VI
209.8, 3038, 3, LTS, III
210.4, 2275, 2, LTS, III
210.5, 2534, 3, LTS, VI
211.4, 1992, 2, RS, IV
214.6, 1918, 2, LTS, V
214.7, 3379, 4, RS, V
214.9, 751, 0, LTS, III
215, 1158, 1, LTS, V
215, 1516, 1, LTS, III
215.4, 401, 0, LTS, V
216.3, 3316, 4, RS, V
216.8, 2270, 2, LTS, III
218.4, 1979, 2, RS, IV
219.4, 1164, 1, LTS, V
223.3, 1163, 1, LTS, V
223.4, 268, 0, LTS, VI
223.4, 402, 0, LTS, V
223.5, 2747, 3, RS, IV
224.7, 1029, 1, LTS, VI
224.7, 3587, 4, LTS, IV
224.9, 1157, 1, LTS, V
224.9, 2060, 2, LTS, IV
225.1, 408, 0, LTS, V
227.6, 3447, 4, LTS, V
227.6, 3702, 4, RS, III
228.3, 1773, 2, LTS, VI
228.3, 3598, 4, RS, III
228.7, 1167, 1, LTS, V
228.7, 1169, 1, LTS, V
231.2, 2820, 3, LTS, IV
231.9, 266, 0, LTS, VI
233.2, 1780, 2, LTS, VI
235.1, 1012, 1, LTS, VI
236.1, 1775, 2, LTS, VI
236.1, 2065, 2, LTS, IV
237.8, 755, 0, LTS, III
239.5, 2313, 3, RS, VI
240.6, 2495, 3, RS, VI
242.2, 3043, 3, LTS, III
242.4, 406, 0, LTS, V
242.6, 1781, 2, LTS, VI
243.2, 1931, 2, LTS, V
244, 1776, 2, LTS, VI
244.5, 1831, 2, RS, V
244.8, 1864, 2, RS, V
244.8, 2915, 3, RS, III
251.2, 3033, 3, LTS, III
251.4, 165, 0, RS, VI
251.9, 1019, 1, LTS, VI
253.6, 2602, 3, RS, V
253.7, 1928, 2, LTS, V
254.9, 3457, 4, IB, V
255.7, 2681, 3, LTS, V
255.9, 252, 0, LTS, VI
257.5, 2535, 3, LTS, VI
261.5, 3454, 4, LTS, V
264.2, 395, 0, LTS, V
264.9, 2685, 3, LTS, V
266.3, 398, 0, LTS, V
266.6, 1925, 2, LTS, V
266.9, 1932, 2, LTS, V
267.5, 3034, 3, LTS, III
267.6, 1785, 2, LTS, VI
268.1, 2550, 3, LTS, VI
268.6, 3789, 4, LTS, III
268.7, 3603, 4, RS, III
268.8, 542, 0, LTS, IV
269.8, 2545, 3, LTS, VI
269.8, 2551, 3, LTS, VI
270.2, 263, 0, LTS, VI
270.9, 1506, 1, LTS, III
271.4, 396, 0, LTS, V
271.5, 2154, 2, RS, III
274, 2780, 3, RS, IV
275.6, 3794, 4, LTS, III
276.6, 1159, 1, LTS, V
278.5, 3792, 4, LTS, III
279.8, 1790, 2, LTS, VI
280, 3312, 4, LTS, VI
282.9, 2825, 3, LTS, IV
284.3, 3504, 4, RS, IV
284.5, 3350, 4, RS, V
288.3, 3455, 4, LTS, V
288.4, 3296, 4, LTS, VI
290.7, 3297, 4, LTS, VI
291.7, 2268, 2, LTS, III
293.5, 1771, 2, LTS, VI
295.6, 1303, 1, LTS, IV
296.1, 3582, 4, LTS, IV
298, 1027, 1, LTS, VI
299.1, 3307, 4, LTS, VI
299.2, 2826, 3, LTS, IV
299.3, 261, 0, LTS, VI
299.4, 2277, 2, LTS, III
300.6, 3802, 4, LTS, III
300.7, 1923, 2, LTS, V
301.4, 2272, 2, LTS, III
302.1, 1021, 1, LTS, VI
302.3, 1780, 2, LTS, VI
304.9, 3799, 4, LTS, III
305.2, 2546, 3, LTS, VI
305.4, 254, 0, LTS, VI
309.9, 258, 0, LTS, VI
310.1, 3442, 4, LTS, V
311, 1171, 1, LTS, V
312.7, 1509, 1, LTS, III
313.1, 406, 0, LTS, V
313.1, 2691, 3, LTS, V
313.6, 2689, 3, LTS, V
314.5, 397, 0, LTS, V
315.1, 3038, 3, LTS, III
315.9, 3037, 3, LTS, III
316.1, 2549, 3, LTS, VI
318.9, 409, 0, LTS, V
325.1, 1028, 1, LTS, VI
326.1, 2063, 2, LTS, IV
326.6, 3452, 4, LTS, V
327.4, 2534, 3, LTS, VI
327.5, 1302, 1, LTS, IV
328.5, 1920, 2, LTS, V
329.2, 2585, 3, RS, V
329.5, 3804, 4, LTS, III
330.5, 2537, 3, LTS, VI
330.9, 3302, 4, LTS, VI
331.7, 1013, 1, LTS, VI
331.9, 3440, 4, LTS, V
332.6, 953, 1, RS, VI
332.6, 1169, 1, LTS, V
333.1, 543, 0, LTS, IV
333.4, 760, 0, LTS, III
333.5, 402, 0, LTS, V
335, 1786, 2, LTS, VI
337.2, 3581, 4, LTS, IV
337.3, 1788, 2, LTS, VI
337.5, 541, 0, LTS, IV
337.9, 259, 0, LTS, VI
337.9, 1029, 1, LTS, VI
338, 3587, 4, LTS, IV
340.1, 2824, 3, LTS, IV
344.5, 3295, 4, LTS, VI
347.1, 1930, 2, LTS, V
347.7, 2741, 3, RS, IV
350.3, 2680, 3, LTS, V
350.4, 3043, 3, LTS, III
352.3, 1304, 1, LTS, IV
353.3, 2536, 3, LTS, VI
353.4, 2060, 2, LTS, IV
353.4, 2270, 2, LTS, III
353.8, 1016, 1, LTS, VI
355.9, 190, 0, RS, VI
357.2, 1521, 1, LTS, III
359.1, 1918, 2, LTS, V
360, 1785, 2, LTS, VI
361.4, 268, 0, LTS, VI
363.4, 3796, 4, LTS, III
363.5, 1774, 2, LTS, VI
364.6, 1170, 1, LTS, V
366.4, 429, 0, IB, V
366.4, 2267, 2, LTS, III
366.7, 2552, 3, LTS, VI
367.1, 1299, 1, LTS, IV
368.1, 3039, 3, LTS, III
369.3, 2821, 3, LTS, IV
369.5, 1781, 2, LTS, VI
371.4, 1933, 2, LTS, V
371.4, 2681, 3, LTS, V
375.3, 1518, 1, LTS, III
375.8, 1773, 2, LTS, VI
376.4, 3800, 4, LTS, III
376.8, 1158, 1, LTS, V
379.6, 755, 0, LTS, III
381.1, 263, 0, LTS, VI
381.3, 545, 0, LTS, IV
382.6, 3312, 4, LTS, VI
383.3, 398, 0, LTS, V
383.3, 3298, 4, LTS, VI
384.1, 1511, 1, LTS, III
388.9, 2544, 3, LTS, VI
389.5, 745, 0, LTS, III
392.4, 3441, 4, LTS, V
393.7, 399, 0, LTS, V
394.8, 2542, 3, LTS, VI
394.9, 3033, 3, LTS, III
396.1, 396, 0, LTS, V
396.7, 3454, 4, LTS, V
397.6, 2551, 3, LTS, VI
398.3, 401, 0, LTS, V
398.3, 3296, 4, LTS, VI
401.4, 3518, 4, RS, IV
403.2, 3585, 4, LTS, IV
406, 2679, 3, LTS, V
406.2, 2124, 2, RS, III
406.2, 2266, 2, LTS, III
406.6, 3031, 3, LTS, III
408.9, 2277, 2, LTS, III
409.6, 3452, 4, LTS, V
410.6, 1635, 2, RS, VI
411, 3792, 4, LTS, III
411.4, 1506, 1, LTS, III
414.6, 252, 0, LTS, VI
414.8, 267, 0, LTS, VI
417, 1515, 1, LTS, III
417.8, 3041, 3, LTS, III
420.4, 2281, 2, LTS, III
421.7, 1014, 1, LTS, VI
421.7, 1505, 1, LTS, III
422.3, 249, 0, LTS, VI
424.5, 3101, 4, RS, VI
425.2, 1706, 2, RS, VI
425.4, 1779, 2, LTS, VI
425.6, 1027, 1, LTS, VI
426.3, 2826, 3, LTS, IV
428.6, 397, 0, LTS, V
430.3, 2128, 2, RS, III
431.2, 3447, 4, LTS, V
431.8, 1780, 2, LTS, VI
432.5, 750, 0, LTS, III
433.7, 537, 0, LTS, IV
434, 1928, 2, LTS, V
434.8, 2267, 2, LTS, III
435.7, 2063, 2, LTS, IV
437.8, 1167, 1, LTS, V
440.5, 266, 0, LTS, VI
441, 752, 0, LTS, III
441.6, 1790, 2, LTS, VI
441.8, 2958, 3, RS, III
442, 3440, 4, LTS, V
442.2, 2065, 2, LTS, IV
445.1, 403, 0, LTS, V
447.2, 258, 0, LTS, VI
447.3, 1012, 1, LTS, VI
449.8, 2689, 3, LTS, V
452.6, 3042, 3, LTS, III
453, 543, 0, LTS, IV
453.1, 268, 0, LTS, VI
454.7, 2824, 3, LTS, IV
454.9, 1015, 1, LTS, VI
456.8, 1783, 2, LTS, VI
457.6, 306, 0, RS, V
458.3, 2566, 3, RS, V
458.7, 3038, 3, LTS, III
460.2, 2546, 3, LTS, VI
462, 758, 0, LTS, III
462.1, 3310, 4, LTS, VI
463.4, 1023, 1, LTS, VI
464.2, 1785, 2, LTS, VI
464.4, 1516, 1, LTS, III
464.6, 2693, 3, LTS, V
465.2, 2278, 2, LTS, III
466, 3184, 4, RS, VI
468.9, 3523, 4, RS, IV
471.3, 1024, 1, LTS, VI
473, 263, 0, LTS, VI
474.2, 1170, 1, LTS, V
475.4, 1020, 1, LTS, VI
475.7, 3802, 4, LTS, III
476.8, 1028, 1, LTS, VI
477.8, 1771, 2, LTS, VI
479, 1169, 1, LTS, V
479.5, 1159, 1, LTS, V
480.2, 2535, 3, LTS, VI
480.9, 3794, 4, LTS, III
483.9, 3587, 4, LTS, IV
484.5, 3033, 3, LTS, III
485.3, 3589, 4, LTS, IV
485.4, 3449, 4, LTS, V
487.8, 1164, 1, LTS, V
490.5, 2679, 3, LTS, V
491.4, 538, 0, LTS, IV
491.4, 1774, 2, LTS, VI
492.9, 1784, 2, LTS, VI
493.8, 745, 0, LTS, III
494.3, 2268, 2, LTS, III
502.1, 2272, 2, LTS, III
502.9, 3028, 3, LTS, III
503.5, 3582, 4, LTS, IV
503.6, 2686, 3, LTS, V
505.3, 3789, 4, LTS, III
506.6, 2541, 3, LTS, VI
507.9, 2273, 2, LTS, III
508.5, 3443, 4, LTS, V
508.6, 2536, 3, LTS, VI
508.7, 760, 0, LTS, III
513.3, 1792, 2, LTS, VI
513.4, 406, 0, LTS, V
514.6, 759, 0, LTS, III
514.6, 2534, 3, LTS, VI
515.6, 260, 0, LTS, VI
516.9, 261, 0, LTS, VI
517.1, 1302, 1, LTS, IV
518.3, 2821, 3, LTS, IV
519.9, 3447, 4, LTS, V
522.9, 396, 0, LTS, V
523.2, 1111, 1, RS, V
523.9, 1509, 1, LTS, III
524.8, 3307, 4, LTS, VI
525.1, 3452, 4, LTS, V
525.2, 1160, 1, LTS, V
528.9, 1318, 1, RS, III
529, 3296, 4, LTS, VI
531.8, 3448, 4, LTS, V
533.2, 259, 0, LTS, VI
533.2, 1027, 1, LTS, VI
534.5, 258, 0, LTS, VI
534.8, 1788, 2, LTS, VI
536.3, 1317, 1, RS, III
536.9, 1090, 1, RS, V
538.7, 2060, 2, LTS, IV
539.2, 3303, 4, LTS, VI
542.8, 3798, 4, LTS, III
543.4, 1167, 1, LTS, V
544.5, 1810, 2, RS, V
546.9, 1116, 1, RS, V
547.1, 1418, 1, RS, III
548, 543, 0, LTS, IV
548.2, 1515, 1, LTS, III
548.3, 1781, 2, LTS, VI
548.4, 1775, 2, LTS, VI
549.3, 1303, 1, LTS, IV
550.1, 1071, 1, RS, V
551.2, 1061, 1, RS, V
552.2, 1925, 2, LTS, V
552.9, 253, 0, LTS, VI
553.2, 1780, 2, LTS, VI
553.2, 2277, 2, LTS, III
553.9, 748, 0, LTS, III
555.6, 2689, 3, LTS, V
556.2, 3799, 4, LTS, III
558.8, 1920, 2, LTS, V
559, 1022, 1, LTS, VI
562.4, 3585, 4, LTS, IV
563.7, 3302, 4, LTS, VI
564.5, 1776, 2, LTS, VI
564.8, 1928, 2, LTS, V
565.7, 744, 0, LTS, III
567.3, 747, 0, LTS, III
567.4, 408, 0, LTS, V
567.9, 2531, 3, LTS, VI
569.5, 3038, 3, LTS, III
569.6, 1918, 2, LTS, V
572.2, 3795, 4, LTS, III
572.3, 254, 0, LTS, VI
573.5, 3257, 4, RS, VI
573.8, 1304, 1, LTS, IV
573.9, 252, 0, LTS, VI
574.3, 1029, 1, LTS, VI
574.4, 745, 0, LTS, III
575.1, 3295, 4, LTS, VI
575.3, 3309, 4, LTS, VI
578.2, 402, 0, LTS, V
582.5, 2064, 2, LTS, IV
586.2, 2279, 2, LTS, III
586.6, 2820, 3, LTS, IV
586.9, 1924, 2, LTS, V
587.1, 2681, 3, LTS, V
587.7, 406, 0, LTS, V
588.2, 3447, 4, LTS, V
589.4, 1770, 2, LTS, VI
592.2, 266, 0, LTS, VI
593.1, 2063, 2, LTS, IV
594.1, 2267, 2, LTS, III
595.6, 541, 0, LTS, IV
596.2, 2679, 3, LTS, V
596.5, 1790, 2, LTS, VI
600.1, 3310, 4, LTS, VI
600.6, 2552, 3, LTS, VI
600.9, 3450, 4, LTS, V
601.2, 3043, 3, LTS, III
602.6, 2821, 3, LTS, IV
602.7, 3040, 3, LTS, III
605, 3582, 4, LTS, IV
606.6, 396, 0, LTS, V
606.9, 2692, 3, LTS, V
606.9, 2826, 3, LTS, IV
608.4, 1516, 1, LTS, III
608.5, 1024, 1, LTS, VI
609, 2824, 3, LTS, IV
609.3, 1302, 1, LTS, IV
610.8, 1780, 2, LTS, VI
613.1, 3794, 4, LTS, III
614.5, 3297, 4, LTS, VI
615.9, 2549, 3, LTS, VI
617.6, 1163, 1, LTS, V
620, 3804, 4, LTS, III
620.1, 1789, 2, LTS, VI
620.7, 585, 0, RS, III
623.6, 399, 0, LTS, V
625.7, 1011, 1, LTS, VI
627.4, 1785, 2, LTS, VI
627.9, 1170, 1, LTS, V
627.9, 2280, 2, LTS, III
629.2, 3031, 3, LTS, III
629.8, 3312, 4, LTS, VI
630.4, 3039, 3, LTS, III
630.6, 330, 0, RS, V
632.3, 756, 0, LTS, III
632.5, 403, 0, LTS, V
633.5, 2691, 3, LTS, V
634, 2065, 2, LTS, IV
634.9, 2685, 3, LTS, V
635.6, 1306, 1, LTS, IV
637, 1159, 1, LTS, V
639.1, 408, 0, LTS, V
641.4, 1689, 2, RS, VI
642, 3792, 4, LTS, III
642.3, 258, 0, LTS, VI
642.6, 1773, 2, LTS, VI
642.9, 1171, 1, LTS, V
643.1, 2270, 2, LTS, III
643.2, 2272, 2, LTS, III
644.1, 1506, 1, LTS, III
647.3, 2273, 2, LTS, III
648.1, 2546, 3, LTS, VI
649.6, 2276, 2, LTS, III
650.7, 745, 0, LTS, III
652.3, 1160, 1, LTS, V
654.9, 1863, 2, RS, V
655.5, 3295, 4, LTS, VI
656.2, 2551, 3, LTS, VI
656.7, 758, 0, LTS, III
657.1, 3028, 3, LTS, III
657.2, 750, 0, LTS, III
657.2, 3440, 4, LTS, V
657.5, 1012, 1, LTS, VI
657.5, 1019, 1, LTS, VI
658.8, 398, 0, LTS, V
658.9, 1027, 1, LTS, VI
660.2, 1028, 1, LTS, VI
661.6, 1023, 1, LTS, VI
661.8, 3311, 4, LTS, VI
668, 2282, 2, LTS, III
669.5, 2542, 3, LTS, VI
671, 1784, 2, LTS, VI
673.7, 267, 0, LTS, VI
677, 2537, 3, LTS, VI
677.1, 3587, 4, LTS, IV
677.9, 252, 0, LTS, VI
679.2, 259, 0, LTS, VI
679.6, 1303, 1, LTS, IV
680.4, 3585, 4, LTS, IV
683.1, 1790, 2, LTS, VI
685.7, 1918, 2, LTS, V
686.9, 402, 0, LTS, V
687.3, 2824, 3, LTS, IV
689.3, 2535, 3, LTS, VI
690.1, 1771, 2, LTS, VI
690.2, 1164, 1, LTS, V
693.5, 3296, 4, LTS, VI
695.5, 3310, 4, LTS, VI
696, 3027, 3, LTS, III
696.9, 3303, 4, LTS, VI
700.2, 2821, 3, LTS, IV
700.4, 3298, 4, LTS, VI
700.7, 3302, 4, LTS, VI
701.1, 1156, 1, LTS, V
701.9, 543, 0, LTS, IV
702.7, 2689, 3, LTS, V
703.2, 312, 0, RS, V
703.2, 2004, 2, RS, IV
705.4, 755, 0, LTS, III
705.5, 1162, 1, LTS, V
706, 3043, 3, LTS, III
706.4, 1520, 1, LTS, III
708.6, 1029, 1, LTS, VI
708.7, 1024, 1, LTS, VI
709.9, 266, 0, LTS, VI
710, 1158, 1, LTS, V
713.6, 1925, 2, LTS, V
714.9, 3799, 4, LTS, III
714.9, 3802, 4, LTS, III
715.7, 254, 0, LTS, VI
715.8, 2692, 3, LTS, V
716.9, 1509, 1, LTS, III
717.5, 2267, 2, LTS, III
718.3, 2548, 3, LTS, VI
719.4, 1780, 2, LTS, VI
719.7, 3040, 3, LTS, III
720.3, 2216, 2, RS, III
721.4, 2269, 2, LTS, III
722.2, 1298, 1, LTS, IV
723.6, 2680, 3, LTS, V
724.5, 1302, 1, LTS, IV
726.4, 1170, 1, LTS, V
728.1, 1775, 2, LTS, VI
728.4, 2546, 3, LTS, VI
728.4, 2549, 3, LTS, VI
728.7, 3795, 4, LTS, III
728.8, 545, 0, LTS, IV
733.1, 3450, 4, LTS, V
735, 3031, 3, LTS, III
735.1, 2111, 2, RS, III
737.5, 2065, 2, LTS, IV
739.8, 1516, 1, LTS, III
740.7, 1928, 2, LTS, V
742.8, 3452, 4, LTS, V
743.5, 3307, 4, LTS, VI
746.7, 3038, 3, LTS, III
748.3, 309, 0, RS, V
748.9, 2682, 3, LTS, V
749.3, 1169, 1, LTS, V
749.9, 3034, 3, LTS, III
750.8, 2541, 3, LTS, VI
751.4, 2081, 2, RS, III
754.2, 966, 1, RS, VI
758.6, 3309, 4, LTS, VI
760.9, 1845, 2, RS, V
762.4, 259, 0, LTS, VI
762.6, 2277, 2, LTS, III
762.9, 2826, 3, LTS, IV
763, 1027, 1, LTS, VI
763, 3032, 3, LTS, III
763.2, 2691, 3, LTS, V
763.7, 3447, 4, LTS, V
766.1, 2537, 3, LTS, VI
767.1, 212, 0, RS, VI
768.4, 406, 0, LTS, V
768.4, 1930, 2, LTS, V
768.7, 2534, 3, LTS, VI
771.2, 1299, 1, LTS, IV
771.3, 2683, 3, LTS, V
771.7, 2551, 3, LTS, VI
773.6, 3041, 3, LTS, III
773.6, 3306, 4, LTS, VI
776.9, 1228, 1, RS, IV
777.5, 759, 0, LTS, III
779.1, 268, 0, LTS, VI
779.5, 397, 0, LTS, V
783.1, 398, 0, LTS, V
784.2, 253, 0, LTS, VI
784.3, 2545, 3, LTS, VI
785.3, 1789, 2, LTS, VI
786.5, 1155, 1, LTS, V
786.8, 2063, 2, LTS, IV
787.3, 2689, 3, LTS, V
788, 1774, 2, LTS, VI
789.5, 1924, 2, LTS, V
792.2, 541, 0, LTS, IV
792.5, 2060, 2, LTS, IV
793.5, 1171, 1, LTS, V
794.6, 2824, 3, LTS, IV
797.2, 1517, 1, LTS, III
797.4, 1023, 1, LTS, VI
798.7, 1776, 2, LTS, VI
799.2, 2685, 3, LTS, V
799.6, 403, 0, LTS, V
801.1, 1158, 1, LTS, V
801.3, 3305, 4, LTS, VI
802.2, 3303, 4, LTS, VI
802.4, 3586, 4, LTS, IV
806.5, 757, 0, LTS, III
808.7, 396, 0, LTS, V
811.4, 1788, 2, LTS, VI
812, 3043, 3, LTS, III
812.6, 1030, 1, LTS, VI
812.8, 2535, 3, LTS, VI
816.9, 402, 0, LTS, V
817.5, 1918, 2, LTS, V
818.2, 3587, 4, LTS, IV
821.5, 3582, 4, LTS, IV
824, 1164, 1, LTS, V
825.4, 3789, 4, LTS, III
826.6, 2679, 3, LTS, V
826.8, 3312, 4, LTS, VI
827.6, 1780, 2, LTS, VI
827.8, 3327, 4, RS, V
828.5, 2280, 2, LTS, III
828.5, 3458, 4, IB, V
830.1, 1157, 1, LTS, V
831.3, 1302, 1, LTS, IV
833.1, 1513, 1, LTS, III
835.2, 1167, 1, LTS, V
835.7, 3452, 4, LTS, V
836, 1013, 1, LTS, VI
836.4, 1029, 1, LTS, VI
836.8, 2686, 3, LTS, V
836.9, 3799, 4, LTS, III
839, 766, 1, RS, VI
840, 1928, 2, LTS, V
841.9, 1770, 2, LTS, VI
841.9, 2949, 3, RS, III
844.8, 3793, 4, LTS, III
845.3, 3450, 4, LTS, V
846, 61, 0, RS, VI
846.4, 744, 0, LTS, III
846.5, 1506, 1, LTS, III
847.5, 1773, 2, LTS, VI
848.5, 825, 1, RS, VI
849, 406, 0, LTS, V
849.6, 2821, 3, LTS, IV
850.2, 1165, 1, LTS, V
850.4, 1790, 2, LTS, VI
850.9, 760, 0, LTS, III
852, 748, 0, LTS, III
853.4, 395, 0, LTS, V
854.5, 1919, 2, LTS, V
855.7, 2578, 3, RS, V
856.2, 2546, 3, LTS, VI
856.3, 409, 0, LTS, V
856.4, 266, 0, LTS, VI
856.4, 3298, 4, LTS, VI
856.9, 1163, 1, LTS, V
857.3, 2570, 3, RS, V
857.9, 2544, 3, LTS, VI
865.2, 3027, 3, LTS, III
865.9, 537, 0, LTS, IV
866.7, 538, 0, LTS, IV
867.3, 1303, 1, LTS, IV
867.5, 1511, 1, LTS, III
867.5, 1785, 2, LTS, VI
867.8, 3804, 4, LTS, III
868.4, 2680, 3, LTS, V
869.9, 1521, 1, LTS, III
871.3, 3041, 3, LTS, III
873.1, 3585, 4, LTS, IV
873.8, 1783, 2, LTS, VI
873.9, 3440, 4, LTS, V
875.7, 2873, 3, RS, III
876.9, 1230, 1, RS, IV
879.1, 2551, 3, LTS, VI
881.8, 3794, 4, LTS, III
884.3, 2681, 3, LTS, V
886.5, 2541, 3, LTS, VI
886.7, 1019, 1, LTS, VI
887.9, 3441, 4, LTS, V
888.9, 1774, 2, LTS, VI
889.3, 758, 0, LTS, III
890.1, 1918, 2, LTS, V
890.3, 2710, 3, IB, V
892.6, 2550, 3, LTS, VI
894, 1512, 1, LTS, III
894.2, 1164, 1, LTS, V
896.9, 1791, 2, LTS, VI
897.8, 259, 0, LTS, VI
898.3, 755, 0, LTS, III
900, 254, 0, LTS, VI
902.3, 2271, 2, LTS, III
902.4, 1775, 2, LTS, VI
905.9, 3307, 4, LTS, VI
906, 399, 0, LTS, V
906, 2691, 3, LTS, V
910.4, 3801, 4, LTS, III
911, 1516, 1, LTS, III
915.1, 1024, 1, LTS, VI
916.2, 1169, 1, LTS, V
916.8, 397, 0, LTS, V
918.1, 3586, 4, LTS, IV
918.7, 2067, 2, LTS, IV
918.8, 541, 0, LTS, IV
919, 749, 0, LTS, III
919, 3306, 4, LTS, VI
919.1, 1784, 2, LTS, VI
922.4, 263, 0, LTS, VI
922.4, 270, 0, LTS, VI
923.1, 2689, 3, LTS, V
924.5, 408, 0, LTS, V
924.9, 1519, 1, LTS, III
925.8, 1167, 1, LTS, V
926.9, 2552, 3, LTS, VI
928, 3587, 4, LTS, IV
928.1, 3040, 3, LTS, III
932.9, 1925, 2, LTS, V
933.8, 3452, 4, LTS, V
933.9, 396, 0, LTS, V
934.7, 268, 0, LTS, VI
936.4, 2537, 3, LTS, VI
937.1, 2535, 3, LTS, VI
937.4, 1509, 1, LTS, III
938.5, 1780, 2, LTS, VI
939.6, 1631, 2, RS, VI
941.3, 1790, 2, LTS, VI
941.8, 2549, 3, LTS, VI
942.4, 2826, 3, LTS, IV
944.2, 2065, 2, LTS, IV
944.3, 1917, 2, LTS, V
945.7, 1014, 1, LTS, VI
946.5, 2060, 2, LTS, IV
947.4, 430, 0, IB, V
949.8, 3310, 4, LTS, VI
950.5, 3309, 4, LTS, VI
951, 203, 0, RS, VI
951.7, 3439, 4, LTS, V
952.9, 410, 0, LTS, V
953.5, 2063, 2, LTS, IV
954.1, 2551, 3, LTS, VI
955.3, 1306, 1, LTS, IV
955.4, 1782, 2, LTS, VI
956.6, 1027, 1, LTS, VI
957, 1928, 2, LTS, V
957.4, 258, 0, LTS, VI
957.4, 3799, 4, LTS, III
959, 3440, 4, LTS, V
959.2, 1516, 1, LTS, III
961.4, 1776, 2, LTS, VI
961.7, 748, 0, LTS, III
962.4, 1521, 1, LTS, III
963.3, 1520, 1, LTS, III
965.9, 1432, 1, RS, III
968.6, 2280, 2, LTS, III
968.8, 3450, 4, LTS, V
972.1, 2692, 3, LTS, V
973, 403, 0, LTS, V
976.6, 427, 0, IB, V
979, 2686, 3, LTS, V
980.3, 750, 0, LTS, III
980.8, 3296, 4, LTS, VI
981.4, 2680, 3, LTS, V
981.8, 2542, 3, LTS, VI
983.7, 1013, 1, LTS, VI
984.7, 1513, 1, LTS, III
987.7, 1771, 2, LTS, VI
990.8, 1788, 2, LTS, VI
991.7, 2546, 3, LTS, VI
992.5, 3302, 4, LTS, VI
992.6, 1930, 2, LTS, V
995.2, 1924, 2, LTS, V
997.8, 262, 0, LTS, VI
998.7, 2693, 3, LTS, V
999.8, 1302, 1, LTS, IV
