4.8, 1156, 1, LTS, V
4.8, 1778, 2, LTS, VI
4.8, 2282, 2, LTS, III
5.1, 542, 0, LTS, IV
5.1, 1931, 2, LTS, V
5.2, 1021, 1, LTS, VI
5.3, 1304, 1, LTS, IV
5.3, 1779, 2, LTS, VI
5.4, 1162, 1, LTS, V
5.4, 1783, 2, LTS, VI
5.6, 749, 0, LTS, III
5.8, 2683, 3, LTS, V
5.9, 2272, 2, LTS, III
6, 1028, 1, LTS, VI
6, 1792, 2, LTS, VI
6, 3569, 4, LTS, IV
6.5, 2546, 3, LTS, VI
6.5, 2692, 3, LTS, V
6.5, 2932, 3, RS, III
6.6, 261, 0, LTS, VI
6.6, 1166, 1, LTS, V
6.7, 1930, 2, LTS, V
6.7, 3199, 4, RS, VI
6.8, 1520, 1, LTS, III
6.9, 1031, 1, LTS, VI
7.4, 532, 0, LTS, IV
7.5, 3572, 4, LTS, IV
7.6, 2687, 3, LTS, V
7.6, 3581, 4, LTS, IV
7.7, 168, 0, RS, VI
7.7, 3446, 4, LTS, V
7.9, 1515, 1, LTS, III
7.9, 3301, 4, LTS, VI
8, 827, 1, RS, VI
8, 1286, 1, LTS, IV
8.1, 748, 0, LTS, III
8.1, 3041, 3, LTS, III
8.4, 1519, 1, LTS, III
8.4, 2817, 3, LTS, IV
8.4, 3300, 4, LTS, VI
8.8, 2548, 3, LTS, VI
8.9, 1285, 1, LTS, IV
9, 394, 0, LTS, V
9.2, 256, 0, LTS, VI
9.2, 401, 0, LTS, V
9.3, 3311, 4, LTS, VI
9.3, 3586, 4, LTS, IV
9.5, 756, 0, LTS, III
9.5, 3305, 4, LTS, VI
9.6, 2060, 2, LTS, IV
9.7, 757, 0, LTS, III
9.7, 1921, 2, LTS, V
9.8, 1170, 1, LTS, V
9.8, 3576, 4, LTS, IV
10, 2551, 3, LTS, VI
10.2, 3037, 3, LTS, III
10.7, 3450, 4, LTS, V
11.1, 528, 0, LTS, IV
11.2, 1298, 1, LTS, IV
11.2, 2539, 3, LTS, VI
11.6, 1782, 2, LTS, VI
11.6, 2544, 3, LTS, VI
11.7, 396, 0, LTS, V
11.9, 1305, 1, LTS, IV
12.1, 3038, 3, LTS, III
12.1, 3304, 4, LTS, VI
12.2, 260, 0, LTS, VI
12.2, 268, 0, LTS, VI
12.2, 1295, 1, LTS, IV
12.2, 2818, 3, LTS, IV
12.5, 269, 0, LTS, VI
12.5, 755, 0, LTS, III
12.6, 1929, 2, LTS, V
12.7, 1785, 2, LTS, VI
12.7, 2826, 3, LTS, IV
12.8, 3798, 4, LTS, III
12.9, 2065, 2, LTS, IV
13.3, 3314, 4, LTS, VI
13.4, 2691, 3, LTS, V
13.6, 752, 0, LTS, III
13.6, 2276, 2, LTS, III
13.6, 3451, 4, LTS, V
13.7, 2050, 2, LTS, IV
13.7, 2685, 3, LTS, V
13.9, 2825, 3, LTS, IV
14.5, 544, 0, LTS, IV
14.5, 1025, 1, LTS, VI
14.6, 1299, 1, LTS, IV
14.8, 267, 0, LTS, VI
15, 2055, 2, LTS, IV
15.1, 3302, 4, LTS, VI
15.2, 3804, 4, LTS, III
15.3, 2681, 3, LTS, V
15.4, 258, 0, LTS, VI
15.5, 530, 0, LTS, IV
15.6, 539, 0, LTS, IV
15.6, 1169, 1, LTS, V
15.6, 1513, 1, LTS, III
16, 541, 0, LTS, IV
16.1, 1030, 1, LTS, VI
16.2, 2812, 3, LTS, IV
16.5, 2811, 3, LTS, IV
16.6, 1167, 1, LTS, V
16.6, 2549, 3, LTS, VI
16.8, 3573, 4, LTS, IV
17, 1291, 1, LTS, IV
17.2, 1163, 1, LTS, V
17.2, 2810, 3, LTS, IV
17.4, 1518, 1, LTS, III
17.5, 1023, 1, LTS, VI
17.5, 1925, 2, LTS, V
17.5, 3439, 4, LTS, V
17.9, 2047, 2, LTS, IV
18, 535, 0, LTS, IV
18.2, 2275, 2, LTS, III
18.3, 3588, 4, LTS, IV
18.4, 3313, 4, LTS, VI
18.5, 540, 0, LTS, IV
18.5, 758, 0, LTS, III
18.9, 393, 0, LTS, V
18.9, 1303, 1, LTS, IV
19.2, 2821, 3, LTS, IV
19.5, 1155, 1, LTS, V
19.6, 1292, 1, LTS, IV
19.6, 1521, 1, LTS, III
19.7, 2550, 3, LTS, VI
20.2, 397, 0, LTS, V
20.2, 754, 0, LTS, III
20.2, 2280, 2, LTS, III
20.2, 3034, 3, LTS, III
20.4, 405, 0, LTS, V
20.5, 402, 0, LTS, V
20.5, 2270, 2, LTS, III
21.5, 3797, 4, LTS, III
21.6, 2813, 3, LTS, IV
21.7, 2059, 2, LTS, IV
21.8, 2541, 3, LTS, VI
21.9, 2690, 3, LTS, V
22.1, 543, 0, LTS, IV
22.3, 2689, 3, LTS, V
23.3, 1927, 2, LTS, V
23.4, 2066, 2, LTS, IV
23.4, 2815, 3, LTS, IV
23.6, 3035, 3, LTS, III
23.9, 1289, 1, LTS, IV
24.1, 537, 0, LTS, IV
24.1, 3792, 4, LTS, III
24.4, 3441, 4, LTS, V
25.7, 1512, 1, LTS, III
25.8, 2274, 2, LTS, III
26.6, 3574, 4, LTS, IV
26.7, 2828, 3, LTS, IV
26.8, 1287, 1, LTS, IV
27, 1789, 2, LTS, VI
27.3, 3443, 4, LTS, V
27.6, 533, 0, LTS, IV
27.7, 3449, 4, LTS, V
28.1, 1514, 1, LTS, III
28.5, 2677, 3, LTS, V
28.7, 1017, 1, LTS, VI
28.7, 3581, 4, LTS, IV
29.1, 525, 0, LTS, IV
29.3, 2051, 2, LTS, IV
30.6, 1916, 2, LTS, V
30.6, 2553, 3, LTS, VI
30.8, 3043, 3, LTS, III
31.1, 1294, 1, LTS, IV
31.4, 2823, 3, LTS, IV
31.5, 2822, 3, LTS, IV
31.7, 1027, 1, LTS, VI
31.7, 3039, 3, LTS, III
31.7, 3802, 4, LTS, III
31.9, 2820, 3, LTS, IV
32.1, 257, 0, LTS, VI
32.8, 3796, 4, LTS, III
32.9, 2548, 3, LTS, VI
32.9, 3031, 3, LTS, III
33.2, 1922, 2, LTS, V
33.7, 403, 0, LTS, V
33.8, 2808, 3, LTS, IV
34, 3794, 4, LTS, III
34.2, 266, 0, LTS, VI
34.2, 3578, 4, LTS, IV
34.3, 1790, 2, LTS, VI
35, 1511, 1, LTS, III
35.1, 1170, 1, LTS, V
35.3, 400, 0, LTS, V
35.7, 2052, 2, LTS, IV
36.1, 3453, 4, LTS, V
36.2, 1159, 1, LTS, V
36.3, 2807, 3, LTS, IV
36.5, 2676, 3, LTS, V
36.7, 395, 0, LTS, V
36.7, 1780, 2, LTS, VI
37.1, 3452, 4, LTS, V
37.2, 1029, 1, LTS, VI
37.9, 3587, 4, LTS, IV
38, 3803, 4, LTS, III
38.8, 3437, 4, LTS, V
39.3, 2819, 3, LTS, IV
39.5, 1791, 2, LTS, VI
39.9, 2062, 2, LTS, IV
40, 1169, 1, LTS, V
40.3, 3042, 3, LTS, III
40.8, 3312, 4, LTS, VI
40.8, 3802, 4, LTS, III
41.1, 3447, 4, LTS, V
41.3, 2686, 3, LTS, V
42.2, 3448, 4, LTS, V
42.3, 1787, 2, LTS, VI
42.5, 545, 0, LTS, IV
42.5, 2679, 3, LTS, V
42.7, 2827, 3, LTS, IV
43.1, 2064, 2, LTS, IV
43.1, 3579, 4, LTS, IV
43.1, 3582, 4, LTS, IV
43.7, 2058, 2, LTS, IV
44.1, 2547, 3, LTS, VI
44.3, 2688, 3, LTS, V
44.6, 2545, 3, LTS, VI
44.6, 2682, 3, LTS, V
45.8, 1302, 1, LTS, IV
45.9, 3036, 3, LTS, III
46.2, 1792, 2, LTS, VI
46.2, 2273, 2, LTS, III
46.5, 1024, 1, LTS, VI
46.7, 3575, 4, LTS, IV
46.8, 752, 0, LTS, III
46.8, 2552, 3, LTS, VI
47.1, 1299, 1, LTS, IV
47.2, 1165, 1, LTS, V
47.3, 2053, 2, LTS, IV
47.4, 1160, 1, LTS, V
47.7, 2814, 3, LTS, IV
47.9, 1788, 2, LTS, VI
48.3, 1784, 2, LTS, VI
48.7, 3307, 4, LTS, VI
48.9, 1925, 2, LTS, V
49.1, 270, 0, LTS, VI
49.1, 3576, 4, LTS, IV
49.2, 1510, 1, LTS, III
49.3, 1168, 1, LTS, V
49.4, 2061, 2, LTS, IV
49.9, 3040, 3, LTS, III
50.4, 1286, 1, LTS, IV
50.5, 1164, 1, LTS, V
51, 1518, 1, LTS, III
51.1, 2049, 2, LTS, IV
51.3, 2067, 2, LTS, IV
52.2, 2543, 3, LTS, VI
52.4, 538, 0, LTS, IV
52.6, 1513, 1, LTS, III
52.7, 2271, 2, LTS, III
52.7, 3445, 4, LTS, V
53, 1786, 2, LTS, VI
53, 1924, 2, LTS, V
53, 2685, 3, LTS, V
53.6, 1782, 2, LTS, VI
53.8, 2278, 2, LTS, III
54.1, 3315, 4, LTS, VI
54.4, 1296, 1, LTS, IV
54.5, 3438, 4, LTS, V
55, 2684, 3, LTS, V
55.2, 1157, 1, LTS, V
55.4, 2692, 3, LTS, V
56.3, 2687, 3, LTS, V
56.5, 1920, 2, LTS, V
56.7, 261, 0, LTS, VI
56.7, 3574, 4, LTS, IV
57, 534, 0, LTS, IV
57.1, 880, 1, RS, VI
57.2, 1923, 2, LTS, V
57.2, 2050, 2, LTS, IV
57.3, 259, 0, LTS, VI
57.5, 2542, 3, LTS, VI
57.6, 262, 0, LTS, VI
57.6, 1019, 1, LTS, VI
57.7, 3304, 4, LTS, VI
57.9, 404, 0, LTS, V
57.9, 1515, 1, LTS, III
58.2, 3310, 4, LTS, VI
59, 3440, 4, LTS, V
59.1, 2064, 2, LTS, IV
59.9, 1930, 2, LTS, V
60.4, 1022, 1, LTS, VI
60.5, 2054, 2, LTS, IV
60.5, 2811, 3, LTS, IV
60.8, 260, 0, LTS, VI
60.9, 758, 0, LTS, III
61.2, 3037, 3, LTS, III
61.4, 755, 0, LTS, III
61.8, 2812, 3, LTS, IV
62, 536, 0, LTS, IV
62.6, 397, 0, LTS, V
63, 1781, 2, LTS, VI
63.1, 532, 0, LTS, IV
63.1, 1917, 2, LTS, V
63.3, 258, 0, LTS, VI
63.3, 1927, 2, LTS, V
63.5, 543, 0, LTS, IV
63.6, 1030, 1, LTS, VI
63.8, 1184, 1, IB, V
63.8, 2818, 3, LTS, IV
64.4, 3580, 4, LTS, IV
64.9, 2808, 3, LTS, IV
64.9, 3035, 3, LTS, III
65, 530, 0, LTS, IV
65.3, 1517, 1, LTS, III
65.4, 396, 0, LTS, V
66.4, 405, 0, LTS, V
66.5, 2816, 3, LTS, IV
66.9, 1918, 2, LTS, V
67.4, 409, 0, LTS, V
67.8, 759, 0, LTS, III
67.8, 2055, 2, LTS, IV
68.1, 1161, 1, LTS, V
68.7, 2280, 2, LTS, III
69.3, 3798, 4, LTS, III
69.4, 2544, 3, LTS, VI
69.6, 2554, 3, LTS, VI
69.6, 3800, 4, LTS, III
69.8, 1018, 1, LTS, VI
70.2, 2060, 2, LTS, IV
70.4, 1163, 1, LTS, V
70.6, 1295, 1, LTS, IV
71.1, 537, 0, LTS, IV
71.1, 1020, 1, LTS, VI
71.6, 3583, 4, LTS, IV
71.8, 1793, 2, LTS, VI
71.8, 3311, 4, LTS, VI
72.5, 3306, 4, LTS, VI
72.6, 267, 0, LTS, VI
72.9, 1289, 1, LTS, IV
72.9, 3308, 4, LTS, VI
72.9, 3439, 4, LTS, V
73.4, 406, 0, LTS, V
73.4, 1509, 1, LTS, III
73.5, 271, 0, LTS, VI
73.8, 3443, 4, LTS, V
73.9, 2270, 2, LTS, III
74.5, 525, 0, LTS, IV
74.5, 1156, 1, LTS, V
75.4, 3302, 4, LTS, VI
75.6, 544, 0, LTS, IV
75.7, 408, 0, LTS, V
75.8, 398, 0, LTS, V
75.8, 760, 0, LTS, III
76.1, 2048, 2, LTS, IV
76.2, 3585, 4, LTS, IV
76.4, 257, 0, LTS, VI
76.6, 2551, 3, LTS, VI
76.7, 1303, 1, LTS, IV
76.9, 1167, 1, LTS, V
77.1, 270, 0, LTS, VI
77.8, 256, 0, LTS, VI
78.3, 2678, 3, LTS, V
78.4, 265, 0, LTS, VI
78.4, 3449, 4, LTS, V
78.5, 1031, 1, LTS, VI
79, 2272, 2, LTS, III
79.1, 524, 0, LTS, IV
79.3, 2683, 3, LTS, V
79.6, 1301, 1, LTS, IV
81, 1079, 1, RS, V
81, 2540, 3, LTS, VI
81.2, 2275, 2, LTS, III
81.2, 2677, 3, LTS, V
81.3, 1915, 2, LTS, V
81.9, 3569, 4, LTS, IV
82.2, 3581, 4, LTS, IV
82.7, 1028, 1, LTS, VI
83.2, 395, 0, LTS, V
83.2, 3313, 4, LTS, VI
83.4, 754, 0, LTS, III
83.7, 3573, 4, LTS, IV
83.8, 2543, 3, LTS, VI
84.4, 399, 0, LTS, V
84.6, 2815, 3, LTS, IV
84.8, 1783, 2, LTS, VI
85, 545, 0, LTS, IV
85.1, 2282, 2, LTS, III
85.1, 3452, 4, LTS, V
85.5, 2553, 3, LTS, VI
85.7, 2684, 3, LTS, V
85.7, 3799, 4, LTS, III
85.8, 1780, 2, LTS, VI
86.3, 748, 0, LTS, III
86.5, 1027, 1, LTS, VI
86.8, 2066, 2, LTS, IV
87.1, 269, 0, LTS, VI
87.6, 1165, 1, LTS, V
88, 1290, 1, LTS, IV
88.2, 1158, 1, LTS, V
88.3, 2539, 3, LTS, VI
88.3, 3450, 4, LTS, V
88.3, 3588, 4, LTS, IV
88.5, 1922, 2, LTS, V
88.9, 1779, 2, LTS, VI
89, 1157, 1, LTS, V
89.2, 2813, 3, LTS, IV
89.4, 538, 0, LTS, IV
89.5, 1285, 1, LTS, IV
89.6, 1025, 1, LTS, VI
89.6, 2550, 3, LTS, VI
89.7, 2051, 2, LTS, IV
90, 407, 0, LTS, V
90, 2707, 3, IB, V
90.1, 1294, 1, LTS, IV
90.4, 2691, 3, LTS, V
90.6, 1297, 1, LTS, IV
91, 3036, 3, LTS, III
91.6, 1164, 1, LTS, V
91.6, 1304, 1, LTS, IV
91.7, 1017, 1, LTS, VI
92, 1926, 2, LTS, V
92.2, 260, 0, LTS, VI
92.2, 2822, 3, LTS, IV
92.7, 3314, 4, LTS, VI
92.8, 2826, 3, LTS, IV
93.7, 2810, 3, LTS, IV
93.7, 3444, 4, LTS, V
94.6, 1300, 1, LTS, IV
94.8, 529, 0, LTS, IV
95.1, 3582, 4, LTS, IV
95.4, 2274, 2, LTS, III
96.1, 1306, 1, LTS, IV
96.3, 1785, 2, LTS, VI
96.3, 1792, 2, LTS, VI
96.3, 2056, 2, LTS, IV
96.5, 2676, 3, LTS, V
97.3, 3442, 4, LTS, V
97.6, 3033, 3, LTS, III
97.6, 3584, 4, LTS, IV
97.8, 3589, 4, LTS, IV
98, 1789, 2, LTS, VI
98.4, 753, 0, LTS, III
98.8, 3796, 4, LTS, III
99.3, 530, 0, LTS, IV
99.3, 3032, 3, LTS, III
99.6, 1778, 2, LTS, VI
99.6, 3039, 3, LTS, III
100.2, 403, 0, LTS, V
101, 3571, 4, LTS, IV
101.1, 1021, 1, LTS, VI
101.1, 1288, 1, LTS, IV
101.1, 1291, 1, LTS, IV
101.1, 1931, 2, LTS, V
101.2, 3300, 4, LTS, VI
101.4, 3303, 4, LTS, VI
101.6, 2065, 2, LTS, IV
101.8, 2817, 3, LTS, IV
101.9, 3793, 4, LTS, III
102, 3804, 4, LTS, III
102.6, 1519, 1, LTS, III
102.6, 1791, 2, LTS, VI
102.8, 2501, 3, RS, VI
103, 752, 0, LTS, III
103.2, 409, 0, LTS, V
103.5, 3451, 4, LTS, V
103.7, 2039, 2, FS, IV
104.3, 2059, 2, LTS, IV
104.6, 527, 0, LTS, IV
104.8, 533, 0, LTS, IV
104.8, 1299, 1, LTS, IV
105.1, 1268, 1, FS, IV
105.2, 1224, 1, RS, IV
105.2, 1516, 1, LTS, III
105.2, 2689, 3, LTS, V
105.3, 3038, 3, LTS, III
105.4, 1143, 1, FS, V
105.4, 2790, 3, FS, IV
105.5, 2542, 3, LTS, VI
105.5, 3305, 4, LTS, VI
105.6, 1120, 1, FS, V
105.6, 1150, 1, FS, V
105.6, 2037, 2, FS, IV
105.9, 1115, 1, FS, V
106, 1221, 1, RS, IV
106, 1229, 1, RS, IV
106, 2552, 3, LTS, VI
106.1, 1256, 1, RS, IV
106.1, 2032, 2, FS, IV
106.3, 1210, 1, RS, IV
106.4, 1023, 1, LTS, VI
106.5, 1019, 1, LTS, VI
106.6, 519, 0, FS, IV
106.7, 1260, 1, RS, IV
106.8, 1225, 1, RS, IV
106.9, 1272, 1, FS, IV
106.9, 1606, 2, RS, VI
107.2, 510, 0, FS, IV
107.2, 513, 0, FS, IV
107.3, 1246, 1, RS, IV
107.4, 1194, 1, RS, IV
107.5, 1213, 1, RS, IV
107.5, 1233, 1, RS, IV
107.6, 758, 0, LTS, III
107.7, 534, 0, LTS, IV
107.7, 1235, 1, RS, IV
107.8, 1153, 1, FS, V
107.8, 1240, 1, RS, IV
107.9, 1223, 1, RS, IV
107.9, 1234, 1, RS, IV
107.9, 2030, 2, FS, IV
107.9, 3440, 4, LTS, V
107.9, 3800, 4, LTS, III
108, 515, 0, FS, IV
108, 1259, 1, RS, IV
108, 2045, 2, FS, IV
108.3, 1211, 1, RS, IV
108.3, 1926, 2, LTS, V
108.4, 268, 0, LTS, VI
108.4, 406, 0, LTS, V
108.4, 1258, 1, RS, IV
108.5, 2686, 3, LTS, V
108.9, 3453, 4, LTS, V
109, 1231, 1, RS, IV
109.2, 978, 1, RS, VI
109.3, 1208, 1, RS, IV
109.4, 1138, 1, FS, V
109.6, 3446, 4, LTS, V
109.8, 1274, 1, FS, IV
109.8, 2062, 2, LTS, IV
110, 1278, 1, FS, IV
110, 1282, 1, FS, IV
110.1, 1782, 2, LTS, VI
110.2, 3803, 4, LTS, III
110.3, 1269, 1, FS, IV
110.6, 523, 0, FS, IV
110.6, 1276, 1, FS, IV
110.7, 1275, 1, FS, IV
110.9, 1277, 1, FS, IV
111, 1279, 1, FS, IV
111.2, 1267, 1, FS, IV
111.2, 1283, 1, FS, IV
111.3, 1281, 1, FS, IV
111.5, 1270, 1, FS, IV
111.5, 1284, 1, FS, IV
111.9, 1204, 1, RS, IV
112.1, 263, 0, LTS, VI
112.2, 1268, 1, FS, IV
112.2, 1378, 1, RS, III
112.6, 1430, 1, RS, III
112.7, 1274, 1, FS, IV
112.8, 1293, 1, LTS, IV
112.9, 1514, 1, LTS, III
113.1, 1271, 1, FS, IV
113.2, 2705, 3, IB, V
113.4, 1278, 1, FS, IV
113.4, 3572, 4, LTS, IV
113.5, 1414, 1, RS, III
113.6, 1275, 1, FS, IV
113.6, 1305, 1, LTS, IV
113.6, 1369, 1, RS, III
113.7, 1469, 1, RS, III
113.8, 1273, 1, FS, IV
113.8, 1276, 1, FS, IV
113.8, 1423, 1, RS, III
113.8, 1451, 1, RS, III
113.8, 3037, 3, LTS, III
114.2, 1470, 1, RS, III
114.3, 1463, 1, RS, III
114.4, 1468, 1, RS, III
114.4, 2688, 3, LTS, V
114.4, 3302, 4, LTS, VI
114.5, 1340, 1, RS, III
114.7, 1383, 1, RS, III
114.9, 1338, 1, RS, III
114.9, 2807, 3, LTS, IV
114.9, 3577, 4, LTS, IV
115.2, 1467, 1, RS, III
115.3, 1395, 1, RS, III
115.3, 1461, 1, RS, III
115.4, 759, 0, LTS, III
115.7, 1788, 2, LTS, VI
115.9, 1370, 1, RS, III
116, 3041, 3, LTS, III
116.2, 1361, 1, RS, III
116.3, 401, 0, LTS, V
116.3, 1464, 1, RS, III
116.3, 1521, 1, LTS, III
116.7, 1429, 1, RS, III
116.7, 1460, 1, RS, III
116.8, 1336, 1, RS, III
116.8, 3443, 4, LTS, V
116.9, 1319, 1, RS, III
117, 1367, 1, RS, III
117, 1384, 1, RS, III
117.2, 1512, 1, LTS, III
117.3, 1411, 1, RS, III
117.4, 1355, 1, RS, III
117.6, 1029, 1, LTS, VI
117.6, 1351, 1, RS, III
117.6, 1390, 1, RS, III
117.6, 1446, 1, RS, III
117.7, 2820, 3, LTS, IV
117.7, 3586, 4, LTS, IV
117.9, 2545, 3, LTS, VI
118, 1433, 1, RS, III
118.1, 755, 0, LTS, III
118.3, 1317, 1, RS, III
118.5, 1309, 1, RS, III
118.5, 1311, 1, RS, III
118.5, 2276, 2, LTS, III
118.7, 1371, 1, RS, III
118.7, 1435, 1, RS, III
118.8, 1348, 1, RS, III
118.8, 1349, 1, RS, III
118.9, 1389, 1, RS, III
119, 1353, 1, RS, III
119, 1447, 1, RS, III
119.2, 1372, 1, RS, III
119.3, 1416, 1, RS, III
119.5, 1166, 1, LTS, V
119.7, 1186, 1, IB, V
119.8, 1478, 1, FS, III
119.9, 1377, 1, RS, III
119.9, 3447, 4, LTS, V
119.9, 3801, 4, LTS, III
120, 1321, 1, RS, III
120, 2047, 2, LTS, IV
120.1, 1105, 1, RS, V
120.1, 3802, 4, LTS, III
120.2, 1407, 1, RS, III
120.3, 1432, 1, RS, III
120.3, 2816, 3, LTS, IV
120.4, 3309, 4, LTS, VI
120.5, 2541, 3, LTS, VI
120.6, 1394, 1, RS, III
120.6, 1444, 1, RS, III
120.7, 1099, 1, RS, V
120.8, 1084, 1, RS, V
120.8, 1094, 1, RS, V
120.8, 1501, 1, FS, III
121.1, 1080, 1, RS, V
121.2, 1057, 1, RS, V
121.3, 1082, 1, RS, V
121.3, 1110, 1, RS, V
121.3, 1113, 1, RS, V
121.3, 1475, 1, FS, III
121.4, 1396, 1, RS, III
121.4, 1453, 1, RS, III
121.4, 1466, 1, RS, III
121.5, 1036, 1, RS, V
121.5, 1044, 1, RS, V
121.5, 1091, 1, RS, V
121.5, 1173, 1, IB, V
121.5, 1182, 1, IB, V
121.5, 1929, 2, LTS, V
121.6, 1037, 1, RS, V
121.6, 1077, 1, RS, V
121.6, 1098, 1, RS, V
121.6, 1191, 1, IB, V
121.6, 1373, 1, RS, III
121.7, 1047, 1, RS, V
121.7, 1065, 1, RS, V
121.7, 1187, 1, IB, V
121.7, 1437, 1, RS, III
121.8, 1056, 1, RS, V
121.8, 1171, 1, IB, V
121.9, 1038, 1, RS, V
121.9, 1048, 1, RS, V
121.9, 1060, 1, RS, V
121.9, 1076, 1, RS, V
121.9, 2685, 3, LTS, V
121.9, 3450, 4, LTS, V
122, 1055, 1, RS, V
122, 1067, 1, RS, V
122, 1069, 1, RS, V
122, 1329, 1, RS, III
122, 1333, 1, RS, III
122.1, 1089, 1, RS, V
122.1, 1174, 1, IB, V
122.1, 1181, 1, IB, V
122.1, 1417, 1, RS, III
122.1, 1927, 2, LTS, V
122.2, 1058, 1, RS, V
122.2, 1184, 1, IB, V
122.3, 1176, 1, IB, V
122.3, 1183, 1, IB, V
122.4, 1072, 1, RS, V
122.4, 1393, 1, RS, III
122.4, 3578, 4, LTS, IV
122.5, 1046, 1, RS, V
122.5, 1052, 1, RS, V
122.5, 1073, 1, RS, V
122.5, 1180, 1, IB, V
122.6, 1042, 1, RS, V
122.6, 1086, 1, RS, V
122.6, 1350, 1, RS, III
122.6, 1374, 1, RS, III
122.6, 1438, 1, RS, III
122.6, 1490, 1, FS, III
122.7, 1064, 1, RS, V
122.7, 1102, 1, RS, V
122.7, 1106, 1, RS, V
122.7, 1436, 1, RS, III
122.7, 1485, 1, FS, III
122.7, 1518, 1, LTS, III
122.8, 1090, 1, RS, V
122.8, 1188, 1, IB, V
122.8, 1192, 1, IB, V
122.8, 1364, 1, RS, III
122.9, 1039, 1, RS, V
122.9, 1087, 1, RS, V
122.9, 1097, 1, RS, V
122.9, 1179, 1, IB, V
122.9, 1359, 1, RS, III
122.9, 1502, 1, FS, III
123, 1049, 1, RS, V
123, 1078, 1, RS, V
123, 1175, 1, IB, V
123, 1189, 1, IB, V
123, 2828, 3, LTS, IV
123.1, 1186, 1, IB, V
123.1, 1497, 1, FS, III
123.1, 2680, 3, LTS, V
123.2, 1328, 1, RS, III
123.3, 1045, 1, RS, V
123.3, 1053, 1, RS, V
123.3, 1312, 1, RS, III
123.4, 1043, 1, RS, V
123.4, 1070, 1, RS, V
123.4, 1172, 1, IB, V
123.5, 1035, 1, RS, V
123.5, 1040, 1, RS, V
123.5, 1054, 1, RS, V
123.5, 1061, 1, RS, V
123.5, 1071, 1, RS, V
123.5, 1104, 1, RS, V
123.5, 1107, 1, RS, V
123.5, 1111, 1, RS, V
123.5, 1360, 1, RS, III
123.6, 1096, 1, RS, V
123.6, 1504, 1, FS, III
123.7, 988, 1, RS, VI
123.7, 1033, 1, RS, V
123.7, 1059, 1, RS, V
123.7, 1399, 1, RS, III
123.8, 1066, 1, RS, V
123.8, 1088, 1, RS, V
123.8, 1101, 1, RS, V
123.8, 1108, 1, RS, V
123.8, 1434, 1, RS, III
123.9, 1079, 1, RS, V
123.9, 1488, 1, FS, III
123.9, 1507, 1, FS, III
124, 1083, 1, RS, V
124, 1085, 1, RS, V
124, 1103, 1, RS, V
124, 1406, 1, RS, III
124, 1415, 1, RS, III
124.1, 1462, 1, RS, III
124.1, 2824, 3, LTS, IV
124.2, 1379, 1, RS, III
124.2, 1449, 1, RS, III
124.2, 3307, 4, LTS, VI
124.3, 1062, 1, RS, V
124.3, 1177, 1, IB, V
124.3, 1428, 1, RS, III
124.3, 1481, 1, FS, III
124.4, 1092, 1, RS, V
124.4, 1337, 1, RS, III
124.4, 1445, 1, RS, III
124.4, 1480, 1, FS, III
124.5, 1124, 1, FS, V
124.5, 1473, 1, FS, III
124.6, 1100, 1, RS, V
124.6, 1310, 1, RS, III
124.6, 2826, 3, LTS, IV
124.7, 1074, 1, RS, V
124.7, 1145, 1, FS, V
124.7, 1149, 1, FS, V
124.7, 1178, 1, IB, V
124.7, 1503, 1, FS, III
124.7, 3301, 4, LTS, VI
124.8, 1117, 1, FS, V
124.8, 1141, 1, FS, V
124.8, 1142, 1, FS, V
124.9, 1018, 1, LTS, VI
124.9, 1020, 1, LTS, VI
124.9, 1034, 1, RS, V
124.9, 1075, 1, RS, V
124.9, 1114, 1, FS, V
124.9, 1131, 1, FS, V
124.9, 1173, 1, IB, V
124.9, 1182, 1, IB, V
125, 1115, 1, FS, V
125, 1120, 1, FS, V
125, 1123, 1, FS, V
125, 1127, 1, FS, V
125, 1130, 1, FS, V
125, 1136, 1, FS, V
125, 1147, 1, FS, V
125, 1153, 1, FS, V
125, 1191, 1, IB, V
125, 1441, 1, RS, III
125.1, 1068, 1, RS, V
125.1, 1095, 1, RS, V
125.1, 1116, 1, FS, V
125.1, 1118, 1, FS, V
125.1, 1125, 1, FS, V
125.1, 1139, 1, FS, V
125.1, 1150, 1, FS, V
125.1, 1185, 1, IB, V
125.1, 1187, 1, IB, V
125.1, 2263, 2, FS, III
125.2, 1119, 1, FS, V
125.2, 1121, 1, FS, V
125.2, 1132, 1, FS, V
125.2, 1133, 1, FS, V
125.2, 1134, 1, FS, V
125.2, 1143, 1, FS, V
125.2, 1151, 1, FS, V
125.2, 1171, 1, IB, V
125.2, 1358, 1, RS, III
125.2, 1425, 1, RS, III
125.2, 3587, 4, LTS, IV
125.3, 1122, 1, FS, V
125.3, 1128, 1, FS, V
125.3, 1135, 1, FS, V
125.3, 1137, 1, FS, V
125.3, 1144, 1, FS, V
125.3, 1152, 1, FS, V
125.3, 1343, 1, RS, III
125.4, 1112, 1, RS, V
125.4, 1126, 1, FS, V
125.4, 1146, 1, FS, V
125.4, 1362, 1, RS, III
125.4, 1440, 1, RS, III
125.4, 1495, 1, FS, III
125.4, 2827, 3, LTS, IV
125.5, 1050, 1, RS, V
125.5, 1174, 1, IB, V
125.5, 1181, 1, IB, V
125.5, 1465, 1, RS, III
125.5, 1477, 1, FS, III
125.5, 1496, 1, FS, III
125.6, 1129, 1, FS, V
125.6, 1140, 1, FS, V
125.6, 1184, 1, IB, V
125.6, 1190, 1, IB, V
125.6, 1403, 1, RS, III
125.7, 1176, 1, IB, V
125.7, 1183, 1, IB, V
125.7, 1313, 1, RS, III
125.7, 1346, 1, RS, III
125.7, 1456, 1, RS, III
125.7, 1898, 2, FS, V
125.7, 2553, 3, LTS, VI
125.8, 375, 0, FS, V
125.8, 1138, 1, FS, V
125.8, 1308, 1, RS, III
125.8, 1324, 1, RS, III
125.8, 1474, 1, FS, III
125.8, 1890, 2, FS, V
125.9, 363, 0, FS, V
125.9, 364, 0, FS, V
125.9, 1081, 1, RS, V
125.9, 1093, 1, RS, V
125.9, 1109, 1, RS, V
125.9, 1180, 1, IB, V
125.9, 1322, 1, RS, III
125.9, 1492, 1, FS, III
125.9, 2546, 3, LTS, VI
126, 367, 0, FS, V
126, 382, 0, FS, V
126, 1063, 1, RS, V
126, 1148, 1, FS, V
126, 1439, 1, RS, III
126, 1505, 1, FS, III
126.1, 365, 0, FS, V
126.1, 374, 0, FS, V
126.1, 1413, 1, RS, III
126.1, 1476, 1, FS, III
126.1, 1487, 1, FS, III
126.1, 1879, 2, FS, V
126.1, 1913, 2, FS, V
126.2, 361, 0, FS, V
126.2, 383, 0, FS, V
126.2, 1157, 1, LTS, V
126.2, 1188, 1, IB, V
126.2, 1192, 1, IB, V
126.2, 1323, 1, RS, III
126.2, 1515, 1, LTS, III
126.2, 1881, 2, FS, V
126.2, 1883, 2, FS, V
126.2, 1887, 2, FS, V
126.3, 373, 0, FS, V
126.3, 376, 0, FS, V
126.3, 378, 0, FS, V
126.3, 1179, 1, IB, V
126.3, 1410, 1, RS, III
126.3, 1484, 1, FS, III
126.3, 1884, 2, FS, V
126.3, 2063, 2, LTS, IV
126.4, 360, 0, FS, V
126.4, 1154, 1, LTS, V
126.4, 1175, 1, IB, V
126.4, 1189, 1, IB, V
126.4, 1421, 1, RS, III
126.4, 1486, 1, FS, III
126.4, 1500, 1, FS, III
126.4, 1506, 1, FS, III
126.4, 1885, 2, FS, V
126.4, 1886, 2, FS, V
126.4, 1896, 2, FS, V
126.4, 1897, 2, FS, V
126.4, 1905, 2, FS, V
126.4, 1910, 2, FS, V
126.4, 1912, 2, FS, V
126.4, 2234, 2, FS, III
126.5, 358, 0, FS, V
126.5, 369, 0, FS, V
126.5, 379, 0, FS, V
126.5, 381, 0, FS, V
126.5, 384, 0, FS, V
126.5, 721, 0, FS, III
126.5, 1186, 1, IB, V
126.5, 1482, 1, FS, III
126.5, 1512, 1, LTS, III
126.5, 1889, 2, FS, V
126.5, 1891, 2, FS, V
126.5, 1899, 2, FS, V
126.6, 368, 0, FS, V
126.6, 388, 0, FS, V
126.6, 1041, 1, RS, V
126.6, 1155, 1, LTS, V
126.6, 1341, 1, RS, III
126.6, 1354, 1, RS, III
126.6, 1380, 1, RS, III
126.6, 1489, 1, FS, III
126.6, 1903, 2, FS, V
126.6, 1904, 2, FS, V
126.6, 1906, 2, FS, V
126.7, 354, 0, FS, V
126.7, 355, 0, FS, V
126.7, 356, 0, FS, V
126.7, 357, 0, FS, V
126.7, 362, 0, FS, V
126.7, 380, 0, FS, V
126.7, 392, 0, FS, V
126.7, 1422, 1, RS, III
126.7, 1479, 1, FS, III
126.7, 1508, 1, FS, III
126.7, 1882, 2, FS, V
126.7, 1895, 2, FS, V
126.7, 1908, 2, FS, V
126.7, 1911, 2, FS, V
126.8, 359, 0, FS, V
126.8, 1172, 1, IB, V
126.8, 1314, 1, RS, III
126.8, 1365, 1, RS, III
126.8, 1498, 1, FS, III
126.8, 1501, 1, FS, III
126.8, 1507, 1, FS, III
126.8, 1877, 2, FS, V
126.8, 1914, 2, FS, V
126.8, 2262, 2, FS, III
126.8, 3311, 4, LTS, VI
126.9, 387, 0, FS, V
126.9, 390, 0, FS, V
126.9, 706, 0, RS, III
126.9, 1105, 1, RS, V
126.9, 1294, 1, LTS, IV
126.9, 1499, 1, FS, III
126.9, 1875, 2, FS, V
126.9, 1876, 2, FS, V
126.9, 1901, 2, FS, V
126.9, 1902, 2, FS, V
126.9, 1909, 2, FS, V
127, 385, 0, FS, V
127, 386, 0, FS, V
127, 1099, 1, RS, V
127, 1299, 1, LTS, IV
127, 1334, 1, RS, III
127, 1345, 1, RS, III
127, 1894, 2, FS, V
127.1, 371, 0, FS, V
127.1, 372, 0, FS, V
127.1, 391, 0, FS, V
127.1, 1084, 1, RS, V
127.1, 1094, 1, RS, V
127.1, 1170, 1, LTS, V
127.1, 1514, 1, LTS, III
127.1, 1517, 1, LTS, III
127.1, 1900, 2, FS, V
127.2, 353, 0, FS, V
127.2, 366, 0, FS, V
127.2, 370, 0, FS, V
127.2, 1285, 1, LTS, IV
127.2, 1382, 1, RS, III
127.2, 1424, 1, RS, III
127.2, 1478, 1, FS, III
127.2, 1502, 1, FS, III
127.3, 377, 0, FS, V
127.3, 389, 0, FS, V
127.3, 1480, 1, FS, III
127.3, 1488, 1, FS, III
127.3, 1497, 1, FS, III
127.3, 2256, 2, FS, III
127.3, 2821, 3, LTS, IV
127.4, 1124, 1, FS, V
127.4, 1427, 1, RS, III
127.4, 1490, 1, FS, III
127.4, 1494, 1, FS, III
127.4, 1880, 2, FS, V
127.4, 1893, 2, FS, V
127.5, 1057, 1, RS, V
127.5, 1292, 1, LTS, IV
127.6, 1080, 1, RS, V
127.6, 1082, 1, RS, V
127.6, 1110, 1, RS, V
127.6, 1113, 1, RS, V
127.6, 1145, 1, FS, V
127.6, 1149, 1, FS, V
127.6, 1295, 1, LTS, IV
127.6, 1304, 1, LTS, IV
127.6, 1459, 1, RS, III
127.6, 1481, 1, FS, III
127.6, 1491, 1, FS, III
127.6, 1503, 1, FS, III
127.6, 1513, 1, LTS, III
127.6, 1519, 1, LTS, III
127.6, 1878, 2, FS, V
127.6, 1888, 2, FS, V
127.6, 1907, 2, FS, V
127.7, 727, 0, FS, III
127.7, 1117, 1, FS, V
127.7, 1141, 1, FS, V
127.7, 1142, 1, FS, V
127.7, 1177, 1, IB, V
127.7, 1405, 1, RS, III
127.8, 1036, 1, RS, V
127.8, 1044, 1, RS, V
127.8, 1091, 1, RS, V
127.8, 1114, 1, FS, V
127.8, 1131, 1, FS, V
127.8, 1296, 1, LTS, IV
127.8, 1298, 1, LTS, IV
127.8, 1363, 1, RS, III
127.8, 1418, 1, RS, III
127.8, 1483, 1, FS, III
127.8, 1892, 2, FS, V
127.9, 393, 0, LTS, V
127.9, 1037, 1, RS, V
127.9, 1077, 1, RS, V
127.9, 1098, 1, RS, V
127.9, 1115, 1, FS, V
127.9, 1120, 1, FS, V
127.9, 1123, 1, FS, V
127.9, 1127, 1, FS, V
127.9, 1130, 1, FS, V
127.9, 1136, 1, FS, V
127.9, 1147, 1, FS, V
127.9, 1153, 1, FS, V
127.9, 1301, 1, LTS, IV
127.9, 1431, 1, RS, III
127.9, 2819, 3, LTS, IV
128, 756, 0, LTS, III
128, 826, 1, RS, VI
128, 1047, 1, RS, V
128, 1065, 1, RS, V
128, 1116, 1, FS, V
128, 1118, 1, FS, V
128, 1125, 1, FS, V
128, 1139, 1, FS, V
128, 1150, 1, FS, V
128, 1289, 1, LTS, IV
128, 1300, 1, LTS, IV
128, 1442, 1, RS, III
128, 1509, 1, LTS, III
128.1, 1056, 1, RS, V
128.1, 1119, 1, FS, V
128.1, 1121, 1, FS, V
128.1, 1132, 1, FS, V
128.1, 1133, 1, FS, V
128.1, 1134, 1, FS, V
128.1, 1143, 1, FS, V
128.1, 1151, 1, FS, V
128.1, 1178, 1, IB, V
128.1, 1307, 1, RS, III
128.1, 1420, 1, RS, III
128.1, 1485, 1, FS, III
128.2, 1038, 1, RS, V
128.2, 1048, 1, RS, V
128.2, 1060, 1, RS, V
128.2, 1076, 1, RS, V
128.2, 1122, 1, FS, V
128.2, 1128, 1, FS, V
128.2, 1135, 1, FS, V
128.2, 1137, 1, FS, V
128.2, 1144, 1, FS, V
128.2, 1152, 1, FS, V
128.2, 1291, 1, LTS, IV
128.2, 1408, 1, RS, III
128.2, 1518, 1, LTS, III
128.3, 1055, 1, RS, V
128.3, 1067, 1, RS, V
128.3, 1069, 1, RS, V
128.3, 1126, 1, FS, V
128.3, 1146, 1, FS, V
128.3, 1173, 1, IB, V
128.3, 1182, 1, IB, V
128.3, 1303, 1, LTS, IV
128.3, 1510, 1, LTS, III
128.3, 1511, 1, LTS, III
128.3, 2237, 2, FS, III
128.3, 3445, 4, LTS, V
128.4, 1089, 1, RS, V
128.4, 1191, 1, IB, V
128.4, 1302, 1, LTS, IV
128.4, 1320, 1, RS, III
128.4, 1344, 1, RS, III
128.4, 1351, 1, RS, III
128.4, 1381, 1, RS, III
128.4, 1477, 1, FS, III
128.4, 1496, 1, FS, III
128.5, 1058, 1, RS, V
128.5, 1129, 1, FS, V
128.5, 1140, 1, FS, V
128.5, 1185, 1, IB, V
128.5, 1187, 1, IB, V
128.5, 1493, 1, FS, III
128.5, 2931, 3, RS, III
128.6, 713, 0, FS, III
128.6, 726, 0, FS, III
128.6, 1171, 1, IB, V
128.6, 1327, 1, RS, III
128.6, 1898, 2, FS, V
128.7, 375, 0, FS, V
128.7, 736, 0, FS, III
128.7, 746, 0, FS, III
128.7, 1072, 1, RS, V
128.7, 1138, 1, FS, V
128.7, 1457, 1, RS, III
128.7, 1474, 1, FS, III
128.7, 1890, 2, FS, V
128.8, 363, 0, FS, V
128.8, 364, 0, FS, V
128.8, 723, 0, FS, III
128.8, 1046, 1, RS, V
128.8, 1052, 1, RS, V
128.8, 1073, 1, RS, V
128.8, 1290, 1, LTS, IV
128.8, 1315, 1, RS, III
128.9, 367, 0, FS, V
128.9, 382, 0, FS, V
128.9, 1042, 1, RS, V
128.9, 1086, 1, RS, V
128.9, 1148, 1, FS, V
128.9, 1174, 1, IB, V
128.9, 1181, 1, IB, V
128.9, 1288, 1, LTS, IV
128.9, 1367, 1, RS, III
128.9, 1438, 1, RS, III
128.9, 1505, 1, FS, III
128.9, 1951, 2, IB, V
128.9, 2212, 2, RS, III
129, 365, 0, FS, V
129, 374, 0, FS, V
129, 757, 0, LTS, III
129, 1064, 1, RS, V
129, 1102, 1, RS, V
129, 1106, 1, RS, V
129, 1184, 1, IB, V
129, 1286, 1, LTS, IV
129, 1412, 1, RS, III
129, 1426, 1, RS, III
129, 1879, 2, FS, V
129, 1913, 2, FS, V
129.1, 361, 0, FS, V
129.1, 383, 0, FS, V
129.1, 601, 0, RS, III
129.1, 1090, 1, RS, V
129.1, 1162, 1, LTS, V
129.1, 1176, 1, IB, V
129.1, 1183, 1, IB, V
129.1, 1297, 1, LTS, IV
129.1, 1305, 1, LTS, IV
129.1, 1881, 2, FS, V
129.1, 1883, 2, FS, V
129.1, 1887, 2, FS, V
129.1, 2253, 2, FS, III
129.1, 2280, 2, LTS, III
129.2, 373, 0, FS, V
129.2, 376, 0, FS, V
129.2, 378, 0, FS, V
129.2, 1039, 1, RS, V
129.2, 1087, 1, RS, V
129.2, 1097, 1, RS, V
129.2, 1293, 1, LTS, IV
129.2, 1484, 1, FS, III
129.2, 1492, 1, FS, III
129.2, 1884, 2, FS, V
129.2, 2238, 2, FS, III
129.3, 360, 0, FS, V
129.3, 400, 0, LTS, V
129.3, 725, 0, FS, III
129.3, 729, 0, FS, III
129.3, 738, 0, FS, III
129.3, 1049, 1, RS, V
129.3, 1078, 1, RS, V
129.3, 1180, 1, IB, V
129.3, 1287, 1, LTS, IV
129.3, 1486, 1, FS, III
129.3, 1500, 1, FS, III
129.3, 1885, 2, FS, V
129.3, 1886, 2, FS, V
129.3, 1896, 2, FS, V
129.3, 1897, 2, FS, V
129.3, 1905, 2, FS, V
129.3, 1910, 2, FS, V
129.3, 1912, 2, FS, V
129.4, 358, 0, FS, V
129.4, 369, 0, FS, V
129.4, 379, 0, FS, V
129.4, 384, 0, FS, V
129.4, 1388, 1, RS, III
129.4, 1889, 2, FS, V
129.4, 1891, 2, FS, V
129.4, 1899, 2, FS, V
129.5, 368, 0, FS, V
129.5, 388, 0, FS, V
129.5, 1391, 1, RS, III
129.5, 1409, 1, RS, III
129.5, 1419, 1, RS, III
129.5, 1903, 2, FS, V
129.5, 1904, 2, FS, V
129.5, 1906, 2, FS, V
129.6, 733, 0, FS, III
129.6, 1045, 1, RS, V
129.6, 1053, 1, RS, V
129.6, 1188, 1, IB, V
129.6, 1192, 1, IB, V
129.6, 1895, 2, FS, V
129.6, 1908, 2, FS, V
129.6, 1911, 2, FS, V
129.7, 728, 0, FS, III
129.7, 1043, 1, RS, V
129.7, 1070, 1, RS, V
129.7, 1179, 1, IB, V
129.7, 1270, 1, FS, IV
129.7, 1331, 1, RS, III
129.7, 1507, 1, FS, III
129.7, 1914, 2, FS, V
129.7, 2109, 2, RS, III
129.7, 2266, 2, FS, III
129.8, 362, 0, FS, V
129.8, 390, 0, FS, V
129.8, 392, 0, FS, V
129.8, 1035, 1, RS, V
129.8, 1040, 1, RS, V
129.8, 1054, 1, RS, V
129.8, 1061, 1, RS, V
129.8, 1071, 1, RS, V
129.8, 1104, 1, RS, V
129.8, 1107, 1, RS, V
129.8, 1111, 1, RS, V
129.8, 1175, 1, IB, V
129.8, 1189, 1, IB, V
129.8, 1450, 1, RS, III
129.8, 1909, 2, FS, V
129.8, 2269, 2, FS, III
129.9, 385, 0, FS, V
129.9, 1096, 1, RS, V
129.9, 1186, 1, IB, V
129.9, 1284, 1, FS, IV
129.9, 1894, 2, FS, V
129.9, 2683, 3, LTS, V
130, 357, 0, FS, V
130, 380, 0, FS, V
130, 835, 1, RS, VI
130, 1033, 1, RS, V
130, 1335, 1, RS, III
130, 1396, 1, RS, III
130.1, 425, 0, IB, V
130.1, 734, 0, FS, III
130.1, 1066, 1, RS, V
130.1, 1088, 1, RS, V
130.1, 1101, 1, RS, V
130.1, 1108, 1, RS, V
130.1, 1278, 1, FS, IV
130.1, 1281, 1, FS, IV
130.2, 731, 0, FS, III
130.2, 1079, 1, RS, V
130.2, 1172, 1, IB, V
130.2, 1271, 1, FS, IV
130.2, 1280, 1, FS, IV
130.2, 2243, 2, FS, III
130.3, 1083, 1, RS, V
130.3, 1085, 1, RS, V
130.3, 1103, 1, RS, V
130.3, 1124, 1, FS, V
130.3, 1279, 1, FS, IV
130.3, 1352, 1, RS, III
130.3, 1448, 1, RS, III
130.3, 1476, 1, FS, III
130.3, 2245, 2, FS, III
130.3, 3304, 4, LTS, VI
130.4, 717, 0, FS, III
130.4, 718, 0, FS, III
130.4, 1306, 1, LTS, IV
130.4, 2273, 2, LTS, III
130.5, 1398, 1, RS, III
130.5, 1498, 1, FS, III
130.5, 2259, 2, FS, III
130.6, 427, 0, IB, V
130.6, 1024, 1, LTS, VI
130.6, 1062, 1, RS, V
130.6, 1141, 1, FS, V
130.6, 1347, 1, RS, III
130.7, 1092, 1, RS, V
130.7, 1479, 1, FS, III
130.8, 719, 0, FS, III
130.8, 747, 0, FS, III
130.8, 1051, 1, RS, V
130.8, 1115, 1, FS, V
130.8, 1127, 1, FS, V
130.8, 2692, 3, LTS, V
130.9, 715, 0, FS, III
130.9, 1100, 1, RS, V
130.9, 1125, 1, FS, V
130.9, 1153, 1, FS, V
130.9, 1190, 1, IB, V
130.9, 2265, 2, FS, III
130.9, 2684, 3, LTS, V
131, 1074, 1, RS, V
131, 1143, 1, FS, V
131, 1282, 1, FS, IV
131, 1515, 1, LTS, III
131.1, 730, 0, FS, III
131.1, 737, 0, FS, III
131.1, 742, 0, FS, III
131.1, 1135, 1, FS, V
131.1, 1177, 1, IB, V
131.2, 355, 0, FS, V
131.2, 1034, 1, RS, V
131.2, 1075, 1, RS, V
131.2, 1269, 1, FS, IV
131.2, 1275, 1, FS, IV
131.3, 727, 0, FS, III
131.3, 1458, 1, RS, III
131.4, 1068, 1, RS, V
131.4, 1095, 1, RS, V
131.4, 1145, 1, FS, V
131.4, 1273, 1, FS, IV
131.4, 2251, 2, FS, III
131.4, 2808, 3, LTS, IV
131.4, 3449, 4, LTS, V
131.5, 386, 0, FS, V
131.5, 1387, 1, RS, III
131.6, 735, 0, FS, III
131.6, 743, 0, FS, III
131.6, 1356, 1, RS, III
131.7, 1112, 1, RS, V
131.7, 1173, 1, IB, V
131.7, 1182, 1, IB, V
131.7, 1294, 1, LTS, IV
131.7, 1780, 2, LTS, VI
131.8, 1178, 1, IB, V
131.8, 1191, 1, IB, V
131.8, 1299, 1, LTS, IV
131.8, 2661, 3, FS, V
131.9, 1187, 1, IB, V
131.9, 1268, 1, FS, IV
132, 381, 0, FS, V
132, 712, 0, FS, III
132, 1171, 1, IB, V
132, 1285, 1, LTS, IV
132, 1313, 1, RS, III
132.1, 740, 0, FS, III
132.1, 1150, 1, FS, V
132.1, 1466, 1, RS, III
132.2, 1093, 1, RS, V
132.2, 1272, 1, FS, IV
132.2, 2809, 3, LTS, IV
132.3, 1063, 1, RS, V
132.3, 1174, 1, IB, V
132.3, 1181, 1, IB, V
132.3, 1292, 1, LTS, IV
132.3, 1900, 2, FS, V
132.3, 2649, 3, FS, V
132.3, 2656, 3, FS, V
132.4, 1184, 1, IB, V
132.4, 1185, 1, IB, V
132.4, 1295, 1, LTS, IV
132.4, 1304, 1, LTS, IV
132.4, 2653, 3, FS, V
132.5, 1183, 1, IB, V
132.5, 1350, 1, RS, III
132.5, 2645, 3, FS, V
132.5, 2654, 3, FS, V
132.5, 2675, 3, FS, V
132.6, 1176, 1, IB, V
132.6, 1296, 1, LTS, IV
132.6, 1298, 1, LTS, IV
132.6, 2053, 2, LTS, IV
132.7, 721, 0, FS, III
132.7, 1180, 1, IB, V
132.7, 1301, 1, LTS, IV
132.7, 2277, 2, LTS, III
132.7, 2659, 3, FS, V
132.8, 1289, 1, LTS, IV
132.8, 1300, 1, LTS, IV
132.9, 1041, 1, RS, V
132.9, 1138, 1, FS, V
132.9, 2247, 2, FS, III
133, 1291, 1, LTS, IV
133, 2244, 2, FS, III
133.1, 1136, 1, FS, V
133.1, 1140, 1, FS, V
133.1, 1179, 1, IB, V
133.1, 1303, 1, LTS, IV
133.1, 1519, 1, LTS, III
133.2, 1175, 1, IB, V
133.2, 1302, 1, LTS, IV
133.2, 2544, 3, LTS, VI
133.2, 2642, 3, FS, V
133.3, 258, 0, LTS, VI
133.3, 1186, 1, IB, V
133.3, 2240, 2, FS, III
133.4, 257, 0, LTS, VI
133.4, 1518, 1, LTS, III
133.4, 2639, 3, FS, V
133.5, 1116, 1, FS, V
133.5, 1141, 1, FS, V
133.5, 1385, 1, RS, III
133.5, 3795, 4, LTS, III
133.6, 1147, 1, FS, V
133.6, 1172, 1, IB, V
133.6, 1290, 1, LTS, IV
133.7, 1288, 1, LTS, IV
133.8, 1125, 1, FS, V
133.8, 1153, 1, FS, V
133.8, 1286, 1, LTS, IV
133.8, 2655, 3, FS, V
133.8, 3575, 4, LTS, IV
133.9, 541, 0, LTS, IV
133.9, 951, 1, RS, VI
133.9, 1113, 1, RS, V
133.9, 1143, 1, FS, V
133.9, 1305, 1, LTS, IV
134, 1135, 1, FS, V
134, 1293, 1, LTS, IV
134.1, 1044, 1, RS, V
134.1, 1127, 1, FS, V
134.1, 1129, 1, FS, V
134.1, 1287, 1, LTS, IV
134.1, 2274, 2, LTS, III
134.1, 2651, 3, FS, V
134.1, 2670, 3, FS, V
134.2, 825, 1, RS, VI
134.3, 1047, 1, RS, V
134.3, 1145, 1, FS, V
134.3, 1190, 1, IB, V
134.3, 2278, 2, LTS, III
134.4, 1342, 1, RS, III
134.4, 2660, 3, FS, V
134.4, 2669, 3, FS, V
134.5, 1177, 1, IB, V
134.5, 1189, 1, IB, V
134.5, 1784, 2, LTS, VI
134.5, 2637, 3, FS, V
134.6, 1115, 1, FS, V
134.6, 2677, 3, LTS, V
134.8, 1126, 1, FS, V
134.8, 2666, 3, FS, V
134.9, 379, 0, FS, V
134.9, 1124, 1, FS, V
134.9, 3005, 3, FS, III
135, 970, 1, RS, VI
135, 1150, 1, FS, V
135.1, 980, 1, RS, VI
135.1, 1173, 1, IB, V
135.1, 1182, 1, IB, V
135.2, 1306, 1, LTS, IV
135.3, 1144, 1, FS, V
135.3, 1148, 1, FS, V
135.3, 1187, 1, IB, V
135.4, 1122, 1, FS, V
135.4, 1171, 1, IB, V
135.5, 1039, 1, RS, V
135.5, 1097, 1, RS, V
135.7, 1174, 1, IB, V
135.7, 1181, 1, IB, V
135.7, 2661, 3, FS, V
135.8, 820, 1, RS, VI
135.8, 902, 1, RS, VI
135.8, 1138, 1, FS, V
135.8, 1184, 1, IB, V
135.8, 1185, 1, IB, V
135.8, 1515, 1, LTS, III
135.9, 778, 1, RS, VI
135.9, 1038, 1, RS, V
135.9, 1183, 1, IB, V
135.9, 1297, 1, LTS, IV
135.9, 2654, 3, FS, V
135.9, 2674, 3, FS, V
136, 1136, 1, FS, V
136, 1140, 1, FS, V
136, 1176, 1, IB, V
136.1, 1180, 1, IB, V
136.3, 2652, 3, FS, V
136.4, 1114, 1, FS, V
136.4, 1132, 1, FS, V
136.4, 1141, 1, FS, V
136.4, 2540, 3, LTS, VI
136.4, 2675, 3, FS, V
136.5, 1179, 1, IB, V
136.5, 1294, 1, LTS, IV
136.6, 1049, 1, RS, V
136.6, 1146, 1, FS, V
136.6, 1175, 1, IB, V
136.6, 2636, 3, FS, V
136.6, 2657, 3, FS, V
136.7, 942, 1, RS, VI
136.7, 1125, 1, FS, V
136.7, 1151, 1, FS, V
136.7, 1178, 1, IB, V
136.7, 1186, 1, IB, V
136.8, 788, 1, RS, VI
136.8, 862, 1, RS, VI
136.8, 944, 1, RS, VI
136.8, 1143, 1, FS, V
136.8, 1153, 1, FS, V
136.8, 1285, 1, LTS, IV
136.9, 1135, 1, FS, V
136.9, 1188, 1, IB, V
137, 792, 1, RS, VI
137, 1092, 1, RS, V
137, 1127, 1, FS, V
137, 1172, 1, IB, V
137, 2641, 3, FS, V
137, 3023, 3, FS, III
137.1, 1121, 1, FS, V
137.2, 63, 0, RS, VI
137.2, 526, 0, LTS, IV
137.2, 1145, 1, FS, V
137.2, 1147, 1, FS, V
137.2, 1295, 1, LTS, IV
137.3, 270, 0, LTS, VI
137.3, 1133, 1, FS, V
137.3, 3031, 3, LTS, III
137.4, 989, 1, RS, VI
137.4, 1191, 1, IB, V
137.5, 1115, 1, FS, V
137.5, 1139, 1, FS, V
137.5, 1149, 1, FS, V
137.7, 543, 0, LTS, IV
137.7, 1190, 1, IB, V
137.8, 1152, 1, FS, V
137.8, 1315, 1, RS, III
137.8, 1903, 2, FS, V
137.9, 1150, 1, FS, V
137.9, 1177, 1, IB, V
137.9, 1189, 1, IB, V
137.9, 1303, 1, LTS, IV
137.9, 1519, 1, LTS, III
137.9, 3035, 3, LTS, III
138, 538, 0, LTS, IV
138.1, 1124, 1, FS, V
138.2, 262, 0, LTS, VI
138.2, 1123, 1, FS, V
138.4, 941, 1, RS, VI
138.5, 918, 1, RS, VI
138.5, 1118, 1, FS, V
138.5, 1182, 1, IB, V
138.6, 364, 0, FS, V
138.7, 1138, 1, FS, V
138.7, 1910, 2, FS, V
138.8, 372, 0, FS, V
138.8, 1171, 1, IB, V
138.9, 814, 1, RS, VI
138.9, 1126, 1, FS, V
138.9, 1136, 1, FS, V
138.9, 1173, 1, IB, V
138.9, 1187, 1, IB, V
138.9, 1911, 2, FS, V
139, 265, 0, LTS, VI
139.1, 1122, 1, FS, V
139.1, 1174, 1, IB, V
139.2, 1140, 1, FS, V
139.2, 1184, 1, IB, V
139.2, 1185, 1, IB, V
139.3, 389, 0, FS, V
139.3, 784, 1, RS, VI
139.3, 1141, 1, FS, V
139.3, 1183, 1, IB, V
139.3, 1885, 2, FS, V
139.5, 1148, 1, FS, V
139.6, 766, 1, RS, VI
139.6, 1125, 1, FS, V
139.7, 940, 1, RS, VI
139.7, 1143, 1, FS, V
139.7, 1153, 1, FS, V
139.7, 1180, 1, IB, V
139.8, 914, 1, RS, VI
139.8, 1109, 1, RS, V
139.8, 1135, 1, FS, V
139.9, 1179, 1, IB, V
140, 379, 0, FS, V
140, 386, 0, FS, V
140, 1129, 1, FS, V
140, 1132, 1, FS, V
140, 3568, 4, LTS, IV
140.1, 1145, 1, FS, V
140.1, 1186, 1, IB, V
140.1, 1898, 2, FS, V
140.2, 3313, 4, LTS, VI
140.3, 376, 0, FS, V
140.3, 1146, 1, FS, V
140.3, 2825, 3, LTS, IV
140.4, 375, 0, FS, V
140.4, 1115, 1, FS, V
140.4, 1172, 1, IB, V
140.5, 1879, 2, FS, V
140.6, 373, 0, FS, V
140.6, 384, 0, FS, V
140.6, 819, 1, RS, VI
140.6, 1914, 2, FS, V
140.7, 1139, 1, FS, V
140.7, 1876, 2, FS, V
140.7, 1903, 2, FS, V
140.8, 1150, 1, FS, V
140.8, 1175, 1, IB, V
140.8, 1899, 2, FS, V
140.9, 1127, 1, FS, V
140.9, 3792, 4, LTS, III
141, 363, 0, FS, V
141, 1149, 1, FS, V
141.1, 1114, 1, FS, V
141.1, 1890, 2, FS, V
141.1, 1905, 2, FS, V
141.2, 388, 0, FS, V
141.3, 1177, 1, IB, V
141.4, 808, 1, RS, VI
141.5, 364, 0, FS, V
141.5, 877, 1, RS, VI
141.6, 1142, 1, FS, V
141.6, 1910, 2, FS, V
141.7, 531, 0, LTS, IV
141.7, 1138, 1, FS, V
141.7, 1144, 1, FS, V
141.7, 1884, 2, FS, V
141.7, 1894, 2, FS, V
141.8, 390, 0, FS, V
141.8, 1022, 1, LTS, VI
141.8, 1097, 1, RS, V
141.8, 1116, 1, FS, V
141.8, 1911, 2, FS, V
141.9, 374, 0, FS, V
141.9, 1182, 1, IB, V
142, 358, 0, FS, V
142, 1908, 2, FS, V
142, 1909, 2, FS, V
142.1, 1140, 1, FS, V
142.2, 382, 0, FS, V
142.2, 389, 0, FS, V
142.2, 964, 1, RS, VI
142.2, 1141, 1, FS, V
142.2, 2066, 2, LTS, IV
142.4, 365, 0, FS, V
142.4, 798, 1, RS, VI
142.4, 924, 1, RS, VI
142.4, 2064, 2, LTS, IV
142.5, 910, 1, RS, VI
142.5, 1125, 1, FS, V
142.6, 811, 1, RS, VI
142.6, 1026, 1, LTS, VI
142.6, 1143, 1, FS, V
142.6, 1904, 2, FS, V
142.7, 1153, 1, FS, V
142.8, 1104, 1, RS, V
142.8, 1893, 2, FS, V
142.9, 386, 0, FS, V
142.9, 1133, 1, FS, V
143, 372, 0, FS, V
143, 1126, 1, FS, V
143, 1912, 2, FS, V
143.1, 381, 0, FS, V
143.2, 379, 0, FS, V
143.2, 1136, 1, FS, V
143.3, 853, 1, RS, VI
143.4, 1879, 2, FS, V
143.5, 378, 0, FS, V
143.5, 1115, 1, FS, V
143.5, 2060, 2, LTS, IV
143.6, 1132, 1, FS, V
143.6, 1876, 2, FS, V
143.6, 1903, 2, FS, V
143.7, 1124, 1, FS, V
143.7, 1913, 2, FS, V
143.8, 376, 0, FS, V
143.8, 1135, 1, FS, V
143.8, 1150, 1, FS, V
143.9, 363, 0, FS, V
144, 1914, 2, FS, V
144.1, 922, 1, RS, VI
144.2, 3583, 4, LTS, IV
144.3, 375, 0, FS, V
144.3, 3444, 4, LTS, V
144.4, 364, 0, FS, V
144.4, 1145, 1, FS, V
144.4, 1885, 2, FS, V
144.5, 1905, 2, FS, V
144.6, 1121, 1, FS, V
144.6, 1347, 1, RS, III
144.6, 1405, 1, RS, III
144.7, 366, 0, FS, V
144.7, 384, 0, FS, V
144.7, 388, 0, FS, V
144.7, 1783, 2, LTS, VI
144.7, 1899, 2, FS, V
145, 3441, 4, LTS, V
145.2, 1910, 2, FS, V
145.4, 1146, 1, FS, V
145.4, 3798, 4, LTS, III
145.5, 1880, 2, FS, V
145.6, 926, 1, RS, VI
145.6, 1911, 2, FS, V
145.6, 3437, 4, LTS, V
145.7, 896, 1, RS, VI
145.7, 2814, 3, LTS, IV
145.8, 848, 1, RS, VI
145.8, 1904, 2, FS, V
145.9, 1884, 2, FS, V
145.9, 1898, 2, FS, V
146.4, 878, 1, RS, VI
146.8, 795, 1, RS, VI
146.8, 1891, 2, FS, V
146.9, 1892, 2, FS, V
147, 807, 1, RS, VI
147, 1894, 2, FS, V
147.1, 537, 0, LTS, IV
147.2, 1030, 1, LTS, VI
147.3, 536, 0, LTS, IV
147.5, 1027, 1, LTS, VI
147.9, 3452, 4, LTS, V
149, 958, 1, RS, VI
149, 3034, 3, LTS, III
149.1, 842, 1, RS, VI
149.3, 893, 1, RS, VI
149.4, 956, 1, RS, VI
149.5, 1028, 1, LTS, VI
149.8, 906, 1, RS, VI
150, 3314, 4, LTS, VI
150.2, 3312, 4, LTS, VI
150.5, 962, 1, RS, VI
150.6, 947, 1, RS, VI
151.1, 269, 0, LTS, VI
152.1, 259, 0, LTS, VI
152.1, 261, 0, LTS, VI
152.8, 3448, 4, LTS, V
153, 267, 0, LTS, VI
153.5, 768, 1, RS, VI
154.1, 2065, 2, LTS, IV
154.3, 3581, 4, LTS, IV
154.5, 1031, 1, LTS, VI
154.6, 2046, 2, LTS, IV
154.6, 2052, 2, LTS, IV
155.3, 524, 0, LTS, IV
155.5, 3574, 4, LTS, IV
155.9, 1789, 2, LTS, VI
157.1, 256, 0, LTS, VI
157.6, 2067, 2, LTS, IV
158.5, 2050, 2, LTS, IV
158.6, 3033, 3, LTS, III
159.8, 752, 0, LTS, III
160.5, 3302, 4, LTS, VI
160.9, 258, 0, LTS, VI
160.9, 527, 0, LTS, IV
161.2, 2057, 2, LTS, IV
161.2, 2548, 3, LTS, VI
161.4, 753, 0, LTS, III
161.7, 539, 0, LTS, IV
162, 2552, 3, LTS, VI
162.4, 2061, 2, LTS, IV
162.7, 3310, 4, LTS, VI
163.2, 2812, 3, LTS, IV
163.3, 3042, 3, LTS, III
164.1, 3040, 3, LTS, III
164.8, 2541, 3, LTS, VI
165, 1028, 1, LTS, VI
165.1, 2813, 3, LTS, IV
165.2, 2282, 2, LTS, III
165.2, 3796, 4, LTS, III
165.8, 751, 0, LTS, III
166.7, 2811, 3, LTS, IV
167.1, 1785, 2, LTS, VI
167.3, 2543, 3, LTS, VI
167.4, 533, 0, LTS, IV
167.5, 3439, 4, LTS, V
167.5, 3569, 4, LTS, IV
168.2, 3582, 4, LTS, IV
168.6, 3802, 4, LTS, III
169.2, 544, 0, LTS, IV
169.2, 2276, 2, LTS, III
169.4, 3453, 4, LTS, V
169.6, 1931, 2, LTS, V
169.6, 2551, 3, LTS, VI
170.2, 1782, 2, LTS, VI
170.7, 2388, 3, RS, VI
170.8, 540, 0, LTS, IV
170.8, 3438, 4, LTS, V
170.9, 2689, 3, LTS, V
170.9, 3577, 4, LTS, IV
171, 1923, 2, LTS, V
171, 3587, 4, LTS, IV
171.1, 1517, 1, LTS, III
171.4, 396, 0, LTS, V
171.6, 3306, 4, LTS, VI
171.8, 394, 0, LTS, V
171.9, 407, 0, LTS, V
172.1, 405, 0, LTS, V
172.4, 1165, 1, LTS, V
172.6, 1154, 1, LTS, V
172.8, 1922, 2, LTS, V
173, 1917, 2, LTS, V
173.2, 2691, 3, LTS, V
173.5, 1930, 2, LTS, V
173.6, 2816, 3, LTS, IV
173.7, 1158, 1, LTS, V
173.7, 3043, 3, LTS, III
174, 955, 1, RS, VI
174, 1166, 1, LTS, V
174.3, 2815, 3, LTS, IV
174.9, 404, 0, LTS, V
174.9, 1160, 1, LTS, V
175.2, 3576, 4, LTS, IV
175.4, 2682, 3, LTS, V
175.6, 1163, 1, LTS, V
176, 395, 0, LTS, V
176.3, 758, 0, LTS, III
176.4, 1779, 2, LTS, VI
176.5, 1156, 1, LTS, V
176.7, 399, 0, LTS, V
176.7, 2685, 3, LTS, V
177.2, 1155, 1, LTS, V
177.3, 1928, 2, LTS, V
177.4, 3575, 4, LTS, IV
177.6, 2546, 3, LTS, VI
177.7, 2053, 2, LTS, IV
177.7, 3573, 4, LTS, IV
177.9, 1159, 1, LTS, V
178.3, 1164, 1, LTS, V
178.5, 1161, 1, LTS, V
178.7, 1510, 1, LTS, III
179.1, 2281, 2, LTS, III
179.1, 2684, 3, LTS, V
179.3, 1029, 1, LTS, VI
179.3, 2823, 3, LTS, IV
179.4, 1915, 2, LTS, V
179.5, 271, 0, LTS, VI
180, 1793, 2, LTS, VI
180, 3305, 4, LTS, VI
180.1, 406, 0, LTS, V
180.4, 2676, 3, LTS, V
180.5, 1169, 1, LTS, V
180.6, 3588, 4, LTS, IV
180.7, 2550, 3, LTS, VI
181.1, 408, 0, LTS, V
181.1, 1916, 2, LTS, V
181.9, 263, 0, LTS, VI
182, 1929, 2, LTS, V
182.1, 2048, 2, LTS, IV
182.3, 2814, 3, LTS, IV
182.4, 1786, 2, LTS, VI
182.9, 796, 1, RS, VI
183.2, 1927, 2, LTS, V
183.3, 270, 0, LTS, VI
183.3, 3303, 4, LTS, VI
183.7, 525, 0, LTS, IV
183.8, 543, 0, LTS, IV
183.8, 1924, 2, LTS, V
184.1, 3447, 4, LTS, V
184.8, 532, 0, LTS, IV
184.9, 397, 0, LTS, V
185.3, 1520, 1, LTS, III
185.4, 755, 0, LTS, III
185.8, 2272, 2, LTS, III
185.9, 2059, 2, LTS, IV
186.3, 393, 0, LTS, V
186.5, 2270, 2, LTS, III
186.5, 2918, 3, RS, III
186.6, 1161, 1, LTS, V
186.6, 2545, 3, LTS, VI
186.9, 1023, 1, LTS, VI
187.3, 2688, 3, LTS, V
187.6, 2544, 3, LTS, VI
187.7, 3800, 4, LTS, III
187.8, 529, 0, LTS, IV
187.9, 2687, 3, LTS, V
188.1, 1163, 1, LTS, V
188.2, 2810, 3, LTS, IV
188.5, 1778, 2, LTS, VI
188.8, 1780, 2, LTS, VI
188.9, 1790, 2, LTS, VI
189, 3307, 4, LTS, VI
189.1, 1513, 1, LTS, III
189.1, 3450, 4, LTS, V
189.2, 538, 0, LTS, IV
189.3, 2686, 3, LTS, V
189.7, 2056, 2, LTS, IV
189.7, 2822, 3, LTS, IV
190.2, 1162, 1, LTS, V
190.6, 1024, 1, LTS, VI
190.7, 398, 0, LTS, V
191.3, 1919, 2, LTS, V
191.6, 754, 0, LTS, III
191.6, 1925, 2, LTS, V
191.7, 1306, 1, LTS, IV
191.7, 1921, 2, LTS, V
192, 2277, 2, LTS, III
192.1, 1018, 1, LTS, VI
192.2, 2677, 3, LTS, V
192.3, 3031, 3, LTS, III
192.5, 3180, 4, RS, VI
192.9, 2683, 3, LTS, V
193, 1792, 2, LTS, VI
193.1, 1160, 1, LTS, V
193.1, 1170, 1, LTS, V
193.4, 2051, 2, LTS, IV
193.5, 528, 0, LTS, IV
193.5, 2275, 2, LTS, III
194, 1918, 2, LTS, V
195.4, 1026, 1, LTS, VI
195.5, 257, 0, LTS, VI
195.8, 1304, 1, LTS, IV
196, 748, 0, LTS, III
196, 2049, 2, LTS, IV
196, 3449, 4, LTS, V
196.1, 1248, 1, RS, IV
196.1, 1783, 2, LTS, VI
196.1, 2821, 3, LTS, IV
196.3, 1788, 2, LTS, VI
196.7, 264, 0, LTS, VI
196.7, 1521, 1, LTS, III
196.9, 1168, 1, LTS, V
197, 3589, 4, LTS, IV
197.2, 1017, 1, LTS, VI
197.9, 1022, 1, LTS, VI
198.5, 3801, 4, LTS, III
199.2, 409, 0, LTS, V
199.3, 2807, 3, LTS, IV
199.8, 1926, 2, LTS, V
200.3, 534, 0, LTS, IV
200.9, 537, 0, LTS, IV
200.9, 1516, 1, LTS, III
201.3, 2055, 2, LTS, IV
201.5, 1233, 1, RS, IV
201.6, 749, 0, LTS, III
201.9, 1511, 1, LTS, III
201.9, 2549, 3, LTS, VI
202.4, 401, 0, LTS, V
202.8, 3043, 3, LTS, III
203.1, 400, 0, LTS, V
203.1, 3311, 4, LTS, VI
204.1, 2542, 3, LTS, VI
204.2, 2278, 2, LTS, III
204.6, 540, 0, LTS, IV
205, 265, 0, LTS, VI
205.1, 2820, 3, LTS, IV
205.5, 2808, 3, LTS, IV
205.9, 266, 0, LTS, VI
205.9, 1167, 1, LTS, V
206.2, 3445, 4, LTS, V
206.8, 2060, 2, LTS, IV
207.2, 1789, 2, LTS, VI
207.3, 402, 0, LTS, V
207.3, 1164, 1, LTS, V
207.4, 1302, 1, LTS, IV
207.5, 1156, 1, LTS, V
207.9, 1032, 1, LTS, VI
208.8, 3312, 4, LTS, VI
209.2, 2054, 2, LTS, IV
209.8, 1303, 1, LTS, IV
210.5, 542, 0, LTS, IV
210.8, 2553, 3, LTS, VI
211.2, 3798, 4, LTS, III
211.5, 1784, 2, LTS, VI
212.4, 2539, 3, LTS, VI
212.7, 1286, 1, LTS, IV
212.7, 1781, 2, LTS, VI
212.9, 1020, 1, LTS, VI
213, 2058, 2, LTS, IV
213, 3571, 4, LTS, IV
213.1, 3793, 4, LTS, III
213.4, 3300, 4, LTS, VI
213.9, 525, 0, LTS, IV
214.3, 2678, 3, LTS, V
215.1, 2052, 2, LTS, IV
215.2, 1197, 1, RS, IV
215.3, 3039, 3, LTS, III
215.5, 1791, 2, LTS, VI
215.6, 3576, 4, LTS, IV
216.1, 3038, 3, LTS, III
216.1, 3577, 4, LTS, IV
216.1, 3581, 4, LTS, IV
216.3, 1299, 1, LTS, IV
216.5, 1031, 1, LTS, VI
216.8, 3584, 4, LTS, IV
216.9, 1298, 1, LTS, IV
217.3, 2826, 3, LTS, IV
217.4, 759, 0, LTS, III
217.6, 2015, 2, RS, IV
219.7, 750, 0, LTS, III
219.7, 2552, 3, LTS, VI
220, 405, 0, LTS, V
220.2, 538, 0, LTS, IV
220.2, 2282, 2, LTS, III
220.4, 1518, 1, LTS, III
220.9, 395, 0, LTS, V
221, 3037, 3, LTS, III
221.1, 1927, 2, LTS, V
221.4, 2062, 2, LTS, IV
221.6, 1930, 2, LTS, V
222.5, 1513, 1, LTS, III
222.5, 1917, 2, LTS, V
223.1, 3588, 4, LTS, IV
223.2, 1915, 2, LTS, V
223.3, 2541, 3, LTS, VI
223.7, 1169, 1, LTS, V
223.7, 2681, 3, LTS, V
223.9, 1931, 2, LTS, V
224.3, 1021, 1, LTS, VI
224.9, 3443, 4, LTS, V
225.3, 3311, 4, LTS, VI
225.5, 545, 0, LTS, IV
225.8, 3440, 4, LTS, V
225.9, 3302, 4, LTS, VI
226.1, 3035, 3, LTS, III
226.5, 2065, 2, LTS, IV
226.8, 396, 0, LTS, V
227.2, 2548, 3, LTS, VI
227.4, 3304, 4, LTS, VI
227.5, 2279, 2, LTS, III
227.9, 1157, 1, LTS, V
227.9, 3437, 4, LTS, V
228.8, 408, 0, LTS, V
228.9, 755, 0, LTS, III
228.9, 2817, 3, LTS, IV
229, 2823, 3, LTS, IV
229.1, 1019, 1, LTS, VI
229.1, 3804, 4, LTS, III
229.4, 3452, 4, LTS, V
229.7, 539, 0, LTS, IV
230.1, 758, 0, LTS, III
230.1, 2827, 3, LTS, IV
230.2, 2550, 3, LTS, VI
230.2, 3309, 4, LTS, VI
230.2, 3698, 4, RS, III
230.4, 2815, 3, LTS, IV
230.6, 3572, 4, LTS, IV
230.8, 2692, 3, LTS, V
231, 2053, 2, LTS, IV
231.1, 2046, 2, LTS, IV
231.1, 3586, 4, LTS, IV
231.9, 3036, 3, LTS, III
232.4, 262, 0, LTS, VI
233, 1923, 2, LTS, V
233.4, 1295, 1, LTS, IV
233.9, 3803, 4, LTS, III
234.2, 1162, 1, LTS, V
234.4, 3574, 4, LTS, IV
234.8, 2824, 3, LTS, IV
235.2, 258, 0, LTS, VI
235.2, 404, 0, LTS, V
235.3, 268, 0, LTS, VI
235.4, 3308, 4, LTS, VI
235.9, 3794, 4, LTS, III
236, 1790, 2, LTS, VI
236.1, 260, 0, LTS, VI
236.7, 256, 0, LTS, VI
236.8, 1028, 1, LTS, VI
237.6, 1305, 1, LTS, IV
237.6, 2821, 3, LTS, IV
237.7, 393, 0, LTS, V
237.8, 2809, 3, LTS, IV
238.3, 267, 0, LTS, VI
238.5, 259, 0, LTS, VI
238.8, 1027, 1, LTS, VI
239, 1030, 1, LTS, VI
239, 3446, 4, LTS, V
239.6, 3583, 4, LTS, IV
240.8, 407, 0, LTS, V
241.2, 3796, 4, LTS, III
241.7, 3569, 4, LTS, IV
242, 2816, 3, LTS, IV
242.3, 616, 0, RS, III
242.4, 533, 0, LTS, IV
242.5, 1023, 1, LTS, VI
243, 752, 0, LTS, III
243.1, 3582, 4, LTS, IV
243.5, 1788, 2, LTS, VI
244.7, 2684, 3, LTS, V
244.9, 535, 0, LTS, IV
245, 1159, 1, LTS, V
245.3, 2115, 2, RS, III
245.6, 1161, 1, LTS, V
245.7, 757, 0, LTS, III
245.8, 267, 0, LTS, VI
245.9, 2276, 2, LTS, III
245.9, 3439, 4, LTS, V
246.1, 1165, 1, LTS, V
246.2, 3579, 4, LTS, IV
246.7, 2050, 2, LTS, IV
247.2, 3449, 4, LTS, V
247.9, 1509, 1, LTS, III
248.4, 1519, 1, LTS, III
248.4, 2676, 3, LTS, V
249.1, 2280, 2, LTS, III
249.2, 1293, 1, LTS, IV
249.6, 754, 0, LTS, III
249.7, 2066, 2, LTS, IV
249.8, 2051, 2, LTS, IV
250.2, 1017, 1, LTS, VI
250.2, 2063, 2, LTS, IV
250.3, 2812, 3, LTS, IV
250.6, 2059, 2, LTS, IV
250.6, 2825, 3, LTS, IV
251, 2047, 2, LTS, IV
251.3, 1778, 2, LTS, VI
251.4, 760, 0, LTS, III
251.4, 1018, 1, LTS, VI
251.6, 3031, 3, LTS, III
251.9, 1791, 2, LTS, VI
251.9, 3438, 4, LTS, V
252, 2546, 3, LTS, VI
253.5, 3037, 3, LTS, III
253.8, 2554, 3, LTS, VI
254.2, 758, 0, LTS, III
254.2, 3792, 4, LTS, III
254.6, 3799, 4, LTS, III
254.7, 2552, 3, LTS, VI
254.7, 3041, 3, LTS, III
254.8, 1294, 1, LTS, IV
254.9, 3448, 4, LTS, V
255, 2543, 3, LTS, VI
255.4, 1167, 1, LTS, V
255.7, 1839, 2, RS, V
255.9, 1163, 1, LTS, V
256.4, 2539, 3, LTS, VI
257.3, 1287, 1, LTS, IV
257.3, 2690, 3, LTS, V
257.3, 3453, 4, LTS, V
257.3, 3568, 4, LTS, IV
257.4, 264, 0, LTS, VI
257.4, 1290, 1, LTS, IV
257.5, 2677, 3, LTS, V
257.5, 2822, 3, LTS, IV
257.6, 1296, 1, LTS, IV
257.6, 3303, 4, LTS, VI
257.7, 3315, 4, LTS, VI
257.9, 1304, 1, LTS, IV
257.9, 2547, 3, LTS, VI
258.2, 1025, 1, LTS, VI
258.3, 403, 0, LTS, V
258.4, 2273, 2, LTS, III
258.8, 1155, 1, LTS, V
258.8, 3304, 4, LTS, VI
258.9, 3301, 4, LTS, VI
259, 2808, 3, LTS, IV
259.2, 1170, 1, LTS, V
259.3, 1514, 1, LTS, III
259.5, 1168, 1, LTS, V
260, 401, 0, LTS, V
260.5, 1928, 2, LTS, V
260.5, 2271, 2, LTS, III
260.6, 1301, 1, LTS, IV
261.3, 3589, 4, LTS, IV
261.4, 1515, 1, LTS, III
262.2, 1782, 2, LTS, VI
262.7, 2683, 3, LTS, V
262.9, 3575, 4, LTS, IV
263.5, 1922, 2, LTS, V
263.6, 2544, 3, LTS, VI
263.6, 3587, 4, LTS, IV
263.7, 544, 0, LTS, IV
264.1, 3800, 4, LTS, III
264.3, 406, 0, LTS, V
264.3, 2551, 3, LTS, VI
264.4, 3314, 4, LTS, VI
264.6, 394, 0, LTS, V
264.8, 1787, 2, LTS, VI
264.9, 2685, 3, LTS, V
265.8, 530, 0, LTS, IV
265.9, 529, 0, LTS, IV
266.3, 1785, 2, LTS, VI
266.9, 400, 0, LTS, V
267, 3450, 4, LTS, V
267.3, 1533, 2, RS, VI
267.4, 541, 0, LTS, IV
268, 257, 0, LTS, VI
268.1, 405, 0, LTS, V
268.3, 2820, 3, LTS, IV
268.6, 2545, 3, LTS, VI
269, 525, 0, LTS, IV
269, 1930, 2, LTS, V
269.2, 2688, 3, LTS, V
270, 2065, 2, LTS, IV
270.2, 1924, 2, LTS, V
270.3, 3305, 4, LTS, VI
270.6, 1845, 2, RS, V
270.7, 1031, 1, LTS, VI
271.2, 1032, 1, LTS, VI
271.4, 1021, 1, LTS, VI
271.5, 2542, 3, LTS, VI
271.7, 531, 0, LTS, IV
271.7, 1783, 2, LTS, VI
272.2, 1920, 2, LTS, V
272.3, 1299, 1, LTS, IV
272.6, 756, 0, LTS, III
273.3, 228, 0, RS, VI
273.4, 3441, 4, LTS, V
273.7, 1511, 1, LTS, III
274.2, 1024, 1, LTS, VI
274.6, 1302, 1, LTS, IV
275, 2691, 3, LTS, V
275.2, 3300, 4, LTS, VI
275.7, 749, 0, LTS, III
275.7, 2047, 2, LTS, IV
275.8, 1518, 1, LTS, III
276, 1792, 2, LTS, VI
276.2, 527, 0, LTS, IV
276.7, 1925, 2, LTS, V
276.7, 2055, 2, LTS, IV
276.7, 3310, 4, LTS, VI
277, 270, 0, LTS, VI
277.1, 325, 0, RS, V
277.3, 3581, 4, LTS, IV
277.4, 2053, 2, LTS, IV
277.4, 3573, 4, LTS, IV
278.9, 1029, 1, LTS, VI
279.3, 537, 0, LTS, IV
279.4, 3447, 4, LTS, V
279.5, 2280, 2, LTS, III
279.8, 3799, 4, LTS, III
279.9, 3442, 4, LTS, V
280.2, 408, 0, LTS, V
280.7, 3313, 4, LTS, VI
281.3, 2814, 3, LTS, IV
281.9, 1927, 2, LTS, V
283.1, 1295, 1, LTS, IV
283.5, 1022, 1, LTS, VI
283.5, 2540, 3, LTS, VI
283.5, 3672, 4, RS, III
283.7, 269, 0, LTS, VI
283.8, 3445, 4, LTS, V
284, 1780, 2, LTS, VI
284.6, 545, 0, LTS, IV
285.3, 1779, 2, LTS, VI
285.4, 534, 0, LTS, IV
285.6, 1169, 1, LTS, V
286.5, 1023, 1, LTS, VI
286.7, 1289, 1, LTS, IV
286.7, 2692, 3, LTS, V
286.9, 2676, 3, LTS, V
287, 2548, 3, LTS, VI
287.1, 543, 0, LTS, IV
287.3, 3797, 4, LTS, III
287.9, 2812, 3, LTS, IV
288.7, 1915, 2, LTS, V
288.8, 2050, 2, LTS, IV
289.1, 2827, 3, LTS, IV
289.6, 102, 0, RS, VI
289.6, 754, 0, LTS, III
290.2, 402, 0, LTS, V
290.6, 1926, 2, LTS, V
290.8, 1784, 2, LTS, VI
290.9, 1030, 1, LTS, VI
291, 3801, 4, LTS, III
291.1, 2549, 3, LTS, VI
291.3, 751, 0, LTS, III
291.6, 2815, 3, LTS, IV
292.1, 2541, 3, LTS, VI
292.3, 1305, 1, LTS, IV
292.5, 2679, 3, LTS, V
292.9, 2054, 2, LTS, IV
293.5, 1027, 1, LTS, VI
293.6, 3301, 4, LTS, VI
293.8, 2553, 3, LTS, VI
293.8, 3451, 4, LTS, V
294.2, 2813, 3, LTS, IV
294.3, 528, 0, LTS, IV
294.4, 1519, 1, LTS, III
295, 2274, 2, LTS, III
295.1, 3570, 4, LTS, IV
295.2, 2067, 2, LTS, IV
295.4, 268, 0, LTS, VI
295.7, 263, 0, LTS, VI
295.7, 2059, 2, LTS, IV
295.7, 2689, 3, LTS, V
296, 1782, 2, LTS, VI
296, 3582, 4, LTS, IV
296.3, 2064, 2, LTS, IV
296.4, 1285, 1, LTS, IV
296.4, 1297, 1, LTS, IV
296.6, 3584, 4, LTS, IV
296.7, 1306, 1, LTS, IV
297, 1517, 1, LTS, III
297.6, 1513, 1, LTS, III
297.7, 261, 0, LTS, VI
298.1, 2817, 3, LTS, IV
298.1, 3576, 4, LTS, IV
298.2, 3043, 3, LTS, III
298.6, 3586, 4, LTS, IV
298.7, 2807, 3, LTS, IV
299, 409, 0, LTS, V
299.1, 2279, 2, LTS, III
299.5, 1019, 1, LTS, VI
300.5, 752, 0, LTS, III
300.6, 2691, 3, LTS, V
300.9, 531, 0, LTS, IV
300.9, 2810, 3, LTS, IV
301.7, 1291, 1, LTS, IV
301.9, 1923, 2, LTS, V
302.2, 3452, 4, LTS, V
302.6, 264, 0, LTS, VI
302.7, 542, 0, LTS, IV
302.8, 403, 0, LTS, V
303.3, 3312, 4, LTS, VI
303.5, 3580, 4, LTS, IV
303.5, 3587, 4, LTS, IV
303.7, 29, 0, RS, VI
304.6, 1294, 1, LTS, IV
304.7, 1520, 1, LTS, III
304.7, 1936, 2, IB, V
304.7, 3583, 4, LTS, IV
305.3, 1164, 1, LTS, V
305.6, 1286, 1, LTS, IV
305.8, 3035, 3, LTS, III
305.9, 1301, 1, LTS, IV
306, 3795, 4, LTS, III
306.6, 1789, 2, LTS, VI
306.7, 758, 0, LTS, III
306.7, 3453, 4, LTS, V
306.9, 1792, 2, LTS, VI
306.9, 2680, 3, LTS, V
307.4, 3443, 4, LTS, V
307.5, 1791, 2, LTS, VI
307.9, 265, 0, LTS, VI
308, 2809, 3, LTS, IV
308, 3575, 4, LTS, IV
308.7, 1948, 2, IB, V
308.8, 1017, 1, LTS, VI
309.1, 1170, 1, LTS, V
309.1, 2060, 2, LTS, IV
309.3, 2057, 2, LTS, IV
310.7, 3793, 4, LTS, III
310.8, 753, 0, LTS, III
310.8, 1917, 2, LTS, V
312, 2061, 2, LTS, IV
312.3, 538, 0, LTS, IV
312.3, 3314, 4, LTS, VI
312.4, 1292, 1, LTS, IV
312.4, 2822, 3, LTS, IV
312.6, 3300, 4, LTS, VI
312.7, 1166, 1, LTS, V
312.9, 262, 0, LTS, VI
313.1, 537, 0, LTS, IV
313.6, 2823, 3, LTS, IV
313.6, 3034, 3, LTS, III
314, 3038, 3, LTS, III
314.1, 3308, 4, LTS, VI
314.3, 1916, 2, LTS, V
314.8, 1157, 1, LTS, V
315.7, 3307, 4, LTS, VI
315.9, 258, 0, LTS, VI
316.1, 3036, 3, LTS, III
316.4, 2686, 3, LTS, V
316.5, 409, 0, LTS, V
316.6, 267, 0, LTS, VI
316.8, 1188, 1, IB, V
316.9, 1161, 1, LTS, V
317.7, 759, 0, LTS, III
318.4, 2683, 3, LTS, V
318.6, 3039, 3, LTS, III
318.9, 2546, 3, LTS, VI
319, 3040, 3, LTS, III
319.1, 760, 0, LTS, III
319.3, 405, 0, LTS, V
319.3, 1514, 1, LTS, III
319.9, 755, 0, LTS, III
320.2, 2464, 3, RS, VI
320.2, 3306, 4, LTS, VI
320.2, 3802, 4, LTS, III
320.5, 536, 0, LTS, IV
320.7, 395, 0, LTS, V
320.7, 1304, 1, LTS, IV
320.7, 2281, 2, LTS, III
321.3, 2049, 2, LTS, IV
321.4, 3588, 4, LTS, IV
321.6, 2056, 2, LTS, IV
323, 3439, 4, LTS, V
323.1, 1521, 1, LTS, III
323.5, 1163, 1, LTS, V
323.5, 3311, 4, LTS, VI
323.9, 532, 0, LTS, IV
323.9, 1510, 1, LTS, III
324.1, 528, 0, LTS, IV
324.4, 404, 0, LTS, V
324.6, 3033, 3, LTS, III
324.7, 2826, 3, LTS, IV
324.9, 1154, 1, LTS, V
324.9, 3798, 4, LTS, III
325.1, 1287, 1, LTS, IV
325.2, 3572, 4, LTS, IV
325.4, 2828, 3, LTS, IV
325.5, 748, 0, LTS, III
325.5, 3449, 4, LTS, V
326.1, 2811, 3, LTS, IV
326.2, 3304, 4, LTS, VI
326.5, 1029, 1, LTS, VI
327, 2682, 3, LTS, V
327.1, 2814, 3, LTS, IV
327.5, 534, 0, LTS, IV
327.6, 538, 0, LTS, IV
327.6, 1778, 2, LTS, VI
327.6, 2063, 2, LTS, IV
327.8, 1925, 2, LTS, V
328, 1184, 1, IB, V
328, 1931, 2, LTS, V
328, 3804, 4, LTS, III
328.1, 880, 1, RS, VI
328.3, 2818, 3, LTS, IV
328.3, 3446, 4, LTS, V
328.5, 535, 0, LTS, IV
328.8, 259, 0, LTS, VI
328.9, 1783, 2, LTS, VI
329.1, 401, 0, LTS, V
329.2, 3042, 3, LTS, III
329.3, 1299, 1, LTS, IV
329.4, 2278, 2, LTS, III
329.5, 921, 1, RS, VI
329.6, 400, 0, LTS, V
329.6, 2275, 2, LTS, III
329.6, 2824, 3, LTS, IV
329.7, 2276, 2, LTS, III
329.8, 1167, 1, LTS, V
329.8, 2543, 3, LTS, VI
330, 3796, 4, LTS, III
331.4, 3792, 4, LTS, III
331.5, 2047, 2, LTS, IV
331.9, 271, 0, LTS, VI
331.9, 1020, 1, LTS, VI
332, 533, 0, LTS, IV
332.1, 2273, 2, LTS, III
332.4, 1516, 1, LTS, III
332.5, 3448, 4, LTS, V
333, 3568, 4, LTS, IV
333.2, 2551, 3, LTS, VI
333.3, 2062, 2, LTS, IV
333.4, 3569, 4, LTS, IV
333.5, 3577, 4, LTS, IV
333.6, 1370, 1, RS, III
333.6, 3031, 3, LTS, III
333.8, 260, 0, LTS, VI
334, 256, 0, LTS, VI
334, 1786, 2, LTS, VI
334.2, 394, 0, LTS, V
334.4, 2051, 2, LTS, IV
335.2, 525, 0, LTS, IV
335.3, 1303, 1, LTS, IV
335.6, 1018, 1, LTS, VI
335.6, 2815, 3, LTS, IV
335.6, 3438, 4, LTS, V
335.8, 1162, 1, LTS, V
336, 1165, 1, LTS, V
336.4, 2817, 3, LTS, IV
336.5, 2820, 3, LTS, IV
337, 1918, 2, LTS, V
337.5, 393, 0, LTS, V
338.1, 2550, 3, LTS, VI
338.1, 3037, 3, LTS, III
338.4, 2678, 3, LTS, V
339.5, 3437, 4, LTS, V
339.7, 2808, 3, LTS, IV
339.9, 2052, 2, LTS, IV
339.9, 2540, 3, LTS, VI
339.9, 2687, 3, LTS, V
339.9, 2691, 3, LTS, V
340.2, 1290, 1, LTS, IV
340.4, 406, 0, LTS, V
340.5, 756, 0, LTS, III
340.7, 1293, 1, LTS, IV
341.3, 3310, 4, LTS, VI
341.4, 3442, 4, LTS, V
341.6, 2050, 2, LTS, IV
341.8, 1924, 2, LTS, V
342.6, 2064, 2, LTS, IV
342.8, 265, 0, LTS, VI
343.4, 1781, 2, LTS, VI
343.8, 1520, 1, LTS, III
344.2, 3581, 4, LTS, IV
344.6, 2282, 2, LTS, III
345.6, 3447, 4, LTS, V
345.6, 3450, 4, LTS, V
345.7, 268, 0, LTS, VI
345.7, 530, 0, LTS, IV
346.4, 3574, 4, LTS, IV
347.5, 3312, 4, LTS, VI
347.6, 3444, 4, LTS, V
347.8, 2822, 3, LTS, IV
348.2, 3799, 4, LTS, III
348.5, 1164, 1, LTS, V
349.3, 540, 0, LTS, IV
349.3, 3440, 4, LTS, V
349.8, 1027, 1, LTS, VI
350, 398, 0, LTS, V
350.1, 1928, 2, LTS, V
350.8, 3302, 4, LTS, VI
351.1, 1780, 2, LTS, VI
351.5, 266, 0, LTS, VI
351.6, 1158, 1, LTS, V
351.8, 3582, 4, LTS, IV
351.9, 1032, 1, LTS, VI
352, 2541, 3, LTS, VI
352.1, 2813, 3, LTS, IV
352.7, 1028, 1, LTS, VI
353.1, 257, 0, LTS, VI
353.2, 2046, 2, LTS, IV
353.5, 1026, 1, LTS, VI
353.6, 1927, 2, LTS, V
353.6, 1929, 2, LTS, V
353.7, 1300, 1, LTS, IV
353.7, 1919, 2, LTS, V
353.7, 2054, 2, LTS, IV
353.9, 2065, 2, LTS, IV
354.3, 1161, 1, LTS, V
355.1, 270, 0, LTS, VI
355.1, 2271, 2, LTS, III
355.3, 2274, 2, LTS, III
355.6, 1915, 2, LTS, V
356, 2547, 3, LTS, VI
356.1, 1922, 2, LTS, V
356.2, 402, 0, LTS, V
356.6, 1157, 1, LTS, V
356.9, 1785, 2, LTS, VI
357.2, 539, 0, LTS, IV
357.4, 2544, 3, LTS, VI
357.5, 3578, 4, LTS, IV
358.3, 2066, 2, LTS, IV
358.4, 269, 0, LTS, VI
358.4, 1155, 1, LTS, V
358.5, 758, 0, LTS, III
358.8, 1930, 2, LTS, V
359.2, 3452, 4, LTS, V
359.5, 2681, 3, LTS, V
359.7, 396, 0, LTS, V
359.7, 532, 0, LTS, IV
359.9, 1790, 2, LTS, VI
360, 2551, 3, LTS, VI
360.1, 2680, 3, LTS, V
360.5, 529, 0, LTS, IV
361.1, 2816, 3, LTS, IV
361.2, 3573, 4, LTS, IV
362.4, 3313, 4, LTS, VI
362.5, 3802, 4, LTS, III
363, 542, 0, LTS, IV
363.4, 2552, 3, LTS, VI
363.5, 1515, 1, LTS, III
364.2, 1302, 1, LTS, IV
364.3, 1787, 2, LTS, VI
364.7, 1170, 1, LTS, V
365.1, 2692, 3, LTS, V
365.4, 526, 0, LTS, IV
365.6, 2685, 3, LTS, V
365.9, 1226, 1, RS, IV
365.9, 1296, 1, LTS, IV
366, 2061, 2, LTS, IV
367.2, 1021, 1, LTS, VI
367.3, 3586, 4, LTS, IV
367.6, 757, 0, LTS, III
367.6, 1782, 2, LTS, VI
368.2, 749, 0, LTS, III
369.1, 1926, 2, LTS, V
369.4, 3314, 4, LTS, VI
369.5, 1791, 2, LTS, VI
369.7, 1778, 2, LTS, VI
370.2, 1024, 1, LTS, VI
370.3, 1294, 1, LTS, IV
370.5, 1792, 2, LTS, VI
370.6, 2684, 3, LTS, V
370.7, 543, 0, LTS, IV
371.9, 752, 0, LTS, III
371.9, 3584, 4, LTS, IV
372.6, 1019, 1, LTS, VI
372.6, 3303, 4, LTS, VI
372.8, 2055, 2, LTS, IV
372.8, 2057, 2, LTS, IV
373.1, 1512, 1, LTS, III
373.1, 2825, 3, LTS, IV
373.5, 1303, 1, LTS, IV
373.6, 1023, 1, LTS, VI
373.6, 1285, 1, LTS, IV
374.4, 1925, 2, LTS, V
374.6, 2812, 3, LTS, IV
375, 2689, 3, LTS, V
375.4, 2067, 2, LTS, IV
375.5, 3309, 4, LTS, VI
375.6, 3588, 4, LTS, IV
375.9, 1288, 1, LTS, IV
376, 3038, 3, LTS, III
376.2, 3032, 3, LTS, III
376.4, 3042, 3, LTS, III
376.5, 3035, 3, LTS, III
376.6, 3589, 4, LTS, IV
377, 3445, 4, LTS, V
377.1, 1521, 1, LTS, III
377.2, 408, 0, LTS, V
377.6, 2807, 3, LTS, IV
377.7, 2350, 3, RS, VI
378.5, 3443, 4, LTS, V
378.6, 2810, 3, LTS, IV
378.7, 1293, 1, LTS, IV
378.8, 2539, 3, LTS, VI
379.1, 3305, 4, LTS, VI
379.7, 3796, 4, LTS, III
379.9, 2543, 3, LTS, VI
380.3, 1509, 1, LTS, III
380.7, 1298, 1, LTS, IV
381.2, 2827, 3, LTS, IV
381.3, 407, 0, LTS, V
382.5, 3446, 4, LTS, V
382.6, 3311, 4, LTS, VI
382.8, 1154, 1, LTS, V
382.8, 2819, 3, LTS, IV
382.9, 2811, 3, LTS, IV
383.1, 754, 0, LTS, III
383.4, 2677, 3, LTS, V
383.6, 3306, 4, LTS, VI
383.6, 3801, 4, LTS, III
383.8, 2544, 3, LTS, VI
384, 1789, 2, LTS, VI
384.4, 2821, 3, LTS, IV
385.1, 1160, 1, LTS, V
385.5, 3798, 4, LTS, III
385.7, 2060, 2, LTS, IV
385.9, 1291, 1, LTS, IV
385.9, 3793, 4, LTS, III
386.5, 399, 0, LTS, V
387, 1286, 1, LTS, IV
387.1, 538, 0, LTS, IV
387.5, 1029, 1, LTS, VI
387.8, 3577, 4, LTS, IV
388.7, 760, 0, LTS, III
388.7, 1289, 1, LTS, IV
388.9, 270, 0, LTS, VI
389.3, 2546, 3, LTS, VI
389.5, 260, 0, LTS, VI
389.5, 261, 0, LTS, VI
389.7, 2688, 3, LTS, V
389.8, 1917, 2, LTS, V
390, 1022, 1, LTS, VI
390.7, 2542, 3, LTS, VI
390.8, 3575, 4, LTS, IV
391.5, 2281, 2, LTS, III
391.7, 1020, 1, LTS, VI
391.8, 263, 0, LTS, VI
391.9, 3569, 4, LTS, IV
392.1, 531, 0, LTS, IV
392.1, 3576, 4, LTS, IV
392.7, 267, 0, LTS, VI
393.1, 1295, 1, LTS, IV
393.2, 1166, 1, LTS, V
393.5, 2059, 2, LTS, IV
394.1, 2276, 2, LTS, III
394.2, 2820, 3, LTS, IV
394.3, 403, 0, LTS, V
394.4, 2682, 3, LTS, V
394.6, 3304, 4, LTS, VI
394.7, 2686, 3, LTS, V
394.8, 2691, 3, LTS, V
395, 3571, 4, LTS, IV
395.2, 536, 0, LTS, IV
395.2, 2823, 3, LTS, IV
395.5, 1167, 1, LTS, V
395.5, 1517, 1, LTS, III
395.8, 2048, 2, LTS, IV
395.9, 262, 0, LTS, VI
395.9, 2280, 2, LTS, III
397, 2553, 3, LTS, VI
397.1, 406, 0, LTS, V
397.3, 1165, 1, LTS, V
397.3, 2053, 2, LTS, IV
397.3, 2690, 3, LTS, V
398.1, 3033, 3, LTS, III
399, 3449, 4, LTS, V
399.1, 1779, 2, LTS, VI
399.2, 1030, 1, LTS, VI
399.7, 3037, 3, LTS, III
400, 1935, 2, IB, V
400.2, 1017, 1, LTS, VI
400.3, 753, 0, LTS, III
400.6, 755, 0, LTS, III
400.8, 524, 0, LTS, IV
401.2, 271, 0, LTS, VI
401.4, 2274, 2, LTS, III
402.1, 259, 0, LTS, VI
402.5, 3301, 4, LTS, VI
403.1, 1681, 2, RS, VI
403.2, 1292, 1, LTS, IV
403.7, 1159, 1, LTS, V
404.6, 1919, 2, LTS, V
404.6, 2676, 3, LTS, V
405, 3797, 4, LTS, III
405.2, 3453, 4, LTS, V
405.4, 1930, 2, LTS, V
405.6, 3441, 4, LTS, V
406.2, 1028, 1, LTS, VI
406.5, 1931, 2, LTS, V
406.5, 2815, 3, LTS, IV
407.3, 2541, 3, LTS, VI
407.6, 2679, 3, LTS, V
408, 528, 0, LTS, IV
408.2, 3300, 4, LTS, VI
408.2, 3315, 4, LTS, VI
408.6, 3802, 4, LTS, III
408.9, 268, 0, LTS, VI
408.9, 1018, 1, LTS, VI
409.3, 544, 0, LTS, IV
409.7, 2052, 2, LTS, IV
410.4, 1305, 1, LTS, IV
410.4, 2051, 2, LTS, IV
410.6, 1921, 2, LTS, V
411, 748, 0, LTS, III
411.3, 537, 0, LTS, IV
411.3, 1169, 1, LTS, V
411.4, 1513, 1, LTS, III
411.7, 257, 0, LTS, VI
412.2, 3452, 4, LTS, V
412.4, 1299, 1, LTS, IV
412.8, 1780, 2, LTS, VI
412.8, 2273, 2, LTS, III
413.5, 258, 0, LTS, VI
413.9, 2549, 3, LTS, VI
414.1, 2692, 3, LTS, V
414.2, 395, 0, LTS, V
414.6, 2817, 3, LTS, IV
414.7, 3800, 4, LTS, III
415.1, 394, 0, LTS, V
415.1, 3439, 4, LTS, V
417.3, 3043, 3, LTS, III
417.7, 2552, 3, LTS, VI
417.9, 3039, 3, LTS, III
418.5, 525, 0, LTS, IV
418.7, 749, 0, LTS, III
418.7, 1567, 2, RS, VI
419.5, 409, 0, LTS, V
420, 3450, 4, LTS, V
420.2, 2825, 3, LTS, IV
420.3, 3572, 4, LTS, IV
420.8, 1916, 2, LTS, V
420.8, 3573, 4, LTS, IV
420.9, 3307, 4, LTS, VI
421.1, 2047, 2, LTS, IV
421.4, 2678, 3, LTS, V
421.6, 529, 0, LTS, IV
421.6, 532, 0, LTS, IV
421.6, 1785, 2, LTS, VI
421.8, 533, 0, LTS, IV
422, 3309, 4, LTS, VI
422.1, 1156, 1, LTS, V
422.5, 1783, 2, LTS, VI
423.1, 2809, 3, LTS, IV
423.3, 2065, 2, LTS, IV
423.3, 2282, 2, LTS, III
423.6, 1162, 1, LTS, V
423.6, 3040, 3, LTS, III
423.7, 1519, 1, LTS, III
423.8, 1290, 1, LTS, IV
424.4, 2812, 3, LTS, IV
425.1, 2063, 2, LTS, IV
425.2, 3438, 4, LTS, V
425.6, 402, 0, LTS, V
426, 3568, 4, LTS, IV
426.5, 2814, 3, LTS, IV
426.6, 2550, 3, LTS, VI
426.7, 1025, 1, LTS, VI
426.8, 2826, 3, LTS, IV
427.2, 266, 0, LTS, VI
427.8, 1019, 1, LTS, VI
427.9, 1520, 1, LTS, III
428.2, 2683, 3, LTS, V
428.3, 3792, 4, LTS, III
428.5, 2060, 2, LTS, IV
428.5, 2816, 3, LTS, IV
428.7, 759, 0, LTS, III
428.8, 3440, 4, LTS, V
429, 538, 0, LTS, IV
429.3, 1289, 1, LTS, IV
430, 1020, 1, LTS, VI
430.8, 3570, 4, LTS, IV
431, 1791, 2, LTS, VI
431.5, 1170, 1, LTS, V
431.5, 1300, 1, LTS, IV
431.6, 1021, 1, LTS, VI
431.9, 2822, 3, LTS, IV
432, 3582, 4, LTS, IV
432.1, 3799, 4, LTS, III
432.4, 1155, 1, LTS, V
432.6, 1295, 1, LTS, IV
432.8, 2280, 2, LTS, III
432.9, 2821, 3, LTS, IV
433.2, 1793, 2, LTS, VI
433.2, 2684, 3, LTS, V
433.2, 3444, 4, LTS, V
433.4, 1515, 1, LTS, III
433.8, 3448, 4, LTS, V
434.1, 3581, 4, LTS, IV
434.6, 3796, 4, LTS, III
434.9, 1027, 1, LTS, VI
435.6, 758, 0, LTS, III
436.1, 1022, 1, LTS, VI
436.5, 543, 0, LTS, IV
436.8, 3580, 4, LTS, IV
437.2, 1927, 2, LTS, V
437.3, 1923, 2, LTS, V
437.7, 1516, 1, LTS, III
438.5, 2049, 2, LTS, IV
438.8, 2689, 3, LTS, V
438.9, 262, 0, LTS, VI
439, 2271, 2, LTS, III
439.4, 1514, 1, LTS, III
439.6, 400, 0, LTS, V
439.7, 1017, 1, LTS, VI
439.9, 1164, 1, LTS, V
440.5, 3445, 4, LTS, V
441, 3031, 3, LTS, III
441.5, 1291, 1, LTS, IV
441.9, 2828, 3, LTS, IV
442.5, 2275, 2, LTS, III
442.8, 3587, 4, LTS, IV
443, 2551, 3, LTS, VI
443.2, 2548, 3, LTS, VI
443.6, 2046, 2, LTS, IV
444, 1515, 1, LTS, III
444.1, 3455, 4, IB, V
444.2, 1781, 2, LTS, VI
444.3, 537, 0, LTS, IV
444.3, 3312, 4, LTS, VI
444.6, 1302, 1, LTS, IV
445, 3583, 4, LTS, IV
445.1, 3795, 4, LTS, III
445.2, 1928, 2, LTS, V
445.3, 3314, 4, LTS, VI
445.9, 257, 0, LTS, VI
446.3, 270, 0, LTS, VI
446.5, 754, 0, LTS, III
446.5, 1163, 1, LTS, V
446.7, 1023, 1, LTS, VI
447, 531, 0, LTS, IV
447.1, 1028, 1, LTS, VI
447.5, 42, 0, RS, VI
448.1, 1790, 2, LTS, VI
448.5, 2540, 3, LTS, VI
448.5, 3034, 3, LTS, III
448.7, 2053, 2, LTS, IV
448.8, 1285, 1, LTS, IV
448.8, 1922, 2, LTS, V
448.8, 2281, 2, LTS, III
450.2, 267, 0, LTS, VI
450.5, 3442, 4, LTS, V
450.6, 1301, 1, LTS, IV
450.6, 3450, 4, LTS, V
451, 1924, 2, LTS, V
451, 3437, 4, LTS, V
451, 3576, 4, LTS, IV
451.3, 2272, 2, LTS, III
451.3, 2545, 3, LTS, VI
452.1, 1931, 2, LTS, V
452.2, 2047, 2, LTS, IV
452.2, 3569, 4, LTS, IV
452.7, 2818, 3, LTS, IV
452.9, 1918, 2, LTS, V
453, 2807, 3, LTS, IV
453, 3798, 4, LTS, III
453.1, 1031, 1, LTS, VI
453.1, 1522, 2, RS, VI
453.4, 2680, 3, LTS, V
453.9, 1019, 1, LTS, VI
454.2, 3302, 4, LTS, VI
454.3, 3573, 4, LTS, IV
454.5, 1158, 1, LTS, V
454.6, 2691, 3, LTS, V
454.8, 545, 0, LTS, IV
455.1, 2050, 2, LTS, IV
455.1, 3313, 4, LTS, VI
455.2, 2542, 3, LTS, VI
455.3, 756, 0, LTS, III
455.4, 1297, 1, LTS, IV
455.6, 2808, 3, LTS, IV
455.8, 542, 0, LTS, IV
455.9, 2813, 3, LTS, IV
456.2, 397, 0, LTS, V
456.9, 404, 0, LTS, V
457, 256, 0, LTS, VI
457.9, 1512, 1, LTS, III
458.2, 259, 0, LTS, VI
458.2, 3575, 4, LTS, IV
458.3, 393, 0, LTS, V
458.7, 1167, 1, LTS, V
458.8, 1299, 1, LTS, IV
459.4, 1915, 2, LTS, V
459.6, 2553, 3, LTS, VI
459.8, 3726, 4, RS, III
460, 3447, 4, LTS, V
460.1, 3588, 4, LTS, IV
460.4, 1917, 2, LTS, V
460.4, 3797, 4, LTS, III
461.2, 3300, 4, LTS, VI
461.6, 3037, 3, LTS, III
461.7, 2278, 2, LTS, III
461.8, 3577, 4, LTS, IV
462.6, 3036, 3, LTS, III
462.6, 3574, 4, LTS, IV
462.8, 333, 0, RS, V
463, 2824, 3, LTS, IV
463.9, 1936, 2, IB, V
464.3, 137, 0, RS, VI
464.4, 1303, 1, LTS, IV
464.8, 3301, 4, LTS, VI
465, 3572, 4, LTS, IV
465.9, 1030, 1, LTS, VI
466.1, 1024, 1, LTS, VI
466.2, 3041, 3, LTS, III
466.9, 2677, 3, LTS, V
467, 1287, 1, LTS, IV
467.1, 753, 0, LTS, III
467.4, 3309, 4, LTS, VI
468.1, 1293, 1, LTS, IV
468.2, 261, 0, LTS, VI
468.2, 2814, 3, LTS, IV
468.5, 1556, 2, RS, VI
469, 1029, 1, LTS, VI
469.1, 3308, 4, LTS, VI
469.1, 3587, 4, LTS, IV
469.4, 2066, 2, LTS, IV
469.5, 2546, 3, LTS, VI
469.6, 2811, 3, LTS, IV
469.9, 1783, 2, LTS, VI
470.2, 2270, 2, LTS, III
470.4, 1157, 1, LTS, V
470.5, 409, 0, LTS, V
470.6, 403, 0, LTS, V
470.6, 405, 0, LTS, V
470.9, 2539, 3, LTS, VI
471.3, 760, 0, LTS, III
471.7, 3315, 4, LTS, VI
472.2, 2543, 3, LTS, VI
472.2, 3794, 4, LTS, III
472.5, 3035, 3, LTS, III
472.9, 3585, 4, LTS, IV
473.2, 1517, 1, LTS, III
474.2, 752, 0, LTS, III
474.2, 1780, 2, LTS, VI
474.3, 2821, 3, LTS, IV
474.6, 1509, 1, LTS, III
474.6, 2067, 2, LTS, IV
474.7, 1916, 2, LTS, V
475, 2541, 3, LTS, VI
475.8, 1288, 1, LTS, IV
475.8, 2682, 3, LTS, V
475.8, 3306, 4, LTS, VI
476.3, 1165, 1, LTS, V
476.9, 401, 0, LTS, V
477.1, 85, 0, RS, VI
478, 1294, 1, LTS, IV
478, 2687, 3, LTS, V
478.1, 1156, 1, LTS, V
478.2, 1170, 1, LTS, V
478.2, 1292, 1, LTS, IV
478.3, 535, 0, LTS, IV
478.6, 2547, 3, LTS, VI
478.7, 1778, 2, LTS, VI
479, 1789, 2, LTS, VI
479.2, 3440, 4, LTS, V
479.5, 3571, 4, LTS, IV
479.8, 2685, 3, LTS, V
479.8, 3453, 4, LTS, V
480, 537, 0, LTS, IV
480.1, 530, 0, LTS, IV
480.7, 1286, 1, LTS, IV
480.7, 2274, 2, LTS, III
480.8, 2816, 3, LTS, IV
480.9, 2692, 3, LTS, V
482, 2812, 3, LTS, IV
482.9, 2676, 3, LTS, V
483, 395, 0, LTS, V
483.5, 1289, 1, LTS, IV
483.8, 408, 0, LTS, V
483.9, 1516, 1, LTS, III
484, 2064, 2, LTS, IV
484.2, 2276, 2, LTS, III
484.6, 1180, 1, IB, V
484.7, 1792, 2, LTS, VI
484.8, 3452, 4, LTS, V
485, 1021, 1, LTS, VI
485.2, 263, 0, LTS, VI
485.7, 2277, 2, LTS, III
485.7, 3310, 4, LTS, VI
485.8, 3305, 4, LTS, VI
486.6, 1300, 1, LTS, IV
486.9, 533, 0, LTS, IV
487, 1537, 2, RS, VI
487.1, 1032, 1, LTS, VI
487.2, 2057, 2, LTS, IV
487.4, 758, 0, LTS, III
487.5, 2048, 2, LTS, IV
487.5, 2552, 3, LTS, VI
487.6, 1513, 1, LTS, III
487.8, 532, 0, LTS, IV
487.9, 1305, 1, LTS, IV
488, 3042, 3, LTS, III
488.1, 414, 0, IB, V
488.4, 1782, 2, LTS, VI
488.7, 3796, 4, LTS, III
488.9, 1520, 1, LTS, III
489.3, 1304, 1, LTS, IV
489.6, 1920, 2, LTS, V
489.6, 3307, 4, LTS, VI
489.7, 399, 0, LTS, V
489.7, 2553, 3, LTS, VI
489.9, 2054, 2, LTS, IV
489.9, 2815, 3, LTS, IV
490.2, 757, 0, LTS, III
490.4, 3803, 4, LTS, III
490.6, 544, 0, LTS, IV
490.6, 3033, 3, LTS, III
491.4, 751, 0, LTS, III
491.7, 260, 0, LTS, VI
491.7, 1018, 1, LTS, VI
492.4, 1784, 2, LTS, VI
492.7, 3792, 4, LTS, III
492.8, 1521, 1, LTS, III
493.5, 527, 0, LTS, IV
493.7, 1926, 2, LTS, V
493.7, 3589, 4, LTS, IV
494, 748, 0, LTS, III
494.3, 3443, 4, LTS, V
494.3, 3583, 4, LTS, IV
494.4, 2817, 3, LTS, IV
494.6, 2046, 2, LTS, IV
494.7, 1023, 1, LTS, VI
494.8, 2823, 3, LTS, IV
495.8, 1788, 2, LTS, VI
495.9, 1022, 1, LTS, VI
496.1, 1787, 2, LTS, VI
496.8, 2051, 2, LTS, IV
496.8, 2550, 3, LTS, VI
496.9, 1161, 1, LTS, V
497, 2683, 3, LTS, V
497.1, 258, 0, LTS, VI
497.2, 3032, 3, LTS, III
497.3, 3241, 4, RS, VI
497.9, 3311, 4, LTS, VI
498, 2062, 2, LTS, IV
498.5, 3449, 4, LTS, V
499, 1298, 1, LTS, IV
499, 2549, 3, LTS, VI
499.2, 1295, 1, LTS, IV
499.2, 1791, 2, LTS, VI
499.5, 2056, 2, LTS, IV
