10.1, 393, 0, LTS, V
15.8, 2673, 3, LTS, V
18.1, 3430, 4, LTS, V
21.1, 1916, 2, LTS, V
24.2, 2670, 3, LTS, V
26.1, 1921, 2, LTS, V
27.5, 1147, 1, LTS, V
35.4, 390, 0, LTS, V
38.7, 1914, 2, LTS, V
43.4, 2682, 3, LTS, V
44.4, 2676, 3, LTS, V
52.1, 2669, 3, LTS, V
55.5, 1854, 2, RS, V
60.1, 2570, 3, RS, V
67, 399, 0, LTS, V
69.6, 1154, 1, LTS, V
69.9, 1062, 1, RS, V
71, 1176, 1, IB, V
71.9, 1909, 2, LTS, V
73.2, 2597, 3, RS, V
73.8, 1908, 2, LTS, V
75.1, 1873, 2, RS, V
76.2, 1915, 2, LTS, V
77.7, 1912, 2, LTS, V
78.6, 1919, 2, LTS, V
80.3, 1153, 1, LTS, V
80.7, 1101, 1, RS, V
81.1, 1148, 1, LTS, V
82.4, 1092, 1, RS, V
82.6, 2677, 3, LTS, V
83.2, 1156, 1, LTS, V
96.3, 404, 0, IB, V
99.2, 1161, 1, IB, V
99.6, 420, 0, IB, V
101.8, 405, 0, IB, V
103.2, 2678, 3, LTS, V
106.3, 1183, 1, IB, V
106.8, 315, 0, RS, V
107.5, 394, 0, LTS, V
107.6, 1147, 1, LTS, V
110.8, 2620, 3, RS, V
112.4, 1160, 1, LTS, V
114.6, 1872, 2, RS, V
117.3, 334, 0, RS, V
117.4, 398, 0, LTS, V
119.8, 337, 0, RS, V
119.9, 1825, 2, RS, V
120.9, 2673, 3, LTS, V
122.3, 1081, 1, RS, V
122.4, 2685, 3, IB, V
122.6, 1911, 2, LTS, V
128.6, 3434, 4, LTS, V
129.7, 3443, 4, LTS, V
131.5, 1865, 2, RS, V
131.5, 1921, 2, LTS, V
133.6, 3437, 4, LTS, V
135, 3436, 4, LTS, V
137, 1805, 2, RS, V
138.4, 393, 0, LTS, V
141.2, 1158, 1, LTS, V
153.6, 2679, 3, LTS, V
161.4, 1916, 2, LTS, V
165.2, 3442, 4, LTS, V
176.2, 3447, 4, IB, V
177.6, 1148, 1, LTS, V
179.5, 1914, 2, LTS, V
180.2, 2682, 3, LTS, V
182.3, 1154, 1, LTS, V
184.5, 399, 0, LTS, V
185.5, 2587, 3, RS, V
186.2, 2669, 3, LTS, V
186.8, 3337, 4, RS, V
191.6, 3340, 4, RS, V
194.6, 1908, 2, LTS, V
202, 1064, 1, RS, V
202, 1070, 1, RS, V
202, 1073, 1, RS, V
202, 1082, 1, RS, V
202, 1097, 1, RS, V
202, 1105, 1, RS, V
202, 1106, 1, RS, V
202, 1107, 1, RS, V
202.1, 1036, 1, RS, V
202.1, 1051, 1, RS, V
202.1, 1052, 1, RS, V
202.1, 1067, 1, RS, V
202.1, 1071, 1, RS, V
202.1, 1075, 1, RS, V
202.1, 1084, 1, RS, V
202.1, 1094, 1, RS, V
202.1, 1100, 1, RS, V
202.1, 1101, 1, RS, V
202.2, 1092, 1, RS, V
202.2, 1099, 1, RS, V
202.9, 2670, 3, LTS, V
203.6, 386, 0, LTS, V
206.5, 2676, 3, LTS, V
206.6, 1128, 1, FS, V
207.3, 1134, 1, FS, V
207.4, 1125, 1, FS, V
207.6, 1117, 1, FS, V
207.6, 1120, 1, FS, V
207.7, 1118, 1, FS, V
207.7, 1135, 1, FS, V
207.8, 1106, 1, RS, V
208, 1075, 1, RS, V
208, 1082, 1, RS, V
208.1, 1064, 1, RS, V
208.2, 1036, 1, RS, V
208.2, 1052, 1, RS, V
208.2, 1097, 1, RS, V
208.4, 1094, 1, RS, V
208.5, 1070, 1, RS, V
208.5, 1127, 1, FS, V
208.6, 1105, 1, RS, V
208.7, 1051, 1, RS, V
208.7, 1067, 1, RS, V
208.7, 1073, 1, RS, V
208.7, 1084, 1, RS, V
208.7, 1143, 1, FS, V
208.7, 1832, 2, RS, V
208.8, 1071, 1, RS, V
208.8, 1100, 1, RS, V
208.8, 1107, 1, RS, V
208.9, 1101, 1, RS, V
208.9, 1131, 1, FS, V
209, 1092, 1, RS, V
209.1, 1099, 1, RS, V
209.2, 1139, 1, FS, V
209.3, 397, 0, LTS, V
209.4, 1130, 1, FS, V
209.8, 1142, 1, FS, V
210.1, 1136, 1, FS, V
210.5, 1144, 1, FS, V
210.5, 1915, 2, LTS, V
210.8, 1124, 1, FS, V
211.1, 1116, 1, FS, V
211.1, 1151, 1, LTS, V
211.4, 1068, 1, RS, V
211.4, 1119, 1, FS, V
211.4, 1121, 1, FS, V
211.4, 1132, 1, FS, V
211.5, 1129, 1, FS, V
212.1, 1146, 1, FS, V
212.2, 3438, 4, LTS, V
212.3, 1123, 1, FS, V
212.4, 1087, 1, RS, V
212.5, 309, 0, RS, V
212.7, 1118, 1, FS, V
212.8, 1155, 1, LTS, V
212.8, 1943, 2, IB, V
213, 1140, 1, FS, V
213.3, 1145, 1, FS, V
213.5, 1134, 1, FS, V
213.6, 1106, 1, RS, V
213.9, 1075, 1, RS, V
213.9, 1127, 1, FS, V
214, 1082, 1, RS, V
214.2, 1064, 1, RS, V
214.2, 1152, 1, LTS, V
214.3, 1036, 1, RS, V
214.3, 1052, 1, RS, V
214.3, 1870, 2, RS, V
214.4, 1097, 1, RS, V
214.4, 1128, 1, FS, V
214.4, 1135, 1, FS, V
214.5, 1133, 1, FS, V
214.7, 1094, 1, RS, V
214.7, 1188, 1, IB, V
215, 1070, 1, RS, V
215.2, 1105, 1, RS, V
215.3, 377, 0, FS, V
215.3, 1051, 1, RS, V
215.3, 1067, 1, RS, V
215.3, 1084, 1, RS, V
215.4, 1073, 1, RS, V
215.5, 1071, 1, RS, V
215.5, 1100, 1, RS, V
215.6, 1107, 1, RS, V
215.7, 1101, 1, RS, V
215.8, 1092, 1, RS, V
216, 1099, 1, RS, V
216.5, 1149, 1, LTS, V
216.7, 1141, 1, FS, V
216.8, 1116, 1, FS, V
217.1, 1053, 1, RS, V
217.8, 1809, 2, RS, V
218.2, 385, 0, FS, V
218.6, 1900, 2, FS, V
219.2, 1120, 1, FS, V
219.4, 2701, 3, IB, V
219.6, 1130, 1, FS, V
219.6, 1144, 1, FS, V
219.7, 1123, 1, FS, V
220, 1879, 2, FS, V
220.6, 1061, 1, RS, V
221.1, 1890, 2, FS, V
222, 1121, 1, FS, V
222.4, 2675, 3, LTS, V
222.7, 1930, 2, IB, V
223.4, 1892, 2, FS, V
223.5, 1907, 2, FS, V
223.6, 1888, 2, FS, V
223.9, 1117, 1, FS, V
224, 2619, 3, RS, V
224.1, 1897, 2, FS, V
224.4, 1942, 2, IB, V
224.4, 2709, 3, IB, V
224.5, 1884, 2, FS, V
224.8, 1189, 1, IB, V
225, 1127, 1, FS, V
225.1, 1145, 1, FS, V
225.1, 1881, 2, FS, V
225.3, 1165, 1, IB, V
226.4, 1923, 2, IB, V
226.5, 1889, 2, FS, V
226.6, 1146, 1, FS, V
227.7, 1142, 1, FS, V
229.1, 387, 0, LTS, V
229.2, 3443, 4, LTS, V
229.8, 2700, 3, IB, V
230.3, 1947, 2, IB, V
230.6, 3431, 4, LTS, V
231.7, 378, 0, FS, V
231.7, 1164, 1, IB, V
231.8, 1923, 2, IB, V
232.2, 333, 0, RS, V
234.2, 1169, 1, IB, V
235.7, 399, 0, LTS, V
235.8, 1177, 1, IB, V
235.9, 1186, 1, IB, V
236.5, 2602, 3, RS, V
237.1, 1850, 2, RS, V
238.1, 1941, 2, IB, V
238.3, 1812, 2, RS, V
238.4, 2687, 3, IB, V
238.8, 2579, 3, RS, V
239.6, 1191, 1, IB, V
240.1, 2617, 3, RS, V
240.7, 1817, 2, RS, V
240.9, 2578, 3, RS, V
242.9, 2597, 3, RS, V
243.3, 2558, 3, RS, V
243.3, 2674, 3, LTS, V
243.7, 1859, 2, RS, V
244, 1860, 2, RS, V
244.8, 1924, 2, IB, V
245, 1952, 2, IB, V
245.2, 1819, 2, RS, V
245.2, 2693, 3, IB, V
245.3, 1040, 1, RS, V
245.4, 3436, 4, LTS, V
246.2, 1093, 1, RS, V
246.3, 2689, 3, IB, V
246.7, 1171, 1, IB, V
246.7, 1192, 1, IB, V
247.5, 2590, 3, RS, V
247.7, 1806, 2, RS, V
247.7, 2594, 3, RS, V
247.7, 2596, 3, RS, V
248, 1950, 2, IB, V
248, 2697, 3, IB, V
248.3, 1190, 1, IB, V
248.7, 416, 0, IB, V
249, 330, 0, RS, V
249.4, 1861, 2, RS, V
249.5, 1928, 2, IB, V
249.6, 327, 0, RS, V
250, 2576, 3, RS, V
250.2, 1175, 1, IB, V
250.4, 2663, 3, FS, V
251, 1033, 1, RS, V
251.8, 3456, 4, IB, V
252.1, 1836, 2, RS, V
252.4, 1794, 2, RS, V
252.8, 1876, 2, RS, V
253.1, 2714, 3, IB, V
253.2, 2637, 3, RS, V
253.3, 1846, 2, RS, V
253.4, 1148, 1, LTS, V
253.4, 2667, 3, FS, V
253.7, 1840, 2, RS, V
253.7, 1951, 2, IB, V
253.7, 3336, 4, RS, V
253.9, 2625, 3, RS, V
254, 1066, 1, RS, V
254.1, 2686, 3, IB, V
254.2, 1887, 2, FS, V
254.2, 2583, 3, RS, V
254.2, 2657, 3, FS, V
254.3, 1864, 2, RS, V
254.5, 323, 0, RS, V
254.5, 2688, 3, IB, V
254.6, 3433, 4, LTS, V
254.8, 1173, 1, IB, V
254.8, 1848, 2, RS, V
254.8, 1922, 2, IB, V
254.9, 1868, 2, RS, V
255, 409, 0, IB, V
255, 3449, 4, IB, V
255.1, 3381, 4, RS, V
255.4, 1837, 2, RS, V
255.5, 1150, 1, LTS, V
255.5, 2655, 3, FS, V
255.9, 1948, 2, IB, V
256, 1123, 1, FS, V
256, 1953, 2, IB, V
256.2, 1038, 1, RS, V
256.3, 2607, 3, RS, V
256.5, 1841, 2, RS, V
256.6, 1873, 2, RS, V
256.6, 2677, 3, LTS, V
256.7, 1160, 1, LTS, V
256.7, 1905, 2, FS, V
256.8, 1080, 1, RS, V
256.8, 2588, 3, RS, V
256.9, 2710, 3, IB, V
257, 1111, 1, RS, V
257, 1180, 1, IB, V
257, 2611, 3, RS, V
257.1, 1077, 1, RS, V
257.2, 1839, 2, RS, V
257.2, 2614, 3, RS, V
257.3, 339, 0, RS, V
257.3, 2572, 3, RS, V
257.4, 1856, 2, RS, V
257.4, 2691, 3, IB, V
257.4, 2703, 3, IB, V
257.5, 2565, 3, RS, V
257.6, 2643, 3, FS, V
257.7, 1890, 2, FS, V
257.8, 1113, 1, RS, V
257.8, 1883, 2, FS, V
257.8, 3445, 4, IB, V
257.9, 303, 0, RS, V
257.9, 1074, 1, RS, V
257.9, 1862, 2, RS, V
257.9, 1903, 2, FS, V
258, 1810, 2, RS, V
258, 2672, 3, LTS, V
258.1, 1800, 2, RS, V
258.1, 1934, 2, IB, V
258.1, 2683, 3, IB, V
258.2, 1866, 2, RS, V
258.4, 1161, 1, IB, V
258.4, 1825, 2, RS, V
258.4, 2613, 3, RS, V
258.5, 1041, 1, RS, V
258.7, 392, 0, LTS, V
258.7, 1114, 1, RS, V
258.7, 1894, 2, FS, V
258.8, 2628, 3, RS, V
259, 1104, 1, RS, V
259.1, 2575, 3, RS, V
259.2, 1804, 2, RS, V
259.2, 1880, 2, FS, V
259.4, 2601, 3, RS, V
259.6, 2623, 3, RS, V
259.7, 291, 0, RS, V
259.7, 1159, 1, LTS, V
259.7, 1803, 2, RS, V
259.8, 2696, 3, IB, V
259.9, 2569, 3, RS, V
259.9, 2570, 3, RS, V
260, 1049, 1, RS, V
260, 1834, 2, RS, V
260.1, 335, 0, RS, V
260.1, 1904, 2, FS, V
260.2, 314, 0, RS, V
260.2, 1126, 1, FS, V
260.4, 1877, 2, FS, V
260.4, 1889, 2, FS, V
260.4, 3347, 4, RS, V
260.5, 1162, 1, IB, V
260.5, 1897, 2, FS, V
260.6, 1847, 2, RS, V
260.6, 1879, 2, FS, V
260.6, 2636, 3, RS, V
260.7, 1056, 1, RS, V
260.7, 1893, 2, FS, V
260.7, 1896, 2, FS, V
260.8, 1886, 2, FS, V
260.9, 1900, 2, FS, V
260.9, 1901, 2, FS, V
261, 1907, 2, FS, V
261, 1940, 2, IB, V
261.1, 1849, 2, RS, V
261.1, 1891, 2, FS, V
261.1, 2559, 3, RS, V
261.1, 2622, 3, RS, V
261.1, 2652, 3, FS, V
261.2, 1881, 2, FS, V
261.2, 1937, 2, IB, V
261.3, 1102, 1, RS, V
261.4, 408, 0, IB, V
261.4, 2640, 3, FS, V
261.4, 3363, 4, RS, V
261.5, 1178, 1, IB, V
261.5, 1829, 2, RS, V
261.5, 1932, 2, IB, V
261.7, 1059, 1, RS, V
261.7, 1122, 1, FS, V
261.7, 1820, 2, RS, V
261.7, 1878, 2, FS, V
261.7, 1946, 2, IB, V
261.7, 3320, 4, RS, V
261.8, 1146, 1, FS, V
261.8, 1184, 1, IB, V
261.8, 1895, 2, FS, V
261.9, 1892, 2, FS, V
261.9, 2633, 3, RS, V
262, 1089, 1, RS, V
262, 1875, 2, RS, V
262.1, 1050, 1, RS, V
262.1, 1815, 2, RS, V
262.2, 1798, 2, RS, V
262.2, 1801, 2, RS, V
262.3, 1919, 2, LTS, V
262.5, 2568, 3, RS, V
262.5, 2635, 3, RS, V
262.5, 2638, 3, FS, V
262.6, 2557, 3, RS, V
262.6, 2653, 3, FS, V
262.6, 3357, 4, RS, V
262.7, 1096, 1, RS, V
262.7, 1799, 2, RS, V
262.8, 1888, 2, FS, V
262.8, 3328, 4, RS, V
262.9, 1136, 1, FS, V
262.9, 2624, 3, RS, V
262.9, 2699, 3, IB, V
262.9, 3459, 4, IB, V
263, 1116, 1, FS, V
263, 1890, 2, FS, V
263, 1906, 2, FS, V
263, 2561, 3, RS, V
263, 2656, 3, FS, V
263.1, 285, 0, RS, V
263.1, 1115, 1, RS, V
263.1, 1172, 1, IB, V
263.1, 1931, 2, IB, V
263.1, 2556, 3, RS, V
263.1, 2644, 3, FS, V
263.1, 3362, 4, RS, V
263.2, 1065, 1, RS, V
263.2, 1086, 1, RS, V
263.2, 1887, 2, FS, V
263.2, 2618, 3, RS, V
263.2, 2673, 3, LTS, V
263.3, 1044, 1, RS, V
263.3, 1816, 2, RS, V
263.3, 1844, 2, RS, V
263.3, 1854, 2, RS, V
263.5, 1156, 1, LTS, V
263.5, 1851, 2, RS, V
263.5, 2593, 3, RS, V
263.5, 2684, 3, IB, V
263.6, 1034, 1, RS, V
263.6, 3446, 4, IB, V
263.7, 1130, 1, FS, V
263.7, 3398, 4, RS, V
263.8, 1183, 1, IB, V
263.8, 2668, 3, FS, V
263.8, 2702, 3, IB, V
263.8, 3421, 4, FS, V
263.9, 1882, 2, FS, V
263.9, 2582, 3, RS, V
264, 1124, 1, FS, V
264, 1131, 1, FS, V
264, 1831, 2, RS, V
264, 1867, 2, RS, V
264, 1898, 2, FS, V
264, 3437, 4, LTS, V
264.1, 273, 0, RS, V
264.1, 313, 0, RS, V
264.1, 2658, 3, FS, V
264.2, 1168, 1, IB, V
264.2, 1843, 2, RS, V
264.3, 401, 0, IB, V
264.3, 1899, 2, FS, V
264.3, 2600, 3, RS, V
264.3, 2665, 3, FS, V
264.4, 372, 0, FS, V
264.4, 1035, 1, RS, V
264.4, 1055, 1, RS, V
264.4, 1162, 1, IB, V
264.4, 1835, 2, RS, V
264.5, 1145, 1, FS, V
264.5, 1916, 2, LTS, V
264.5, 1943, 2, IB, V
264.6, 1182, 1, IB, V
264.6, 1903, 2, FS, V
264.6, 2659, 3, FS, V
264.6, 2664, 3, FS, V
264.6, 2669, 3, LTS, V
264.6, 3375, 4, RS, V
264.7, 1047, 1, RS, V
264.7, 1133, 1, FS, V
264.7, 2567, 3, RS, V
264.7, 2595, 3, RS, V
264.7, 2655, 3, FS, V
264.8, 287, 0, RS, V
264.8, 1828, 2, RS, V
264.9, 1869, 2, RS, V
265, 348, 0, RS, V
265, 1143, 1, FS, V
265, 1147, 1, LTS, V
265, 1921, 2, LTS, V
265, 2642, 3, FS, V
265.1, 1079, 1, RS, V
265.1, 1141, 1, FS, V
265.1, 1142, 1, FS, V
265.1, 2605, 3, RS, V
265.2, 1042, 1, RS, V
265.2, 1083, 1, RS, V
265.2, 1119, 1, FS, V
265.2, 1902, 2, FS, V
265.2, 2663, 3, FS, V
265.3, 1128, 1, FS, V
265.3, 2643, 3, FS, V
265.3, 2645, 3, FS, V
265.4, 1889, 2, FS, V
265.4, 2646, 3, FS, V
265.4, 3404, 4, FS, V
265.4, 3418, 4, FS, V
265.5, 1135, 1, FS, V
265.5, 1167, 1, IB, V
265.5, 1823, 2, RS, V
265.5, 2707, 3, IB, V
265.5, 3332, 4, RS, V
265.5, 3474, 4, IB, V
265.6, 1939, 2, IB, V
265.7, 350, 0, RS, V
265.7, 1118, 1, FS, V
265.7, 1120, 1, FS, V
265.7, 1170, 1, IB, V
265.7, 1881, 2, FS, V
265.7, 2612, 3, RS, V
265.8, 1822, 2, RS, V
265.8, 1852, 2, RS, V
265.8, 2651, 3, FS, V
265.9, 1125, 1, FS, V
265.9, 2661, 3, FS, V
265.9, 3414, 4, FS, V
266, 1144, 1, FS, V
266, 1187, 1, IB, V
266, 2690, 3, IB, V
266.1, 368, 0, FS, V
266.1, 3473, 4, IB, V
266.2, 1057, 1, RS, V
266.2, 1821, 2, RS, V
266.3, 1121, 1, FS, V
266.3, 2641, 3, FS, V
266.3, 2648, 3, FS, V
266.4, 363, 0, FS, V
266.4, 1926, 2, IB, V
266.4, 3452, 4, IB, V
266.5, 1048, 1, RS, V
266.5, 2670, 3, LTS, V
266.6, 1174, 1, IB, V
266.6, 1805, 2, RS, V
266.6, 2604, 3, RS, V
266.6, 2711, 3, IB, V
266.7, 1134, 1, FS, V
266.7, 1158, 1, LTS, V
266.7, 1886, 2, FS, V
266.7, 2599, 3, RS, V
266.8, 359, 0, FS, V
266.8, 1140, 1, FS, V
266.8, 1845, 2, RS, V
266.8, 2698, 3, IB, V
266.9, 376, 0, FS, V
266.9, 403, 0, IB, V
266.9, 1900, 2, FS, V
266.9, 2657, 3, FS, V
266.9, 2662, 3, FS, V
266.9, 3326, 4, RS, V
267, 1164, 1, IB, V
267, 1796, 2, RS, V
267, 1814, 2, RS, V
267.1, 1818, 2, RS, V
267.1, 1883, 2, FS, V
267.1, 3405, 4, FS, V
267.1, 3417, 4, FS, V
267.1, 3419, 4, FS, V
267.2, 1898, 2, FS, V
267.2, 1927, 2, IB, V
267.2, 1935, 2, IB, V
267.2, 2684, 3, IB, V
267.2, 2695, 3, IB, V
267.3, 425, 0, IB, V
267.3, 2653, 3, FS, V
267.3, 3334, 4, RS, V
267.4, 1072, 1, RS, V
267.4, 1138, 1, FS, V
267.4, 1180, 1, IB, V
267.4, 1183, 1, IB, V
267.4, 1811, 2, RS, V
267.4, 2585, 3, RS, V
267.4, 2650, 3, FS, V
267.5, 371, 0, FS, V
267.5, 375, 0, FS, V
267.5, 1177, 1, IB, V
267.5, 1892, 2, FS, V
267.5, 3461, 4, IB, V
267.6, 428, 0, IB, V
267.6, 1081, 1, RS, V
267.6, 2647, 3, FS, V
267.6, 2708, 3, IB, V
267.6, 3384, 4, RS, V
267.6, 3387, 4, RS, V
267.7, 276, 0, RS, V
267.7, 1137, 1, FS, V
267.7, 1872, 2, RS, V
267.7, 1944, 2, IB, V
267.7, 3390, 4, RS, V
267.8, 296, 0, RS, V
267.8, 414, 0, IB, V
267.8, 1853, 2, RS, V
267.8, 2692, 3, IB, V
267.8, 2693, 3, IB, V
267.9, 413, 0, IB, V
267.9, 1175, 1, IB, V
267.9, 2660, 3, FS, V
267.9, 3422, 4, FS, V
268, 1124, 1, FS, V
268, 1865, 2, RS, V
268, 1949, 2, IB, V
268, 3424, 4, FS, V
268.1, 1929, 2, IB, V
268.1, 2694, 3, IB, V
268.1, 3402, 4, FS, V
268.1, 3409, 4, FS, V
268.2, 332, 0, RS, V
268.2, 1123, 1, FS, V
268.2, 1127, 1, FS, V
268.2, 1131, 1, FS, V
268.2, 1162, 1, IB, V
268.2, 2713, 3, IB, V
268.3, 329, 0, RS, V
268.3, 1833, 2, RS, V
268.3, 1882, 2, FS, V
268.3, 1925, 2, IB, V
268.3, 2608, 3, RS, V
268.4, 324, 0, RS, V
268.4, 358, 0, FS, V
268.4, 1130, 1, FS, V
268.4, 1936, 2, IB, V
268.4, 2577, 3, RS, V
268.4, 2642, 3, FS, V
268.4, 2705, 3, IB, V
268.4, 3412, 4, FS, V
268.5, 1930, 2, IB, V
268.6, 302, 0, RS, V
268.6, 357, 0, FS, V
268.6, 1885, 2, FS, V
268.6, 1922, 2, IB, V
268.6, 2696, 3, IB, V
268.6, 2712, 3, IB, V
268.7, 400, 0, IB, V
268.7, 1085, 1, RS, V
268.7, 3350, 4, RS, V
268.7, 3427, 4, FS, V
268.7, 3458, 4, IB, V
268.8, 1165, 1, IB, V
268.8, 3444, 4, IB, V
268.9, 1122, 1, FS, V
269, 362, 0, FS, V
269, 396, 0, LTS, V
269, 1128, 1, FS, V
269, 1141, 1, FS, V
269, 1166, 1, IB, V
269, 1813, 2, RS, V
269, 3349, 4, RS, V
269, 3470, 4, IB, V
269, 3472, 4, IB, V
269.1, 384, 0, FS, V
269.1, 1170, 1, IB, V
269.1, 1827, 2, RS, V
269.1, 2667, 3, FS, V
269.1, 3471, 4, IB, V
269.2, 312, 0, RS, V
269.2, 1139, 1, FS, V
269.2, 1185, 1, IB, V
269.2, 1890, 2, FS, V
269.2, 1893, 2, FS, V
269.2, 3324, 4, RS, V
269.2, 3359, 4, RS, V
269.3, 361, 0, FS, V
269.3, 1060, 1, RS, V
269.3, 1116, 1, FS, V
269.3, 2574, 3, RS, V
269.3, 2609, 3, RS, V
269.3, 3416, 4, FS, V
269.4, 349, 0, RS, V
269.4, 422, 0, IB, V
269.4, 1120, 1, FS, V
269.4, 1877, 2, FS, V
269.4, 1891, 2, FS, V
269.4, 1901, 2, FS, V
269.4, 3358, 4, RS, V
269.4, 3406, 4, FS, V
269.5, 1117, 1, FS, V
269.5, 1129, 1, FS, V
269.5, 2640, 3, FS, V
269.5, 2666, 3, FS, V
269.5, 3392, 4, RS, V
269.5, 3435, 4, LTS, V
269.6, 1132, 1, FS, V
269.6, 1871, 2, RS, V
269.6, 1938, 2, IB, V
269.6, 2563, 3, RS, V
269.6, 3356, 4, RS, V
269.6, 3420, 4, FS, V
269.7, 1143, 1, FS, V
269.7, 1870, 2, RS, V
269.7, 2714, 3, IB, V
269.7, 3426, 4, FS, V
269.8, 418, 0, IB, V
269.8, 1118, 1, FS, V
269.8, 1154, 1, LTS, V
269.8, 1933, 2, IB, V
269.8, 2706, 3, IB, V
269.8, 2710, 3, IB, V
269.8, 3413, 4, FS, V
269.9, 1110, 1, RS, V
269.9, 1926, 2, IB, V
269.9, 3463, 4, IB, V
270, 1144, 1, FS, V
270, 1888, 2, FS, V
270, 2649, 3, FS, V
270, 2652, 3, FS, V
270, 3399, 4, FS, V
270.1, 380, 0, FS, V
270.1, 1095, 1, RS, V
270.1, 3353, 4, RS, V
270.2, 341, 0, RS, V
270.2, 370, 0, FS, V
270.2, 383, 0, FS, V
270.2, 2683, 3, IB, V
270.3, 311, 0, RS, V
270.3, 326, 0, RS, V
270.3, 366, 0, FS, V
270.3, 411, 0, IB, V
270.3, 1167, 1, IB, V
270.3, 1924, 2, IB, V
270.3, 2658, 3, FS, V
270.3, 2691, 3, IB, V
270.3, 3333, 4, RS, V
270.3, 3365, 4, RS, V
270.4, 378, 0, FS, V
270.4, 1881, 2, FS, V
270.4, 2638, 3, FS, V
270.5, 355, 0, FS, V
270.5, 1879, 2, FS, V
270.5, 3325, 4, RS, V
270.6, 286, 0, RS, V
270.6, 1068, 1, RS, V
270.6, 1078, 1, RS, V
270.6, 1119, 1, FS, V
270.6, 1180, 1, IB, V
270.6, 1187, 1, IB, V
270.6, 1896, 2, FS, V
270.6, 1902, 2, FS, V
270.6, 2555, 3, RS, V
270.6, 2695, 3, IB, V
270.6, 3352, 4, RS, V
270.7, 367, 0, FS, V
270.7, 1907, 2, FS, V
270.7, 2653, 3, FS, V
270.8, 281, 0, RS, V
270.8, 381, 0, FS, V
270.8, 1069, 1, RS, V
270.8, 1103, 1, RS, V
270.8, 2615, 3, RS, V
270.8, 2627, 3, RS, V
270.8, 3316, 4, RS, V
270.8, 3382, 4, RS, V
270.8, 3396, 4, RS, V
270.9, 415, 0, IB, V
270.9, 1900, 2, FS, V
270.9, 1942, 2, IB, V
270.9, 3344, 4, RS, V
270.9, 3465, 4, IB, V
271, 1062, 1, RS, V
271, 1136, 1, FS, V
271, 1927, 2, IB, V
271, 2629, 3, RS, V
271, 2656, 3, FS, V
271.1, 342, 0, RS, V
271.1, 412, 0, IB, V
271.1, 1176, 1, IB, V
271.1, 1177, 1, IB, V
271.1, 1181, 1, IB, V
271.1, 1951, 2, IB, V
271.1, 3401, 4, FS, V
271.2, 1135, 1, FS, V
271.2, 1880, 2, FS, V
271.2, 2665, 3, FS, V
271.2, 3331, 4, RS, V
271.2, 3461, 4, IB, V
271.2, 3462, 4, IB, V
271.2, 3467, 4, IB, V
271.3, 282, 0, RS, V
271.3, 318, 0, RS, V
271.3, 405, 0, IB, V
271.3, 406, 0, IB, V
271.3, 1186, 1, IB, V
271.3, 1897, 2, FS, V
271.3, 1904, 2, FS, V
271.3, 1905, 2, FS, V
271.3, 1944, 2, IB, V
271.3, 2639, 3, FS, V
271.3, 2690, 3, IB, V
271.4, 420, 0, IB, V
271.4, 1858, 2, RS, V
271.4, 1906, 2, FS, V
271.5, 301, 0, RS, V
271.5, 1112, 1, RS, V
271.5, 1142, 1, FS, V
271.5, 1190, 1, IB, V
271.5, 1899, 2, FS, V
271.5, 2668, 3, FS, V
271.5, 3450, 4, IB, V
271.5, 3454, 4, IB, V
271.6, 1889, 2, FS, V
271.6, 1923, 2, IB, V
271.6, 1925, 2, IB, V
271.6, 1936, 2, IB, V
271.6, 2711, 3, IB, V
271.6, 3400, 4, FS, V
271.6, 3428, 4, FS, V
271.6, 3466, 4, IB, V
271.7, 1878, 2, FS, V
271.7, 1895, 2, FS, V
271.7, 1929, 2, IB, V
271.7, 3383, 4, RS, V
271.8, 1133, 1, FS, V
271.8, 1830, 2, RS, V
271.8, 1953, 2, IB, V
271.9, 364, 0, FS, V
271.9, 1126, 1, FS, V
271.9, 1179, 1, IB, V
271.9, 1898, 2, FS, V
271.9, 2644, 3, FS, V
271.9, 2686, 3, IB, V
271.9, 2687, 3, IB, V
271.9, 2707, 3, IB, V
272, 1145, 1, FS, V
272, 1797, 2, RS, V
272, 1887, 2, FS, V
272, 1949, 2, IB, V
272, 2685, 3, IB, V
272, 2705, 3, IB, V
272, 2709, 3, IB, V
272.1, 1844, 2, RS, V
272.1, 1890, 2, FS, V
272.1, 3408, 4, FS, V
272.2, 369, 0, FS, V
272.2, 414, 0, IB, V
272.2, 419, 0, IB, V
272.2, 1046, 1, RS, V
272.2, 1088, 1, RS, V
272.2, 1140, 1, FS, V
272.2, 3376, 4, RS, V
272.2, 3429, 4, FS, V
272.3, 1037, 1, RS, V
272.3, 1171, 1, IB, V
272.3, 1885, 2, FS, V
272.3, 1922, 2, IB, V
272.3, 3405, 4, FS, V
272.4, 1166, 1, IB, V
272.4, 1863, 2, RS, V
272.4, 2688, 3, IB, V
272.4, 3425, 4, FS, V
272.5, 401, 0, IB, V
272.5, 1098, 1, RS, V
272.5, 1883, 2, FS, V
272.5, 1935, 2, IB, V
272.5, 2592, 3, RS, V
272.5, 2692, 3, IB, V
272.5, 3339, 4, RS, V
272.5, 3469, 4, IB, V
272.6, 428, 0, IB, V
272.6, 2645, 3, FS, V
272.6, 2702, 3, IB, V
272.6, 3394, 4, RS, V
272.6, 3411, 4, FS, V
272.6, 3453, 4, IB, V
272.7, 427, 0, IB, V
272.7, 1855, 2, RS, V
272.7, 1874, 2, RS, V
272.7, 1886, 2, FS, V
272.7, 1903, 2, FS, V
272.7, 1934, 2, IB, V
272.7, 2632, 3, RS, V
272.8, 1054, 1, RS, V
272.8, 2630, 3, RS, V
272.8, 3389, 4, RS, V
272.8, 3448, 4, IB, V
272.8, 3459, 4, IB, V
272.9, 1185, 1, IB, V
272.9, 1795, 2, RS, V
272.9, 2646, 3, FS, V
272.9, 2699, 3, IB, V
272.9, 3364, 4, RS, V
272.9, 3415, 4, FS, V
272.9, 3447, 4, IB, V
273, 284, 0, RS, V
273, 298, 0, RS, V
273, 402, 0, IB, V
273, 1926, 2, IB, V
273, 1947, 2, IB, V
273, 2666, 3, FS, V
273.1, 1131, 1, FS, V
273.1, 1191, 1, IB, V
273.1, 1832, 2, RS, V
273.1, 1882, 2, FS, V
273.1, 1892, 2, FS, V
273.1, 2689, 3, IB, V
273.1, 2700, 3, IB, V
273.2, 297, 0, RS, V
273.2, 1802, 2, RS, V
273.2, 2616, 3, RS, V
273.2, 2647, 3, FS, V
273.2, 2710, 3, IB, V
273.2, 3335, 4, RS, V
273.2, 3403, 4, FS, V
273.3, 295, 0, RS, V
273.3, 417, 0, IB, V
273.3, 1168, 1, IB, V
273.3, 1945, 2, IB, V
273.3, 2586, 3, RS, V
273.3, 2599, 3, RS, V
273.3, 2642, 3, FS, V
273.3, 2694, 3, IB, V
273.4, 359, 0, FS, V
273.4, 1932, 2, IB, V
273.4, 2648, 3, FS, V
273.4, 2697, 3, IB, V
273.4, 3370, 4, RS, V
273.4, 3457, 4, IB, V
273.5, 1943, 2, IB, V
273.5, 1950, 2, IB, V
273.5, 3346, 4, RS, V
273.6, 337, 0, RS, V
273.6, 424, 0, IB, V
273.6, 1063, 1, RS, V
273.6, 2641, 3, FS, V
273.6, 3451, 4, IB, V
273.7, 1163, 1, IB, V
273.7, 1175, 1, IB, V
273.7, 2712, 3, IB, V
273.8, 1884, 2, FS, V
273.8, 1891, 2, FS, V
273.8, 1896, 2, FS, V
273.8, 1938, 2, IB, V
273.8, 2580, 3, RS, V
273.8, 2654, 3, FS, V
273.8, 3388, 4, RS, V
273.8, 3475, 4, IB, V
273.9, 343, 0, RS, V
273.9, 1124, 1, FS, V
273.9, 1804, 2, RS, V
273.9, 1809, 2, RS, V
273.9, 1894, 2, FS, V
273.9, 1907, 2, FS, V
273.9, 1924, 2, IB, V
273.9, 2603, 3, RS, V
273.9, 3338, 4, RS, V
273.9, 3449, 4, IB, V
274, 331, 0, RS, V
274, 404, 0, IB, V
274, 1161, 1, IB, V
274, 1865, 2, RS, V
274, 2581, 3, RS, V
274, 2597, 3, RS, V
274, 2661, 3, FS, V
274, 3407, 4, FS, V
274, 3422, 4, FS, V
274, 3458, 4, IB, V
274.1, 385, 0, FS, V
274.1, 1824, 2, RS, V
274.1, 1881, 2, FS, V
274.1, 1941, 2, IB, V
274.1, 2662, 3, FS, V
274.1, 2704, 3, IB, V
274.2, 429, 0, IB, V
274.2, 1927, 2, IB, V
274.2, 1942, 2, IB, V
274.2, 2584, 3, RS, V
274.2, 2650, 3, FS, V
274.2, 2653, 3, FS, V
274.2, 3369, 4, RS, V
274.2, 3395, 4, RS, V
274.3, 375, 0, FS, V
274.3, 421, 0, IB, V
274.3, 1117, 1, FS, V
274.3, 2556, 3, RS, V
274.3, 3456, 4, IB, V
274.4, 274, 0, RS, V
274.4, 308, 0, RS, V
274.4, 410, 0, IB, V
274.4, 1123, 1, FS, V
274.4, 2562, 3, RS, V
274.4, 2691, 3, IB, V
274.4, 3409, 4, FS, V
274.4, 3420, 4, FS, V
274.5, 408, 0, IB, V
274.5, 1058, 1, RS, V
274.5, 1180, 1, IB, V
274.5, 1826, 2, RS, V
274.5, 1879, 2, FS, V
274.5, 2590, 3, RS, V
274.5, 3366, 4, RS, V
274.6, 344, 0, RS, V
274.6, 1169, 1, IB, V
274.6, 1182, 1, IB, V
274.6, 1192, 1, IB, V
274.6, 1902, 2, FS, V
274.6, 2621, 3, RS, V
274.6, 3380, 4, RS, V
274.7, 336, 0, RS, V
274.7, 1116, 1, FS, V
274.7, 1895, 2, FS, V
274.7, 1951, 2, IB, V
274.7, 2665, 3, FS, V
274.8, 1090, 1, RS, V
274.8, 1888, 2, FS, V
274.8, 1900, 2, FS, V
274.8, 1901, 2, FS, V
274.8, 1936, 2, IB, V
274.8, 2624, 3, RS, V
274.8, 2640, 3, FS, V
274.8, 3386, 4, RS, V
274.8, 3419, 4, FS, V
274.8, 3461, 4, IB, V
274.9, 354, 0, RS, V
274.9, 377, 0, FS, V
274.9, 388, 0, LTS, V
274.9, 1087, 1, RS, V
274.9, 1838, 2, RS, V
274.9, 1897, 2, FS, V
274.9, 1925, 2, IB, V
274.9, 1944, 2, IB, V
275, 345, 0, RS, V
275, 363, 0, FS, V
275, 426, 0, IB, V
275, 430, 0, IB, V
275, 2708, 3, IB, V
275, 3342, 4, RS, V
275, 3421, 4, FS, V
275, 3445, 4, IB, V
275, 3450, 4, IB, V
275.1, 1127, 1, FS, V
275.1, 1813, 2, RS, V
275.1, 2620, 3, RS, V
275.1, 3454, 4, IB, V
275.1, 3462, 4, IB, V
275.2, 405, 0, IB, V
275.2, 1143, 1, FS, V
275.2, 2643, 3, FS, V
275.2, 3340, 4, RS, V
275.2, 3466, 4, IB, V
275.3, 368, 0, FS, V
275.3, 1077, 1, RS, V
275.3, 1179, 1, IB, V
275.3, 1189, 1, IB, V
275.3, 1883, 2, FS, V
275.3, 1923, 2, IB, V
275.3, 1931, 2, IB, V
275.3, 1953, 2, IB, V
275.3, 2634, 3, RS, V
275.3, 3399, 4, FS, V
275.3, 3414, 4, FS, V
275.3, 3418, 4, FS, V
275.3, 3424, 4, FS, V
275.4, 275, 0, RS, V
275.4, 414, 0, IB, V
275.4, 1056, 1, RS, V
275.4, 1898, 2, FS, V
275.4, 1949, 2, IB, V
275.4, 2610, 3, RS, V
275.4, 2706, 3, IB, V
275.4, 3348, 4, RS, V
275.4, 3372, 4, RS, V
275.4, 3401, 4, FS, V
275.5, 280, 0, RS, V
275.5, 1119, 1, FS, V
275.5, 1165, 1, IB, V
275.5, 3343, 4, RS, V
275.5, 3426, 4, FS, V
275.5, 3455, 4, IB, V
275.6, 315, 0, RS, V
275.6, 365, 0, FS, V
275.6, 1120, 1, FS, V
275.6, 1134, 1, FS, V
275.6, 1166, 1, IB, V
275.6, 1834, 2, RS, V
275.6, 1899, 2, FS, V
275.6, 1903, 2, FS, V
275.6, 1948, 2, IB, V
275.6, 2685, 3, IB, V
275.6, 2705, 3, IB, V
275.6, 3319, 4, RS, V
275.6, 3341, 4, RS, V
275.6, 3385, 4, RS, V
275.6, 3471, 4, IB, V
275.7, 320, 0, RS, V
275.7, 382, 0, FS, V
275.7, 1928, 2, IB, V
275.7, 2582, 3, RS, V
275.7, 2606, 3, RS, V
275.7, 2657, 3, FS, V
275.7, 2701, 3, IB, V
275.7, 3374, 4, RS, V
275.7, 3417, 4, FS, V
275.7, 3460, 4, IB, V
275.8, 412, 0, IB, V
275.8, 1118, 1, FS, V
275.8, 2649, 3, FS, V
275.8, 3354, 4, RS, V
275.9, 278, 0, RS, V
275.9, 378, 0, FS, V
275.9, 393, 0, LTS, V
275.9, 1171, 1, IB, V
275.9, 1184, 1, IB, V
275.9, 1873, 2, RS, V
275.9, 1880, 2, FS, V
275.9, 1890, 2, FS, V
275.9, 2591, 3, RS, V
275.9, 2617, 3, RS, V
275.9, 2713, 3, IB, V
275.9, 3410, 4, FS, V
275.9, 3448, 4, IB, V
276, 292, 0, RS, V
276, 1808, 2, RS, V
276, 1877, 2, FS, V
276, 2625, 3, RS, V
276, 2652, 3, FS, V
276, 2663, 3, FS, V
276, 3412, 4, FS, V
276.1, 309, 0, RS, V
276.1, 352, 0, RS, V
276.1, 1131, 1, FS, V
276.1, 1181, 1, IB, V
276.1, 1878, 2, FS, V
276.1, 1885, 2, FS, V
276.1, 1892, 2, FS, V
276.1, 2566, 3, RS, V
276.1, 2692, 3, IB, V
276.1, 2702, 3, IB, V
276.1, 2707, 3, IB, V
276.1, 3415, 4, FS, V
276.2, 364, 0, FS, V
276.2, 401, 0, IB, V
276.2, 420, 0, IB, V
276.2, 1887, 2, FS, V
276.2, 2626, 3, RS, V
276.2, 2684, 3, IB, V
276.3, 1035, 1, RS, V
276.3, 1041, 1, RS, V
276.3, 1126, 1, FS, V
276.3, 1173, 1, IB, V
276.3, 1185, 1, IB, V
276.3, 1812, 2, RS, V
276.3, 1905, 2, FS, V
276.3, 1914, 2, LTS, V
276.3, 2655, 3, FS, V
276.3, 2664, 3, FS, V
276.4, 383, 0, FS, V
276.4, 407, 0, IB, V
276.4, 1172, 1, IB, V
276.4, 1174, 1, IB, V
276.4, 1820, 2, RS, V
276.4, 1857, 2, RS, V
276.4, 1871, 2, RS, V
276.4, 1937, 2, IB, V
276.4, 2560, 3, RS, V
276.4, 3411, 4, FS, V
276.5, 1122, 1, FS, V
276.5, 1144, 1, FS, V
276.5, 2647, 3, FS, V
276.5, 2651, 3, FS, V
276.5, 2683, 3, IB, V
276.5, 2699, 3, IB, V
276.5, 3402, 4, FS, V
276.5, 3406, 4, FS, V
276.6, 1102, 1, RS, V
276.6, 1191, 1, IB, V
276.6, 1947, 2, IB, V
276.6, 2598, 3, RS, V
276.6, 2667, 3, FS, V
276.7, 357, 0, FS, V
276.7, 1121, 1, FS, V
276.7, 1911, 2, LTS, V
276.7, 2641, 3, FS, V
276.7, 2700, 3, IB, V
276.7, 3367, 4, RS, V
276.8, 319, 0, RS, V
276.8, 1070, 1, RS, V
276.8, 1178, 1, IB, V
276.8, 1886, 2, FS, V
276.8, 1891, 2, FS, V
276.8, 1896, 2, FS, V
276.8, 1904, 2, FS, V
276.8, 2642, 3, FS, V
276.8, 2658, 3, FS, V
276.8, 2710, 3, IB, V
276.8, 3345, 4, RS, V
276.8, 3468, 4, IB, V
276.9, 300, 0, RS, V
276.9, 406, 0, IB, V
276.9, 417, 0, IB, V
276.9, 1175, 1, IB, V
276.9, 1907, 2, FS, V
276.9, 1935, 2, IB, V
276.9, 2659, 3, FS, V
276.9, 2698, 3, IB, V
277, 360, 0, FS, V
277, 411, 0, IB, V
277, 1135, 1, FS, V
277, 1183, 1, IB, V
277, 1894, 2, FS, V
277, 1932, 2, IB, V
277, 1934, 2, IB, V
277, 1950, 2, IB, V
277, 2558, 3, RS, V
277, 2661, 3, FS, V
277, 2666, 3, FS, V
277, 3403, 4, FS, V
277, 3423, 4, FS, V
277, 3425, 4, FS, V
277, 3427, 4, FS, V
277.1, 321, 0, RS, V
277.1, 381, 0, FS, V
277.1, 404, 0, IB, V
277.1, 1142, 1, FS, V
277.1, 1807, 2, RS, V
277.1, 1884, 2, FS, V
277.1, 1906, 2, FS, V
277.1, 2656, 3, FS, V
277.1, 3323, 4, RS, V
277.1, 3360, 4, RS, V
277.1, 3449, 4, IB, V
277.2, 289, 0, RS, V
277.2, 361, 0, FS, V
277.2, 1125, 1, FS, V
277.2, 1190, 1, IB, V
277.2, 1837, 2, RS, V
277.2, 1842, 2, RS, V
277.2, 1881, 2, FS, V
277.2, 2573, 3, RS, V
277.2, 2653, 3, FS, V
277.2, 3458, 4, IB, V
277.2, 3472, 4, IB, V
277.3, 306, 0, RS, V
277.3, 371, 0, FS, V
277.3, 1163, 1, IB, V
277.3, 1846, 2, RS, V
277.3, 1879, 2, FS, V
277.3, 1902, 2, FS, V
277.3, 2650, 3, FS, V
277.3, 2654, 3, FS, V
277.3, 3377, 4, RS, V
277.3, 3379, 4, RS, V
277.3, 3393, 4, RS, V
277.3, 3396, 4, RS, V
277.3, 3397, 4, RS, V
277.3, 3407, 4, FS, V
277.3, 3452, 4, IB, V
277.4, 330, 0, RS, V
277.4, 349, 0, RS, V
277.4, 1068, 1, RS, V
277.4, 1138, 1, FS, V
277.4, 1798, 2, RS, V
277.4, 1814, 2, RS, V
277.4, 1927, 2, IB, V
277.4, 1938, 2, IB, V
277.4, 2638, 3, FS, V
277.4, 3400, 4, FS, V
277.5, 307, 0, RS, V
277.5, 370, 0, FS, V
277.5, 373, 0, FS, V
277.5, 427, 0, IB, V
277.5, 1107, 1, RS, V
277.5, 1145, 1, FS, V
277.5, 1146, 1, FS, V
277.5, 1164, 1, IB, V
277.5, 1889, 2, FS, V
277.5, 1924, 2, IB, V
277.5, 1942, 2, IB, V
277.5, 1952, 2, IB, V
277.5, 3337, 4, RS, V
277.5, 3405, 4, FS, V
277.5, 3419, 4, FS, V
277.5, 3451, 4, IB, V
277.6, 293, 0, RS, V
277.6, 299, 0, RS, V
277.6, 305, 0, RS, V
277.6, 374, 0, FS, V
277.6, 1080, 1, RS, V
277.6, 1130, 1, FS, V
277.6, 1864, 2, RS, V
277.6, 2623, 3, RS, V
277.6, 2640, 3, FS, V
277.6, 2645, 3, FS, V
277.6, 2687, 3, IB, V
277.6, 2693, 3, IB, V
277.6, 2704, 3, IB, V
277.6, 2714, 3, IB, V
277.6, 3351, 4, RS, V
277.6, 3438, 4, LTS, V
277.7, 380, 0, FS, V
277.7, 1043, 1, RS, V
277.7, 1091, 1, RS, V
277.7, 1108, 1, RS, V
277.7, 1161, 1, IB, V
277.7, 1188, 1, IB, V
277.7, 1895, 2, FS, V
277.7, 2618, 3, RS, V
277.7, 3327, 4, RS, V
277.8, 317, 0, RS, V
277.8, 1128, 1, FS, V
277.8, 1129, 1, FS, V
277.8, 1180, 1, IB, V
277.8, 1851, 2, RS, V
277.8, 1893, 2, FS, V
277.8, 1900, 2, FS, V
277.8, 1939, 2, IB, V
277.8, 2578, 3, RS, V
277.8, 2646, 3, FS, V
277.8, 2662, 3, FS, V
277.8, 3331, 4, RS, V
277.8, 3368, 4, RS, V
277.8, 3422, 4, FS, V
277.9, 423, 0, IB, V
277.9, 1074, 1, RS, V
277.9, 1113, 1, RS, V
277.9, 1139, 1, FS, V
277.9, 1182, 1, IB, V
277.9, 1827, 2, RS, V
277.9, 1867, 2, RS, V
277.9, 1888, 2, FS, V
277.9, 2588, 3, RS, V
277.9, 2712, 3, IB, V
277.9, 3420, 4, FS, V
277.9, 3429, 4, FS, V
278, 355, 0, FS, V
278, 410, 0, IB, V
278, 429, 0, IB, V
278, 431, 0, IB, V
278, 1117, 1, FS, V
278, 1136, 1, FS, V
278, 1140, 1, FS, V
278, 1831, 2, RS, V
278, 1936, 2, IB, V
278, 2568, 3, RS, V
278, 2648, 3, FS, V
278, 2668, 3, FS, V
278.1, 1132, 1, FS, V
278.1, 1169, 1, IB, V
278.1, 1192, 1, IB, V
278.1, 1833, 2, RS, V
278.1, 1859, 2, RS, V
278.1, 1901, 2, FS, V
278.1, 1945, 2, IB, V
278.1, 3446, 4, IB, V
278.1, 3456, 4, IB, V
278.2, 276, 0, RS, V
278.2, 322, 0, RS, V
278.2, 375, 0, FS, V
278.2, 376, 0, FS, V
278.2, 1071, 1, RS, V
278.2, 2619, 3, RS, V
278.2, 2639, 3, FS, V
278.2, 2665, 3, FS, V
278.2, 2688, 3, IB, V
278.2, 3322, 4, RS, V
278.2, 3362, 4, RS, V
278.2, 3401, 4, FS, V
278.2, 3408, 4, FS, V
278.3, 1816, 2, RS, V
278.3, 1883, 2, FS, V
278.3, 1897, 2, FS, V
278.3, 1951, 2, IB, V
278.3, 2635, 3, RS, V
278.3, 3399, 4, FS, V
278.3, 3404, 4, FS, V
278.3, 3416, 4, FS, V
278.4, 340, 0, RS, V
278.4, 362, 0, FS, V
278.4, 424, 0, IB, V
278.4, 1177, 1, IB, V
278.4, 1797, 2, RS, V
278.4, 1803, 2, RS, V
278.4, 2628, 3, RS, V
278.4, 2703, 3, IB, V
278.4, 3355, 4, RS, V
278.4, 3373, 4, RS, V
278.4, 3409, 4, FS, V
278.4, 3461, 4, IB, V
278.4, 3463, 4, IB, V
278.5, 353, 0, RS, V
278.5, 356, 0, FS, V
278.5, 426, 0, IB, V
278.5, 430, 0, IB, V
278.5, 1120, 1, FS, V
278.5, 1133, 1, FS, V
278.5, 1890, 2, FS, V
278.5, 1925, 2, IB, V
278.5, 1944, 2, IB, V
278.5, 2660, 3, FS, V
278.5, 3359, 4, RS, V
278.5, 3473, 4, IB, V
278.6, 363, 0, FS, V
278.6, 405, 0, IB, V
278.6, 1045, 1, RS, V
278.6, 1083, 1, RS, V
278.6, 1119, 1, FS, V
278.6, 1137, 1, FS, V
278.6, 1143, 1, FS, V
278.6, 1839, 2, RS, V
278.6, 1898, 2, FS, V
278.6, 1931, 2, IB, V
278.6, 2649, 3, FS, V
278.6, 3332, 4, RS, V
278.6, 3426, 4, FS, V
278.7, 382, 0, FS, V
278.7, 403, 0, IB, V
278.7, 1123, 1, FS, V
278.7, 1127, 1, FS, V
278.7, 1800, 2, RS, V
278.7, 1818, 2, RS, V
278.7, 1823, 2, RS, V
278.7, 1926, 2, IB, V
278.7, 3417, 4, FS, V
278.7, 3445, 4, IB, V
278.7, 3450, 4, IB, V
278.7, 3455, 4, IB, V
278.7, 3470, 4, IB, V
278.8, 272, 0, RS, V
278.8, 334, 0, RS, V
278.8, 1072, 1, RS, V
278.8, 1103, 1, RS, V
278.8, 1134, 1, FS, V
278.8, 1141, 1, FS, V
278.8, 1885, 2, FS, V
278.8, 1953, 2, IB, V
278.8, 2594, 3, RS, V
278.8, 2709, 3, IB, V
278.8, 3326, 4, RS, V
278.9, 366, 0, FS, V
278.9, 368, 0, FS, V
278.9, 400, 0, IB, V
278.9, 1111, 1, RS, V
278.9, 1116, 1, FS, V
278.9, 1899, 2, FS, V
278.9, 1909, 2, LTS, V
278.9, 2615, 3, RS, V
278.9, 2696, 3, IB, V
278.9, 3412, 4, FS, V
278.9, 3418, 4, FS, V
278.9, 3474, 4, IB, V
279, 1053, 1, RS, V
279, 1106, 1, RS, V
279, 1855, 2, RS, V
279, 1903, 2, FS, V
279, 1923, 2, IB, V
279, 2663, 3, FS, V
279, 2697, 3, IB, V
279, 3421, 4, FS, V
279, 3424, 4, FS, V
279.1, 279, 0, RS, V
279.1, 314, 0, RS, V
279.1, 1124, 1, FS, V
279.1, 1131, 1, FS, V
279.1, 1878, 2, FS, V
279.1, 1892, 2, FS, V
279.1, 1930, 2, IB, V
279.1, 2557, 3, RS, V
279.1, 2601, 3, RS, V
279.1, 2652, 3, FS, V
279.1, 2657, 3, FS, V
279.1, 3414, 4, FS, V
279.1, 3447, 4, IB, V
279.2, 302, 0, RS, V
279.2, 1835, 2, RS, V
279.2, 1868, 2, RS, V
279.2, 1880, 2, FS, V
279.2, 1928, 2, IB, V
279.2, 2664, 3, FS, V
279.2, 2685, 3, IB, V
279.2, 2695, 3, IB, V
279.2, 2705, 3, IB, V
279.2, 2713, 3, IB, V
279.2, 3336, 4, RS, V
279.2, 3346, 4, RS, V
279.2, 3413, 4, FS, V
279.2, 3436, 4, LTS, V
279.3, 338, 0, RS, V
279.3, 402, 0, IB, V
279.3, 1067, 1, RS, V
279.3, 1084, 1, RS, V
279.3, 1096, 1, RS, V
279.3, 1166, 1, IB, V
279.3, 1179, 1, IB, V
279.3, 1825, 2, RS, V
279.3, 1876, 2, RS, V
279.3, 1887, 2, FS, V
279.3, 1905, 2, FS, V
279.3, 1946, 2, IB, V
279.3, 2589, 3, RS, V
279.3, 2627, 3, RS, V
279.3, 2702, 3, IB, V
279.3, 3328, 4, RS, V
279.3, 3415, 4, FS, V
279.3, 3448, 4, IB, V
279.3, 3453, 4, IB, V
279.3, 3475, 4, IB, V
279.4, 351, 0, RS, V
279.4, 367, 0, FS, V
279.4, 1126, 1, FS, V
279.4, 1162, 1, IB, V
279.4, 1882, 2, FS, V
279.5, 365, 0, FS, V
279.5, 384, 0, FS, V
279.5, 1093, 1, RS, V
279.5, 1144, 1, FS, V
279.5, 1863, 2, RS, V
279.5, 1904, 2, FS, V
279.5, 2629, 3, RS, V
279.5, 2644, 3, FS, V
279.5, 2658, 3, FS, V
279.5, 2667, 3, FS, V
279.5, 2707, 3, IB, V
279.6, 359, 0, FS, V
279.6, 372, 0, FS, V
279.6, 428, 0, IB, V
279.6, 1033, 1, RS, V
279.6, 1040, 1, RS, V
279.6, 1172, 1, IB, V
279.6, 2614, 3, RS, V
279.6, 2647, 3, FS, V
279.6, 2655, 3, FS, V
279.6, 3358, 4, RS, V
279.7, 290, 0, RS, V
279.7, 377, 0, FS, V
279.7, 378, 0, FS, V
279.7, 383, 0, FS, V
279.7, 407, 0, IB, V
279.7, 422, 0, IB, V
279.7, 1118, 1, FS, V
279.7, 1185, 1, IB, V
279.7, 2642, 3, FS, V
279.7, 2689, 3, IB, V
279.7, 2701, 3, IB, V
279.7, 3406, 4, FS, V
279.7, 3425, 4, FS, V
279.7, 3467, 4, IB, V
279.8, 364, 0, FS, V
279.8, 369, 0, FS, V
279.8, 379, 0, FS, V
279.8, 381, 0, FS, V
279.8, 414, 0, IB, V
279.8, 1076, 1, RS, V
279.8, 1086, 1, RS, V
279.8, 1796, 2, RS, V
279.8, 1815, 2, RS, V
279.8, 1891, 2, FS, V
279.8, 1896, 2, FS, V
279.8, 2641, 3, FS, V
279.8, 2651, 3, FS, V
279.8, 2706, 3, IB, V
279.9, 281, 0, RS, V
279.9, 347, 0, RS, V
279.9, 357, 0, FS, V
279.9, 358, 0, FS, V
279.9, 401, 0, IB, V
279.9, 1061, 1, RS, V
279.9, 1122, 1, FS, V
279.9, 1191, 1, IB, V
279.9, 1849, 2, RS, V
279.9, 1907, 2, FS, V
279.9, 2555, 3, RS, V
279.9, 2684, 3, IB, V
279.9, 3411, 4, FS, V
280, 328, 0, RS, V
280, 412, 0, IB, V
280, 418, 0, IB, V
280, 1075, 1, RS, V
280, 1121, 1, FS, V
280, 1174, 1, IB, V
280, 1795, 2, RS, V
280, 1819, 2, RS, V
280, 1865, 2, RS, V
280, 1872, 2, RS, V
280, 1894, 2, FS, V
280, 1902, 2, FS, V
280, 1906, 2, FS, V
280, 2666, 3, FS, V
280, 3320, 4, RS, V
280, 3407, 4, FS, V
280, 3427, 4, FS, V
280.1, 421, 0, IB, V
280.1, 425, 0, IB, V
280.1, 1069, 1, RS, V
280.1, 1079, 1, RS, V
280.1, 1138, 1, FS, V
280.1, 1173, 1, IB, V
280.1, 1175, 1, IB, V
280.1, 1879, 2, FS, V
280.1, 1881, 2, FS, V
280.1, 2596, 3, RS, V
280.1, 2656, 3, FS, V
280.1, 2659, 3, FS, V
280.1, 2661, 3, FS, V
280.1, 2699, 3, IB, V
280.1, 3334, 4, RS, V
280.1, 3363, 4, RS, V
280.1, 3378, 4, RS, V
280.2, 404, 0, IB, V
280.2, 1804, 2, RS, V
280.2, 1866, 2, RS, V
280.2, 1947, 2, IB, V
280.2, 1950, 2, IB, V
280.2, 2561, 3, RS, V
280.2, 2569, 3, RS, V
280.2, 2599, 3, RS, V
280.2, 2638, 3, FS, V
280.2, 2643, 3, FS, V
280.2, 2653, 3, FS, V
280.2, 2683, 3, IB, V
280.2, 2710, 3, IB, V
280.2, 3321, 4, RS, V
280.2, 3347, 4, RS, V
280.2, 3394, 4, RS, V
280.2, 3410, 4, FS, V
280.2, 3419, 4, FS, V
280.3, 277, 0, RS, V
280.3, 361, 0, FS, V
280.3, 1125, 1, FS, V
280.3, 1142, 1, FS, V
280.3, 1794, 2, RS, V
280.3, 1940, 2, IB, V
280.3, 2612, 3, RS, V
280.3, 3389, 4, RS, V
280.3, 3444, 4, IB, V
280.3, 3462, 4, IB, V
280.4, 408, 0, IB, V
280.4, 1104, 1, RS, V
280.4, 1145, 1, FS, V
280.4, 1178, 1, IB, V
280.4, 1806, 2, RS, V
280.4, 1860, 2, RS, V
280.4, 1934, 2, IB, V
280.4, 2576, 3, RS, V
280.4, 2605, 3, RS, V
280.4, 2616, 3, RS, V
280.4, 2640, 3, FS, V
280.4, 2650, 3, FS, V
280.4, 3395, 4, RS, V
280.4, 3423, 4, FS, V
280.4, 3457, 4, IB, V
280.4, 3464, 4, IB, V
280.5, 288, 0, RS, V
280.5, 310, 0, RS, V
280.5, 360, 0, FS, V
280.5, 370, 0, FS, V
280.5, 373, 0, FS, V
280.5, 417, 0, IB, V
280.5, 1046, 1, RS, V
280.5, 1059, 1, RS, V
280.5, 1186, 1, IB, V
280.5, 1809, 2, RS, V
280.5, 2586, 3, RS, V
280.5, 2603, 3, RS, V
280.5, 2654, 3, FS, V
280.5, 3428, 4, FS, V
280.5, 3468, 4, IB, V
280.6, 1105, 1, RS, V
280.6, 1130, 1, FS, V
280.6, 1817, 2, RS, V
280.6, 1836, 2, RS, V
280.6, 1877, 2, FS, V
280.6, 1927, 2, IB, V
280.6, 1932, 2, IB, V
280.6, 1943, 2, IB, V
280.6, 2690, 3, IB, V
280.6, 3460, 4, IB, V
280.7, 1136, 1, FS, V
280.7, 1869, 2, RS, V
280.7, 1888, 2, FS, V
280.7, 1895, 2, FS, V
280.7, 1949, 2, IB, V
280.7, 2579, 3, RS, V
280.7, 2636, 3, RS, V
280.7, 2687, 3, IB, V
280.7, 3318, 4, RS, V
280.8, 283, 0, RS, V
280.8, 345, 0, RS, V
280.8, 1036, 1, RS, V
280.8, 1129, 1, FS, V
280.8, 1826, 2, RS, V
280.8, 1886, 2, FS, V
280.8, 1889, 2, FS, V
280.8, 1900, 2, FS, V
280.8, 1952, 2, IB, V
280.8, 2595, 3, RS, V
280.8, 2645, 3, FS, V
280.8, 2662, 3, FS, V
280.8, 2694, 3, IB, V
280.8, 3329, 4, RS, V
280.8, 3380, 4, RS, V
280.8, 3381, 4, RS, V
280.8, 3405, 4, FS, V
280.8, 3422, 4, FS, V
280.8, 3449, 4, IB, V
280.8, 3452, 4, IB, V
280.9, 375, 0, FS, V
280.9, 427, 0, IB, V
280.9, 1048, 1, RS, V
280.9, 1128, 1, FS, V
280.9, 1181, 1, IB, V
280.9, 1884, 2, FS, V
280.9, 1929, 2, IB, V
280.9, 2577, 3, RS, V
280.9, 2646, 3, FS, V
280.9, 2665, 3, FS, V
280.9, 3375, 4, RS, V
280.9, 3442, 4, LTS, V
281, 371, 0, FS, V
281, 1099, 1, RS, V
281, 1117, 1, FS, V
281, 1140, 1, FS, V
281, 1883, 2, FS, V
281, 1897, 2, FS, V
281, 1933, 2, IB, V
281, 1938, 2, IB, V
281, 1948, 2, IB, V
281, 2559, 3, RS, V
281, 2624, 3, RS, V
281, 2704, 3, IB, V
281, 3369, 4, RS, V
281, 3451, 4, IB, V
281, 3458, 4, IB, V
281, 3472, 4, IB, V
281.1, 374, 0, FS, V
281.1, 1139, 1, FS, V
281.1, 1146, 1, FS, V
281.1, 1188, 1, IB, V
281.1, 1841, 2, RS, V
281.1, 1843, 2, RS, V
281.1, 1875, 2, RS, V
281.1, 1890, 2, FS, V
281.1, 1901, 2, FS, V
281.1, 1924, 2, IB, V
281.1, 2592, 3, RS, V
281.1, 2609, 3, RS, V
281.1, 2633, 3, RS, V
281.1, 2714, 3, IB, V
281.1, 3356, 4, RS, V
281.1, 3399, 4, FS, V
281.1, 3403, 4, FS, V
281.1, 3420, 4, FS, V
281.1, 3429, 4, FS, V
281.2, 1044, 1, RS, V
281.2, 1057, 1, RS, V
281.2, 1066, 1, RS, V
281.2, 1164, 1, IB, V
281.2, 1170, 1, IB, V
281.2, 1182, 1, IB, V
281.2, 1838, 2, RS, V
281.2, 1936, 2, IB, V
281.2, 2639, 3, FS, V
281.2, 2693, 3, IB, V
281.2, 3401, 4, FS, V
281.3, 1058, 1, RS, V
281.3, 1097, 1, RS, V
281.3, 1132, 1, FS, V
281.3, 1143, 1, FS, V
281.3, 1828, 2, RS, V
281.3, 1941, 2, IB, V
281.3, 2590, 3, RS, V
281.3, 2700, 3, IB, V
281.3, 3343, 4, RS, V
281.3, 3383, 4, RS, V
281.4, 376, 0, FS, V
281.4, 385, 0, FS, V
281.4, 1120, 1, FS, V
281.4, 1161, 1, IB, V
281.4, 1165, 1, IB, V
281.4, 1799, 2, RS, V
281.4, 1893, 2, FS, V
281.4, 2649, 3, FS, V
281.4, 2668, 3, FS, V
281.4, 3416, 4, FS, V
281.4, 3426, 4, FS, V
281.5, 275, 0, RS, V
281.5, 296, 0, RS, V
281.5, 363, 0, FS, V
281.5, 368, 0, FS, V
281.5, 431, 0, IB, V
281.5, 1054, 1, RS, V
281.5, 1127, 1, FS, V
281.5, 1133, 1, FS, V
281.5, 1135, 1, FS, V
281.5, 1141, 1, FS, V
281.5, 1885, 2, FS, V
281.5, 1899, 2, FS, V
281.5, 1937, 2, IB, V
281.5, 2567, 3, RS, V
281.5, 2686, 3, IB, V
281.5, 2712, 3, IB, V
281.5, 3400, 4, FS, V
281.6, 323, 0, RS, V
281.6, 355, 0, FS, V
281.6, 356, 0, FS, V
281.6, 380, 0, FS, V
281.6, 410, 0, IB, V
281.6, 1060, 1, RS, V
281.6, 1073, 1, RS, V
281.6, 1077, 1, RS, V
281.6, 1100, 1, RS, V
281.6, 1101, 1, RS, V
281.6, 1189, 1, IB, V
281.6, 1192, 1, IB, V
281.6, 2562, 3, RS, V
281.6, 2648, 3, FS, V
281.6, 2688, 3, IB, V
281.6, 3412, 4, FS, V
281.6, 3421, 4, FS, V
281.6, 3466, 4, IB, V
281.7, 324, 0, RS, V
281.7, 362, 0, FS, V
281.7, 420, 0, IB, V
281.7, 1037, 1, RS, V
281.7, 1090, 1, RS, V
281.7, 1119, 1, FS, V
281.7, 1903, 2, FS, V
281.7, 2660, 3, FS, V
281.7, 2663, 3, FS, V
281.7, 3317, 4, RS, V
281.7, 3391, 4, RS, V
281.7, 3417, 4, FS, V
281.7, 3446, 4, IB, V
281.8, 308, 0, RS, V
281.8, 419, 0, IB, V
281.8, 1055, 1, RS, V
281.8, 1114, 1, RS, V
281.8, 1124, 1, FS, V
281.8, 1134, 1, FS, V
281.8, 1137, 1, FS, V
281.8, 1163, 1, IB, V
281.8, 1808, 2, RS, V
281.8, 1813, 2, RS, V
281.8, 1898, 2, FS, V
281.8, 1922, 2, IB, V
281.8, 1926, 2, IB, V
281.8, 1945, 2, IB, V
281.8, 2637, 3, RS, V
281.8, 3424, 4, FS, V
281.8, 3454, 4, IB, V
281.9, 352, 0, RS, V
281.9, 406, 0, IB, V
281.9, 1123, 1, FS, V
281.9, 1939, 2, IB, V
281.9, 1951, 2, IB, V
281.9, 2610, 3, RS, V
281.9, 2664, 3, FS, V
281.9, 3348, 4, RS, V
281.9, 3418, 4, FS, V
282, 285, 0, RS, V
282, 313, 0, RS, V
282, 426, 0, IB, V
282, 1056, 1, RS, V
282, 1183, 1, IB, V
282, 1848, 2, RS, V
282, 1853, 2, RS, V
282, 2556, 3, RS, V
282, 3402, 4, FS, V
282, 3408, 4, FS, V
282, 3409, 4, FS, V
282, 3461, 4, IB, V
282.1, 311, 0, RS, V
282.1, 1131, 1, FS, V
282.1, 1873, 2, RS, V
282.1, 1878, 2, FS, V
282.1, 1892, 2, FS, V
282.1, 1944, 2, IB, V
282.1, 2564, 3, RS, V
282.1, 2652, 3, FS, V
282.1, 2657, 3, FS, V
282.1, 3387, 4, RS, V
282.1, 3404, 4, FS, V
282.1, 3414, 4, FS, V
282.1, 3473, 4, IB, V
282.2, 278, 0, RS, V
282.2, 291, 0, RS, V
282.2, 416, 0, IB, V
282.2, 430, 0, IB, V
282.2, 1098, 1, RS, V
282.2, 1116, 1, FS, V
282.2, 1810, 2, RS, V
282.2, 1904, 2, FS, V
282.2, 1925, 2, IB, V
282.2, 2626, 3, RS, V
282.2, 2644, 3, FS, V
282.2, 2658, 3, FS, V
282.2, 2691, 3, IB, V
282.2, 2697, 3, IB, V
282.2, 3319, 4, RS, V
282.2, 3413, 4, FS, V
282.2, 3470, 4, IB, V
282.2, 3474, 4, IB, V
282.3, 403, 0, IB, V
282.3, 1039, 1, RS, V
282.3, 1905, 2, FS, V
282.3, 1931, 2, IB, V
282.3, 1942, 2, IB, V
282.3, 1953, 2, IB, V
282.3, 3361, 4, RS, V
282.3, 3471, 4, IB, V
282.4, 339, 0, RS, V
282.4, 377, 0, FS, V
282.4, 382, 0, FS, V
282.4, 1035, 1, RS, V
282.4, 1038, 1, RS, V
282.4, 1882, 2, FS, V
282.4, 1887, 2, FS, V
282.4, 2651, 3, FS, V
282.4, 2667, 3, FS, V
282.4, 3425, 4, FS, V
282.4, 3445, 4, IB, V
282.4, 3465, 4, IB, V
282.5, 320, 0, RS, V
282.5, 367, 0, FS, V
282.5, 381, 0, FS, V
282.5, 384, 0, FS, V
282.5, 1085, 1, RS, V
282.5, 1118, 1, FS, V
282.5, 1126, 1, FS, V
282.5, 1144, 1, FS, V
282.5, 1820, 2, RS, V
282.5, 1852, 2, RS, V
282.5, 1880, 2, FS, V
282.5, 2702, 3, IB, V
282.5, 3415, 4, FS, V
282.5, 3463, 4, IB, V
282.6, 372, 0, FS, V
282.6, 400, 0, IB, V
282.6, 1122, 1, FS, V
282.6, 1840, 2, RS, V
282.6, 2625, 3, RS, V
282.6, 2642, 3, FS, V
282.6, 2655, 3, FS, V
282.6, 3325, 4, RS, V
282.6, 3333, 4, RS, V
282.7, 304, 0, RS, V
282.7, 357, 0, FS, V
282.7, 378, 0, FS, V
282.7, 383, 0, FS, V
282.7, 1092, 1, RS, V
282.7, 1138, 1, FS, V
282.7, 1179, 1, IB, V
282.7, 1184, 1, IB, V
282.7, 1902, 2, FS, V
282.7, 1923, 2, IB, V
282.7, 1928, 2, IB, V
282.7, 1930, 2, IB, V
282.7, 1946, 2, IB, V
282.7, 2598, 3, RS, V
282.7, 2620, 3, RS, V
282.7, 2647, 3, FS, V
282.7, 2703, 3, IB, V
282.7, 3407, 4, FS, V
282.8, 369, 0, FS, V
282.8, 1102, 1, RS, V
282.8, 1891, 2, FS, V
282.8, 1896, 2, FS, V
282.8, 2613, 3, RS, V
282.8, 2685, 3, IB, V
282.8, 2705, 3, IB, V
282.8, 3475, 4, IB, V
282.9, 365, 0, FS, V
282.9, 366, 0, FS, V
282.9, 402, 0, IB, V
282.9, 405, 0, IB, V
282.9, 1042, 1, RS, V
282.9, 1109, 1, RS, V
282.9, 1115, 1, RS, V
282.9, 1172, 1, IB, V
282.9, 1812, 2, RS, V
282.9, 1858, 2, RS, V
282.9, 1879, 2, FS, V
282.9, 1906, 2, FS, V
282.9, 1907, 2, FS, V
282.9, 2606, 3, RS, V
282.9, 2641, 3, FS, V
282.9, 2671, 3, LTS, V
282.9, 2676, 3, LTS, V
282.9, 3406, 4, FS, V
282.9, 3419, 4, FS, V
283, 361, 0, FS, V
283, 407, 0, IB, V
283, 414, 0, IB, V
283, 423, 0, IB, V
283, 1082, 1, RS, V
283, 1121, 1, FS, V
283, 1142, 1, FS, V
283, 1881, 2, FS, V
283, 1894, 2, FS, V
283, 1915, 2, LTS, V
283, 2638, 3, FS, V
283, 2666, 3, FS, V
283, 3411, 4, FS, V
283, 3427, 4, FS, V
283.1, 295, 0, RS, V
283.1, 358, 0, FS, V
283.1, 364, 0, FS, V
283.1, 390, 0, LTS, V
283.1, 413, 0, IB, V
283.1, 1162, 1, IB, V
283.1, 1185, 1, IB, V
283.1, 2558, 3, RS, V
283.1, 2656, 3, FS, V
283.1, 2661, 3, FS, V
283.1, 3453, 4, IB, V
283.2, 409, 0, IB, V
283.2, 1801, 2, RS, V
283.2, 1871, 2, RS, V
283.2, 2584, 3, RS, V
283.2, 2604, 3, RS, V
283.2, 2640, 3, FS, V
283.2, 2643, 3, FS, V
283.2, 2653, 3, FS, V
283.2, 2707, 3, IB, V
283.2, 3396, 4, RS, V
283.3, 284, 0, RS, V
283.3, 404, 0, IB, V
283.3, 422, 0, IB, V
283.3, 1070, 1, RS, V
283.3, 1145, 1, FS, V
283.3, 1874, 2, RS, V
283.3, 2572, 3, RS, V
283.3, 2632, 3, RS, V
283.3, 2659, 3, FS, V
283.3, 3376, 4, RS, V
283.3, 3448, 4, IB, V
283.3, 3456, 4, IB, V
283.4, 299, 0, RS, V
283.4, 1125, 1, FS, V
283.4, 1129, 1, FS, V
283.4, 1136, 1, FS, V
283.4, 1877, 2, FS, V
283.4, 1950, 2, IB, V
283.4, 2563, 3, RS, V
283.4, 2706, 3, IB, V
283.4, 3360, 4, RS, V
283.5, 330, 0, RS, V
283.5, 360, 0, FS, V
283.5, 370, 0, FS, V
283.5, 373, 0, FS, V
283.5, 379, 0, FS, V
283.5, 411, 0, IB, V
283.5, 418, 0, IB, V
283.5, 1805, 2, RS, V
283.5, 1814, 2, RS, V
283.5, 1888, 2, FS, V
283.5, 2650, 3, FS, V
283.5, 3405, 4, FS, V
283.6, 354, 0, RS, V
283.6, 359, 0, FS, V
283.6, 375, 0, FS, V
283.6, 1130, 1, FS, V
283.6, 2617, 3, RS, V
283.6, 2646, 3, FS, V
283.6, 2665, 3, FS, V
283.6, 2684, 3, IB, V
283.6, 3368, 4, RS, V
283.6, 3377, 4, RS, V
283.7, 333, 0, RS, V
283.7, 1867, 2, RS, V
283.7, 1883, 2, FS, V
283.7, 1890, 2, FS, V
283.7, 1895, 2, FS, V
283.7, 1897, 2, FS, V
283.7, 2654, 3, FS, V
283.7, 2699, 3, IB, V
283.7, 3410, 4, FS, V
283.7, 3464, 4, IB, V
283.7, 3469, 4, IB, V
283.8, 424, 0, IB, V
283.8, 1095, 1, RS, V
283.8, 1842, 2, RS, V
283.8, 1900, 2, FS, V
283.8, 1927, 2, IB, V
283.8, 1934, 2, IB, V
283.8, 1947, 2, IB, V
283.8, 2573, 3, RS, V
283.8, 2593, 3, RS, V
283.8, 2662, 3, FS, V
283.8, 3422, 4, FS, V
283.9, 315, 0, RS, V
283.9, 325, 0, RS, V
283.9, 408, 0, IB, V
283.9, 1176, 1, IB, V
283.9, 1847, 2, RS, V
283.9, 1886, 2, FS, V
283.9, 1889, 2, FS, V
283.9, 1935, 2, IB, V
283.9, 1943, 2, IB, V
283.9, 2683, 3, IB, V
283.9, 2690, 3, IB, V
283.9, 2708, 3, IB, V
283.9, 3399, 4, FS, V
283.9, 3423, 4, FS, V
284, 276, 0, RS, V
284, 428, 0, IB, V
284, 1117, 1, FS, V
284, 1128, 1, FS, V
284, 1140, 1, FS, V
284, 1143, 1, FS, V
284, 1175, 1, IB, V
284, 1178, 1, IB, V
284, 1854, 2, RS, V
284, 1870, 2, RS, V
284, 2645, 3, FS, V
284, 2694, 3, IB, V
284, 3357, 4, RS, V
284, 3401, 4, FS, V
284, 3403, 4, FS, V
284, 3444, 4, IB, V
284, 3449, 4, IB, V
284, 3468, 4, IB, V
284.1, 292, 0, RS, V
284.1, 374, 0, FS, V
284.1, 417, 0, IB, V
284.1, 1139, 1, FS, V
284.1, 1146, 1, FS, V
284.1, 1167, 1, IB, V
284.1, 1802, 2, RS, V
284.1, 1856, 2, RS, V
284.1, 1884, 2, FS, V
284.1, 1899, 2, FS, V
284.1, 1901, 2, FS, V
284.1, 2568, 3, RS, V
284.1, 2635, 3, RS, V
284.1, 3426, 4, FS, V
284.1, 3429, 4, FS, V
284.2, 363, 0, FS, V
284.2, 371, 0, FS, V
284.2, 1052, 1, RS, V
284.2, 1068, 1, RS, V
284.2, 1141, 1, FS, V
284.2, 1864, 2, RS, V
284.2, 1885, 2, FS, V
284.2, 1932, 2, IB, V
284.2, 1940, 2, IB, V
284.2, 2639, 3, FS, V
284.2, 2649, 3, FS, V
284.2, 2695, 3, IB, V
284.2, 3412, 4, FS, V
284.2, 3421, 4, FS, V
284.2, 3436, 4, LTS, V
284.2, 3458, 4, IB, V
284.2, 3460, 4, IB, V
284.3, 294, 0, RS, V
284.3, 380, 0, FS, V
284.3, 427, 0, IB, V
284.3, 1120, 1, FS, V
284.3, 1127, 1, FS, V
284.3, 1911, 2, LTS, V
284.3, 1952, 2, IB, V
284.3, 2660, 3, FS, V
284.3, 3350, 4, RS, V
284.3, 3420, 4, FS, V
284.4, 332, 0, RS, V
284.4, 355, 0, FS, V
284.4, 368, 0, FS, V
284.4, 385, 0, FS, V
284.4, 1043, 1, RS, V
284.4, 1074, 1, RS, V
284.4, 1083, 1, RS, V
284.4, 1171, 1, IB, V
284.4, 1191, 1, IB, V
284.4, 1903, 2, FS, V
284.4, 1936, 2, IB, V
284.4, 2618, 3, RS, V
284.4, 2663, 3, FS, V
284.4, 2668, 3, FS, V
284.4, 2713, 3, IB, V
284.4, 3416, 4, FS, V
284.4, 3447, 4, IB, V
284.5, 412, 0, IB, V
284.5, 1072, 1, RS, V
284.5, 1124, 1, FS, V
284.5, 1132, 1, FS, V
284.5, 1133, 1, FS, V
284.5, 1135, 1, FS, V
284.5, 1165, 1, IB, V
284.5, 1170, 1, IB, V
284.5, 1188, 1, IB, V
284.5, 1831, 2, RS, V
284.5, 1941, 2, IB, V
284.5, 1948, 2, IB, V
284.5, 2594, 3, RS, V
284.5, 3400, 4, FS, V
284.5, 3424, 4, FS, V
284.6, 316, 0, RS, V
284.6, 356, 0, FS, V
284.6, 376, 0, FS, V
284.6, 1045, 1, RS, V
284.6, 1893, 2, FS, V
284.6, 2664, 3, FS, V
284.6, 2689, 3, IB, V
284.6, 2714, 3, IB, V
284.6, 3364, 4, RS, V
284.6, 3462, 4, IB, V
284.7, 1818, 2, RS, V
284.7, 1924, 2, IB, V
284.7, 2571, 3, RS, V
284.7, 2597, 3, RS, V
284.7, 2648, 3, FS, V
284.7, 3324, 4, RS, V
284.7, 3417, 4, FS, V
284.7, 3428, 4, FS, V
284.8, 1064, 1, RS, V
284.8, 1119, 1, FS, V
284.8, 1134, 1, FS, V
284.8, 1168, 1, IB, V
284.8, 1803, 2, RS, V
284.8, 2623, 3, RS, V
284.9, 362, 0, FS, V
284.9, 1034, 1, RS, V
284.9, 1071, 1, RS, V
284.9, 1904, 2, FS, V
284.9, 2560, 3, RS, V
284.9, 2644, 3, FS, V
284.9, 2658, 3, FS, V
284.9, 2686, 3, IB, V
284.9, 2700, 3, IB, V
284.9, 3339, 4, RS, V
284.9, 3418, 4, FS, V
285, 314, 0, RS, V
285, 322, 0, RS, V
285, 377, 0, FS, V
285, 431, 0, IB, V
285, 1116, 1, FS, V
285, 1137, 1, FS, V
285, 1797, 2, RS, V
285, 1898, 2, FS, V
285, 2578, 3, RS, V
285, 2582, 3, RS, V
285, 2651, 3, FS, V
285, 3332, 4, RS, V
285.1, 382, 0, FS, V
285.1, 1050, 1, RS, V
285.1, 1123, 1, FS, V
285.1, 1131, 1, FS, V
285.1, 1169, 1, IB, V
285.1, 1832, 2, RS, V
285.1, 1878, 2, FS, V
285.1, 1892, 2, FS, V
285.1, 2652, 3, FS, V
285.1, 2657, 3, FS, V
285.1, 3326, 4, RS, V
285.1, 3402, 4, FS, V
285.1, 3404, 4, FS, V
285.1, 3408, 4, FS, V
285.1, 3409, 4, FS, V
285.1, 3414, 4, FS, V
285.1, 3425, 4, FS, V
285.2, 340, 0, RS, V
285.2, 381, 0, FS, V
285.2, 415, 0, IB, V
285.2, 1187, 1, IB, V
285.2, 1816, 2, RS, V
285.2, 1839, 2, RS, V
285.2, 2601, 3, RS, V
285.2, 3413, 4, FS, V
285.2, 3459, 4, IB, V
285.3, 1049, 1, RS, V
285.3, 1118, 1, FS, V
285.3, 1122, 1, FS, V
285.3, 1138, 1, FS, V
285.3, 1905, 2, FS, V
285.3, 1929, 2, IB, V
285.3, 2565, 3, RS, V
285.3, 2667, 3, FS, V
285.3, 3446, 4, IB, V
285.3, 3466, 4, IB, V
285.4, 384, 0, FS, V
285.4, 1051, 1, RS, V
285.4, 1103, 1, RS, V
285.4, 1110, 1, RS, V
285.4, 1876, 2, RS, V
285.4, 1882, 2, FS, V
285.4, 1902, 2, FS, V
285.4, 2697, 3, IB, V
285.4, 2704, 3, IB, V
285.4, 2711, 3, IB, V
285.4, 3351, 4, RS, V
285.4, 3384, 4, RS, V
285.4, 3407, 4, FS, V
285.4, 3454, 4, IB, V
285.5, 357, 0, FS, V
285.5, 1093, 1, RS, V
285.5, 1144, 1, FS, V
285.5, 1887, 2, FS, V
285.5, 1933, 2, IB, V
285.5, 1951, 2, IB, V
285.5, 2628, 3, RS, V
285.5, 2642, 3, FS, V
285.5, 2712, 3, IB, V
285.6, 351, 0, RS, V
285.6, 367, 0, FS, V
285.6, 1033, 1, RS, V
285.6, 1040, 1, RS, V
285.6, 1111, 1, RS, V
285.6, 1126, 1, FS, V
285.6, 1183, 1, IB, V
285.6, 1830, 2, RS, V
285.6, 1862, 2, RS, V
285.6, 1880, 2, FS, V
285.6, 1931, 2, IB, V
285.6, 2622, 3, RS, V
285.6, 2655, 3, FS, V
285.6, 3322, 4, RS, V
285.6, 3338, 4, RS, V
285.6, 3374, 4, RS, V
285.6, 3419, 4, FS, V
285.6, 3452, 4, IB, V
285.6, 3461, 4, IB, V
285.7, 335, 0, RS, V
285.7, 361, 0, FS, V
285.7, 366, 0, FS, V
285.7, 378, 0, FS, V
285.7, 383, 0, FS, V
285.7, 1142, 1, FS, V
285.7, 1186, 1, IB, V
285.7, 1835, 2, RS, V
285.7, 1879, 2, FS, V
285.7, 1944, 2, IB, V
285.7, 2696, 3, IB, V
285.7, 3415, 4, FS, V
285.7, 3470, 4, IB, V
285.7, 3471, 4, IB, V
285.8, 1861, 2, RS, V
285.8, 1891, 2, FS, V
285.8, 1896, 2, FS, V
285.8, 1906, 2, FS, V
285.8, 1939, 2, IB, V
285.8, 1953, 2, IB, V
285.8, 2638, 3, FS, V
285.8, 2647, 3, FS, V
285.8, 2698, 3, IB, V
285.9, 1075, 1, RS, V
285.9, 1190, 1, IB, V
285.9, 1846, 2, RS, V
285.9, 1881, 2, FS, V
285.9, 1907, 2, FS, V
285.9, 3371, 4, RS, V
285.9, 3434, 4, LTS, V
285.9, 3451, 4, IB, V
286, 365, 0, FS, V
286, 369, 0, FS, V
286, 1106, 1, RS, V
286, 1121, 1, FS, V
286, 1129, 1, FS, V
286, 1798, 2, RS, V
286, 1865, 2, RS, V
286, 1868, 2, RS, V
286, 1894, 2, FS, V
286, 1909, 2, LTS, V
286, 2589, 3, RS, V
286, 2640, 3, FS, V
286, 2641, 3, FS, V
286, 2666, 3, FS, V
286, 3358, 4, RS, V
286, 3427, 4, FS, V
286.1, 405, 0, IB, V
286.1, 1136, 1, FS, V
286.1, 1825, 2, RS, V
286.1, 1916, 2, LTS, V
286.1, 1946, 2, IB, V
286.1, 2575, 3, RS, V
286.1, 2607, 3, RS, V
286.1, 2656, 3, FS, V
286.1, 2661, 3, FS, V
286.1, 2687, 3, IB, V
286.1, 2693, 3, IB, V
286.1, 3390, 4, RS, V
286.1, 3406, 4, FS, V
286.1, 3445, 4, IB, V
286.1, 3465, 4, IB, V
286.2, 328, 0, RS, V
286.2, 358, 0, FS, V
286.2, 364, 0, FS, V
286.2, 416, 0, IB, V
286.2, 1053, 1, RS, V
286.2, 1145, 1, FS, V
286.2, 1161, 1, IB, V
286.2, 1177, 1, IB, V
286.2, 1877, 2, FS, V
286.2, 1928, 2, IB, V
286.2, 2627, 3, RS, V
286.2, 2643, 3, FS, V
286.2, 2653, 3, FS, V
286.2, 3362, 4, RS, V
286.2, 3405, 4, FS, V
286.2, 3455, 4, IB, V
286.3, 375, 0, FS, V
286.3, 1081, 1, RS, V
286.3, 1180, 1, IB, V
286.3, 1837, 2, RS, V
286.3, 1888, 2, FS, V
286.3, 1890, 2, FS, V
286.3, 2646, 3, FS, V
286.3, 2665, 3, FS, V
286.3, 3473, 4, IB, V
286.4, 289, 0, RS, V
286.4, 338, 0, RS, V
286.4, 404, 0, IB, V
286.4, 1806, 2, RS, V
286.4, 1883, 2, FS, V
286.4, 1897, 2, FS, V
286.4, 1923, 2, IB, V
286.4, 2569, 3, RS, V
286.4, 2614, 3, RS, V
286.4, 2705, 3, IB, V
286.4, 3453, 4, IB, V
286.5, 360, 0, FS, V
286.5, 370, 0, FS, V
286.5, 372, 0, FS, V
286.5, 373, 0, FS, V
286.5, 379, 0, FS, V
286.5, 402, 0, IB, V
286.5, 1046, 1, RS, V
286.5, 1125, 1, FS, V
286.5, 1804, 2, RS, V
286.5, 2599, 3, RS, V
286.5, 2634, 3, RS, V
286.5, 2659, 3, FS, V
286.5, 3349, 4, RS, V
286.5, 3410, 4, FS, V
286.6, 413, 0, IB, V
286.6, 1089, 1, RS, V
286.6, 1130, 1, FS, V
286.6, 1149, 1, LTS, V
286.6, 1163, 1, IB, V
286.6, 1849, 2, RS, V
286.6, 2596, 3, RS, V
286.6, 2650, 3, FS, V
286.6, 2688, 3, IB, V
286.6, 2702, 3, IB, V
286.7, 359, 0, FS, V
286.7, 411, 0, IB, V
286.7, 429, 0, IB, V
286.7, 1143, 1, FS, V
286.7, 1185, 1, IB, V
286.7, 1895, 2, FS, V
286.7, 1899, 2, FS, V
286.7, 2579, 3, RS, V
286.7, 2585, 3, RS, V
286.7, 3399, 4, FS, V
286.7, 3456, 4, IB, V
286.8, 1166, 1, IB, V
286.8, 1900, 2, FS, V
286.8, 1942, 2, IB, V
286.8, 1945, 2, IB, V
286.8, 2662, 3, FS, V
286.8, 2691, 3, IB, V
286.8, 3401, 4, FS, V
286.8, 3411, 4, FS, V
286.8, 3412, 4, FS, V
286.8, 3421, 4, FS, V
286.8, 3422, 4, FS, V
286.8, 3426, 4, FS, V
286.8, 3472, 4, IB, V
286.9, 363, 0, FS, V
286.9, 418, 0, IB, V
286.9, 422, 0, IB, V
286.9, 1141, 1, FS, V
286.9, 1162, 1, IB, V
286.9, 1885, 2, FS, V
286.9, 2631, 3, RS, V
286.9, 2654, 3, FS, V
286.9, 2660, 3, FS, V
286.9, 3403, 4, FS, V
286.9, 3423, 4, FS, V
287, 346, 0, RS, V
287, 380, 0, FS, V
287, 1117, 1, FS, V
287, 1140, 1, FS, V
287, 1851, 2, RS, V
287, 1886, 2, FS, V
287, 1889, 2, FS, V
287, 2649, 3, FS, V
287, 3381, 4, RS, V
287, 3382, 4, RS, V
287.1, 334, 0, RS, V
287.1, 374, 0, FS, V
287.1, 1127, 1, FS, V
287.1, 1128, 1, FS, V
287.1, 1139, 1, FS, V
287.1, 1146, 1, FS, V
287.1, 1901, 2, FS, V
287.1, 1903, 2, FS, V
287.1, 2576, 3, RS, V
287.1, 2615, 3, RS, V
287.1, 2663, 3, FS, V
287.1, 3354, 4, RS, V
287.1, 3429, 4, FS, V
287.2, 355, 0, FS, V
287.2, 1120, 1, FS, V
287.2, 1124, 1, FS, V
287.2, 1811, 2, RS, V
287.2, 1926, 2, IB, V
287.2, 1934, 2, IB, V
287.2, 2639, 3, FS, V
287.2, 2645, 3, FS, V
287.2, 3372, 4, RS, V
287.2, 3424, 4, FS, V
287.2, 3448, 4, IB, V
287.3, 368, 0, FS, V
287.3, 403, 0, IB, V
287.3, 407, 0, IB, V
287.3, 1807, 2, RS, V
287.3, 1884, 2, FS, V
287.3, 2664, 3, FS, V
287.3, 3334, 4, RS, V
287.4, 371, 0, FS, V
287.4, 1060, 1, RS, V
287.4, 1078, 1, RS, V
287.4, 1937, 2, IB, V
287.4, 1947, 2, IB, V
287.4, 2605, 3, RS, V
287.4, 2668, 3, FS, V
287.5, 296, 0, RS, V
287.5, 385, 0, FS, V
287.5, 1133, 1, FS, V
287.5, 1135, 1, FS, V
287.5, 2567, 3, RS, V
287.5, 3420, 4, FS, V
287.6, 377, 0, FS, V
287.6, 1167, 1, IB, V
287.6, 1824, 2, RS, V
287.6, 1904, 2, FS, V
287.6, 1936, 2, IB, V
287.6, 2580, 3, RS, V
287.6, 2592, 3, RS, V
287.6, 2636, 3, RS, V
287.6, 2644, 3, FS, V
287.6, 2651, 3, FS, V
287.6, 2658, 3, FS, V
287.6, 2683, 3, IB, V
287.7, 352, 0, RS, V
287.7, 417, 0, IB, V
287.7, 1047, 1, RS, V
287.7, 1132, 1, FS, V
287.7, 1815, 2, RS, V
287.7, 1930, 2, IB, V
287.7, 3375, 4, RS, V
287.7, 3416, 4, FS, V
287.7, 3417, 4, FS, V
287.8, 305, 0, RS, V
287.8, 311, 0, RS, V
287.8, 376, 0, FS, V
287.8, 382, 0, FS, V
287.8, 409, 0, IB, V
287.8, 1112, 1, RS, V
287.8, 1116, 1, FS, V
287.8, 1134, 1, FS, V
287.8, 1170, 1, IB, V
287.8, 1844, 2, RS, V
287.8, 1893, 2, FS, V
287.8, 1922, 2, IB, V
287.8, 1932, 2, IB, V
287.8, 2602, 3, RS, V
287.8, 2648, 3, FS, V
287.8, 3425, 4, FS, V
287.8, 3428, 4, FS, V
287.8, 3464, 4, IB, V
287.9, 329, 0, RS, V
287.9, 356, 0, FS, V
287.9, 381, 0, FS, V
287.9, 1096, 1, RS, V
287.9, 1099, 1, RS, V
287.9, 1119, 1, FS, V
287.9, 1138, 1, FS, V
287.9, 2684, 3, IB, V
287.9, 3400, 4, FS, V
287.9, 3418, 4, FS, V
288, 285, 0, RS, V
288, 414, 0, IB, V
288, 1122, 1, FS, V
288, 1192, 1, IB, V
288, 1799, 2, RS, V
288, 1940, 2, IB, V
288, 1948, 2, IB, V
288, 2629, 3, RS, V
288, 3327, 4, RS, V
288.1, 362, 0, FS, V
288.1, 1118, 1, FS, V
288.1, 1131, 1, FS, V
288.1, 1168, 1, IB, V
288.1, 1813, 2, RS, V
288.1, 1878, 2, FS, V
288.1, 1892, 2, FS, V
288.1, 1902, 2, FS, V
288.1, 1952, 2, IB, V
288.1, 2590, 3, RS, V
288.1, 2619, 3, RS, V
288.1, 2652, 3, FS, V
288.1, 2657, 3, FS, V
288.1, 2689, 3, IB, V
288.1, 2708, 3, IB, V
288.1, 2714, 3, IB, V
288.1, 3404, 4, FS, V
288.1, 3407, 4, FS, V
288.1, 3414, 4, FS, V
288.2, 318, 0, RS, V
288.2, 331, 0, RS, V
288.2, 1137, 1, FS, V
288.2, 1898, 2, FS, V
288.2, 1925, 2, IB, V
288.2, 2667, 3, FS, V
288.2, 3402, 4, FS, V
288.2, 3408, 4, FS, V
288.2, 3409, 4, FS, V
288.2, 3413, 4, FS, V
288.3, 307, 0, RS, V
288.3, 357, 0, FS, V
288.3, 384, 0, FS, V
288.3, 1123, 1, FS, V
288.3, 1873, 2, RS, V
288.3, 1905, 2, FS, V
288.3, 1924, 2, IB, V
288.3, 2555, 3, RS, V
288.3, 2570, 3, RS, V
288.3, 2583, 3, RS, V
288.3, 2633, 3, RS, V
288.3, 3419, 4, FS, V
288.4, 1101, 1, RS, V
288.4, 1142, 1, FS, V
288.4, 1882, 2, FS, V
288.4, 2642, 3, FS, V
288.4, 3320, 4, RS, V
288.4, 3460, 4, IB, V
288.5, 366, 0, FS, V
288.5, 401, 0, IB, V
288.5, 1144, 1, FS, V
288.5, 1174, 1, IB, V
288.5, 1848, 2, RS, V
288.5, 1879, 2, FS, V
288.5, 2709, 3, IB, V
288.5, 3444, 4, IB, V
288.6, 327, 0, RS, V
288.6, 342, 0, RS, V
288.6, 361, 0, FS, V
288.6, 1056, 1, RS, V
288.6, 1063, 1, RS, V
288.6, 1129, 1, FS, V
288.6, 1820, 2, RS, V
288.6, 1887, 2, FS, V
288.6, 2638, 3, FS, V
288.6, 2655, 3, FS, V
288.6, 2697, 3, IB, V
288.7, 367, 0, FS, V
288.7, 378, 0, FS, V
288.7, 383, 0, FS, V
288.7, 1113, 1, RS, V
288.7, 1126, 1, FS, V
288.7, 1169, 1, IB, V
288.7, 1188, 1, IB, V
288.7, 1880, 2, FS, V
288.7, 1906, 2, FS, V
288.7, 1941, 2, IB, V
288.8, 319, 0, RS, V
288.8, 1079, 1, RS, V
288.8, 1088, 1, RS, V
288.8, 1136, 1, FS, V
288.8, 1881, 2, FS, V
288.8, 1891, 2, FS, V
288.8, 1896, 2, FS, V
288.8, 2640, 3, FS, V
288.8, 2707, 3, IB, V
288.8, 3365, 4, RS, V
288.9, 1100, 1, RS, V
288.9, 1829, 2, RS, V
288.9, 1890, 2, FS, V
288.9, 1907, 2, FS, V
288.9, 1927, 2, IB, V
288.9, 2620, 3, RS, V
288.9, 2647, 3, FS, V
288.9, 3405, 4, FS, V
288.9, 3415, 4, FS, V
289, 375, 0, FS, V
289, 1102, 1, RS, V
289, 1121, 1, FS, V
289, 1877, 2, FS, V
289, 1894, 2, FS, V
289, 2646, 3, FS, V
289, 2665, 3, FS, V
289, 2666, 3, FS, V
289, 3316, 4, RS, V
289, 3340, 4, RS, V
289, 3398, 4, RS, V
289, 3427, 4, FS, V
289.1, 365, 0, FS, V
289.1, 412, 0, IB, V
289.1, 1145, 1, FS, V
289.1, 1853, 2, RS, V
289.1, 1883, 2, FS, V
289.1, 1888, 2, FS, V
289.1, 1897, 2, FS, V
289.1, 2641, 3, FS, V
289.1, 2656, 3, FS, V
289.1, 2661, 3, FS, V
289.2, 299, 0, RS, V
289.2, 369, 0, FS, V
289.2, 1187, 1, IB, V
289.2, 1805, 2, RS, V
289.2, 1833, 2, RS, V
289.2, 2625, 3, RS, V
289.2, 2643, 3, FS, V
289.2, 2653, 3, FS, V
289.2, 3379, 4, RS, V
289.2, 3469, 4, IB, V
289.3, 277, 0, RS, V
289.3, 301, 0, RS, V
289.3, 317, 0, RS, V
289.3, 343, 0, RS, V
289.3, 358, 0, FS, V
289.3, 364, 0, FS, V
289.3, 1899, 2, FS, V
289.3, 1944, 2, IB, V
289.3, 2699, 3, IB, V
289.3, 3406, 4, FS, V
289.3, 3449, 4, IB, V
289.4, 1143, 1, FS, V
289.4, 1800, 2, RS, V
289.4, 3412, 4, FS, V
289.4, 3421, 4, FS, V
289.5, 360, 0, FS, V
289.5, 370, 0, FS, V
289.5, 1190, 1, IB, V
289.5, 1812, 2, RS, V
289.5, 1834, 2, RS, V
289.5, 1836, 2, RS, V
289.5, 1857, 2, RS, V
289.5, 1946, 2, IB, V
289.5, 2660, 3, FS, V
289.5, 3345, 4, RS, V
289.5, 3399, 4, FS, V
289.5, 3426, 4, FS, V
289.6, 359, 0, FS, V
289.6, 363, 0, FS, V
289.6, 372, 0, FS, V
289.6, 379, 0, FS, V
289.6, 1069, 1, RS, V
289.6, 1125, 1, FS, V
289.6, 1130, 1, FS, V
289.6, 1141, 1, FS, V
289.6, 1826, 2, RS, V
289.6, 1885, 2, FS, V
289.6, 3401, 4, FS, V
289.7, 373, 0, FS, V
289.7, 380, 0, FS, V
289.7, 1175, 1, IB, V
289.7, 1895, 2, FS, V
289.7, 2650, 3, FS, V
289.7, 2659, 3, FS, V
289.7, 2690, 3, IB, V
289.8, 303, 0, RS, V
289.8, 1177, 1, IB, V
289.8, 1827, 2, RS, V
289.8, 1900, 2, FS, V
289.8, 1903, 2, FS, V
289.8, 2649, 3, FS, V
289.8, 2662, 3, FS, V
289.8, 2663, 3, FS, V
289.8, 2692, 3, IB, V
289.8, 3378, 4, RS, V
289.8, 3403, 4, FS, V
289.8, 3422, 4, FS, V
289.9, 282, 0, RS, V
289.9, 368, 0, FS, V
289.9, 419, 0, IB, V
289.9, 1039, 1, RS, V
289.9, 1124, 1, FS, V
289.9, 1127, 1, FS, V
289.9, 3410, 4, FS, V
289.9, 3411, 4, FS, V
289.9, 3423, 4, FS, V
289.9, 3424, 4, FS, V
290, 310, 0, RS, V
290, 355, 0, FS, V
290, 1117, 1, FS, V
290, 1140, 1, FS, V
290, 2664, 3, FS, V
290.1, 374, 0, FS, V
290.1, 1084, 1, RS, V
290.1, 1107, 1, RS, V
290.1, 1120, 1, FS, V
290.1, 1139, 1, FS, V
290.1, 1146, 1, FS, V
290.1, 1823, 2, RS, V
290.1, 1886, 2, FS, V
290.1, 1889, 2, FS, V
290.1, 1901, 2, FS, V
290.1, 1923, 2, IB, V
290.1, 2654, 3, FS, V
290.1, 3429, 4, FS, V
290.2, 377, 0, FS, V
290.2, 1128, 1, FS, V
290.2, 2639, 3, FS, V
290.2, 2651, 3, FS, V
290.2, 3461, 4, IB, V
290.3, 1105, 1, RS, V
290.3, 1904, 2, FS, V
290.3, 2644, 3, FS, V
290.3, 2658, 3, FS, V
290.4, 2645, 3, FS, V
290.4, 2668, 3, FS, V
290.5, 382, 0, FS, V
290.5, 385, 0, FS, V
290.5, 1133, 1, FS, V
290.5, 1135, 1, FS, V
290.5, 1138, 1, FS, V
290.5, 1884, 2, FS, V
290.5, 2581, 3, RS, V
290.5, 2612, 3, RS, V
290.5, 2693, 3, IB, V
290.5, 3425, 4, FS, V
290.6, 341, 0, RS, V
290.6, 371, 0, FS, V
290.6, 381, 0, FS, V
290.6, 1116, 1, FS, V
290.6, 3395, 4, RS, V
290.6, 3454, 4, IB, V
290.7, 1122, 1, FS, V
290.7, 3416, 4, FS, V
290.7, 3417, 4, FS, V
290.7, 3420, 4, FS, V
290.7, 3428, 4, FS, V
290.7, 3466, 4, IB, V
290.8, 1134, 1, FS, V
290.8, 1902, 2, FS, V
290.8, 1936, 2, IB, V
290.8, 3407, 4, FS, V
290.9, 356, 0, FS, V
290.9, 1074, 1, RS, V
290.9, 1118, 1, FS, V
290.9, 1132, 1, FS, V
290.9, 2648, 3, FS, V
290.9, 3363, 4, RS, V
290.9, 3400, 4, FS, V
290.9, 3418, 4, FS, V
291, 376, 0, FS, V
291, 1119, 1, FS, V
291, 1893, 2, FS, V
291, 3419, 4, FS, V
291.1, 357, 0, FS, V
291.1, 1131, 1, FS, V
291.1, 1142, 1, FS, V
291.1, 1878, 2, FS, V
291.1, 1892, 2, FS, V
291.1, 2652, 3, FS, V
291.1, 2657, 3, FS, V
291.1, 2667, 3, FS, V
291.1, 2710, 3, IB, V
291.1, 3404, 4, FS, V
291.1, 3414, 4, FS, V
291.2, 408, 0, IB, V
291.2, 1129, 1, FS, V
291.2, 3413, 4, FS, V
291.3, 362, 0, FS, V
291.3, 366, 0, FS, V
291.3, 417, 0, IB, V
291.3, 425, 0, IB, V
291.3, 1879, 2, FS, V
291.3, 1905, 2, FS, V
291.3, 1934, 2, IB, V
291.3, 2642, 3, FS, V
291.3, 3402, 4, FS, V
291.3, 3408, 4, FS, V
291.4, 384, 0, FS, V
291.4, 426, 0, IB, V
291.4, 1137, 1, FS, V
291.4, 1882, 2, FS, V
291.4, 1898, 2, FS, V
291.4, 2562, 3, RS, V
291.4, 2638, 3, FS, V
291.5, 1123, 1, FS, V
291.5, 1136, 1, FS, V
291.5, 1144, 1, FS, V
291.5, 1890, 2, FS, V
291.5, 3353, 4, RS, V
291.6, 1906, 2, FS, V
291.6, 1931, 2, IB, V
291.6, 2640, 3, FS, V
291.6, 2655, 3, FS, V
291.6, 2684, 3, IB, V
291.6, 3405, 4, FS, V
291.7, 375, 0, FS, V
291.7, 378, 0, FS, V
291.7, 383, 0, FS, V
291.7, 1881, 2, FS, V
291.7, 1887, 2, FS, V
291.7, 2646, 3, FS, V
291.7, 2665, 3, FS, V
291.8, 361, 0, FS, V
291.8, 367, 0, FS, V
291.8, 1126, 1, FS, V
291.8, 1877, 2, FS, V
291.8, 1880, 2, FS, V
291.8, 1883, 2, FS, V
291.8, 1891, 2, FS, V
291.8, 1896, 2, FS, V
291.8, 1897, 2, FS, V
291.8, 2568, 3, RS, V
291.8, 3374, 4, RS, V
291.9, 1062, 1, RS, V
291.9, 1176, 1, IB, V
291.9, 1888, 2, FS, V
291.9, 1899, 2, FS, V
291.9, 1907, 2, FS, V
291.9, 1924, 2, IB, V
291.9, 3370, 4, RS, V
291.9, 3409, 4, FS, V
292, 1121, 1, FS, V
292, 1145, 1, FS, V
292, 1865, 2, RS, V
292, 1894, 2, FS, V
292, 1953, 2, IB, V
292, 2647, 3, FS, V
292, 2666, 3, FS, V
292, 3412, 4, FS, V
292, 3421, 4, FS, V
292, 3427, 4, FS, V
292.1, 1114, 1, RS, V
292.1, 1143, 1, FS, V
292.1, 2621, 3, RS, V
292.1, 2656, 3, FS, V
292.1, 2660, 3, FS, V
292.1, 2661, 3, FS, V
292.1, 3415, 4, FS, V
292.2, 365, 0, FS, V
292.2, 369, 0, FS, V
292.2, 1951, 2, IB, V
292.2, 2641, 3, FS, V
292.2, 2643, 3, FS, V
292.2, 2653, 3, FS, V
292.2, 3426, 4, FS, V
292.3, 363, 0, FS, V
292.3, 1141, 1, FS, V
292.3, 1885, 2, FS, V
292.3, 3399, 4, FS, V
292.4, 358, 0, FS, V
292.4, 364, 0, FS, V
292.4, 380, 0, FS, V
292.4, 1930, 2, IB, V
292.4, 3401, 4, FS, V
292.5, 359, 0, FS, V
292.5, 360, 0, FS, V
292.5, 368, 0, FS, V
292.5, 370, 0, FS, V
292.5, 1903, 2, FS, V
292.5, 2663, 3, FS, V
292.5, 3397, 4, RS, V
292.5, 3406, 4, FS, V
292.6, 306, 0, RS, V
292.6, 372, 0, FS, V
292.6, 379, 0, FS, V
292.6, 1124, 1, FS, V
292.6, 1130, 1, FS, V
292.6, 2649, 3, FS, V
292.6, 3331, 4, RS, V
292.6, 3388, 4, RS, V
292.7, 373, 0, FS, V
292.7, 1057, 1, RS, V
292.7, 1125, 1, FS, V
292.7, 1127, 1, FS, V
292.7, 1895, 2, FS, V
292.7, 2664, 3, FS, V
292.7, 3373, 4, RS, V
292.7, 3403, 4, FS, V
292.7, 3410, 4, FS, V
292.8, 377, 0, FS, V
292.8, 1900, 2, FS, V
292.8, 2650, 3, FS, V
292.8, 2651, 3, FS, V
292.8, 2662, 3, FS, V
292.8, 3422, 4, FS, V
292.9, 336, 0, RS, V
292.9, 355, 0, FS, V
292.9, 1097, 1, RS, V
292.9, 1189, 1, IB, V
292.9, 2659, 3, FS, V
292.9, 3424, 4, FS, V
293, 1117, 1, FS, V
293, 1120, 1, FS, V
293, 1140, 1, FS, V
293, 1904, 2, FS, V
293, 2644, 3, FS, V
293, 2658, 3, FS, V
293, 3411, 4, FS, V
293.1, 374, 0, FS, V
293.1, 1138, 1, FS, V
293.1, 1139, 1, FS, V
293.1, 1146, 1, FS, V
293.1, 1901, 2, FS, V
293.1, 3429, 4, FS, V
293.2, 293, 0, RS, V
293.2, 348, 0, RS, V
293.2, 382, 0, FS, V
293.2, 1886, 2, FS, V
293.2, 1889, 2, FS, V
293.2, 2611, 3, RS, V
293.2, 2639, 3, FS, V
293.2, 3425, 4, FS, V
293.3, 381, 0, FS, V
293.3, 1128, 1, FS, V
293.3, 2654, 3, FS, V
293.4, 1116, 1, FS, V
293.4, 1122, 1, FS, V
293.4, 2668, 3, FS, V
293.4, 3423, 4, FS, V
293.5, 350, 0, RS, V
293.5, 385, 0, FS, V
293.5, 1133, 1, FS, V
293.5, 1135, 1, FS, V
293.5, 1902, 2, FS, V
293.6, 2645, 3, FS, V
293.7, 1118, 1, FS, V
293.7, 1884, 2, FS, V
293.7, 3416, 4, FS, V
293.7, 3417, 4, FS, V
293.7, 3419, 4, FS, V
293.8, 1134, 1, FS, V
293.8, 1142, 1, FS, V
293.8, 3407, 4, FS, V
293.9, 356, 0, FS, V
293.9, 357, 0, FS, V
293.9, 1129, 1, FS, V
293.9, 3418, 4, FS, V
293.9, 3420, 4, FS, V
294, 1108, 1, RS, V
294, 2648, 3, FS, V
294, 2667, 3, FS, V
294.1, 371, 0, FS, V
294.1, 1119, 1, FS, V
294.1, 1131, 1, FS, V
294.1, 1132, 1, FS, V
294.1, 1878, 2, FS, V
294.1, 1879, 2, FS, V
294.1, 1890, 2, FS, V
294.1, 1892, 2, FS, V
294.1, 2652, 3, FS, V
294.1, 2657, 3, FS, V
294.1, 3414, 4, FS, V
294.2, 376, 0, FS, V
294.2, 1136, 1, FS, V
294.2, 1893, 2, FS, V
294.2, 2638, 3, FS, V
294.2, 2642, 3, FS, V
294.2, 3404, 4, FS, V
294.2, 3413, 4, FS, V
294.3, 1905, 2, FS, V
294.4, 321, 0, RS, V
294.4, 375, 0, FS, V
294.4, 384, 0, FS, V
294.4, 1882, 2, FS, V
294.4, 2640, 3, FS, V
294.4, 2646, 3, FS, V
294.4, 2665, 3, FS, V
294.4, 3400, 4, FS, V
294.5, 362, 0, FS, V
294.5, 1144, 1, FS, V
294.5, 1883, 2, FS, V
294.5, 1897, 2, FS, V
294.5, 1899, 2, FS, V
294.5, 1906, 2, FS, V
294.6, 1137, 1, FS, V
294.6, 1877, 2, FS, V
294.6, 1881, 2, FS, V
294.6, 1898, 2, FS, V
294.6, 2655, 3, FS, V
294.7, 378, 0, FS, V
294.7, 383, 0, FS, V
294.7, 1123, 1, FS, V
294.7, 1888, 2, FS, V
294.7, 3405, 4, FS, V
294.8, 1143, 1, FS, V
294.8, 1887, 2, FS, V
294.8, 1891, 2, FS, V
294.8, 1896, 2, FS, V
294.8, 3383, 4, RS, V
294.9, 323, 0, RS, V
294.9, 1126, 1, FS, V
294.9, 1145, 1, FS, V
294.9, 1880, 2, FS, V
294.9, 1907, 2, FS, V
294.9, 2570, 3, RS, V
294.9, 3421, 4, FS, V
295, 1121, 1, FS, V
295, 1141, 1, FS, V
295, 1885, 2, FS, V
295, 1894, 2, FS, V
295, 2666, 3, FS, V
295, 3427, 4, FS, V
295.1, 1819, 2, RS, V
295.1, 2647, 3, FS, V
295.1, 2656, 3, FS, V
295.1, 2661, 3, FS, V
295.1, 3330, 4, RS, V
295.2, 368, 0, FS, V
295.2, 1903, 2, FS, V
295.2, 2643, 3, FS, V
295.2, 2653, 3, FS, V
295.2, 2660, 3, FS, V
295.2, 2663, 3, FS, V
295.3, 1124, 1, FS, V
295.3, 1942, 2, IB, V
295.3, 2641, 3, FS, V
295.3, 3426, 4, FS, V
295.3, 3428, 4, FS, V
295.4, 363, 0, FS, V
295.4, 2591, 3, RS, V
295.4, 2649, 3, FS, V
295.4, 2651, 3, FS, V
295.4, 2664, 3, FS, V
295.4, 3402, 4, FS, V
295.4, 3412, 4, FS, V
295.5, 358, 0, FS, V
295.5, 366, 0, FS, V
295.5, 406, 0, IB, V
295.5, 1127, 1, FS, V
295.6, 369, 0, FS, V
295.6, 1130, 1, FS, V
295.7, 373, 0, FS, V
295.7, 1138, 1, FS, V
295.7, 1895, 2, FS, V
295.7, 1904, 2, FS, V
295.7, 2644, 3, FS, V
295.7, 2658, 3, FS, V
295.7, 3399, 4, FS, V
295.7, 3406, 4, FS, V
295.8, 349, 0, RS, V
295.8, 380, 0, FS, V
295.8, 1125, 1, FS, V
295.8, 1900, 2, FS, V
295.8, 2662, 3, FS, V
295.9, 367, 0, FS, V
295.9, 1120, 1, FS, V
295.9, 1911, 2, LTS, V
295.9, 2650, 3, FS, V
295.9, 3366, 4, RS, V
295.9, 3422, 4, FS, V
295.9, 3467, 4, IB, V
296, 360, 0, FS, V
296, 381, 0, FS, V
296, 1117, 1, FS, V
296, 1140, 1, FS, V
296, 3401, 4, FS, V
296, 3425, 4, FS, V
296.1, 1139, 1, FS, V
296.1, 1146, 1, FS, V
296.1, 1901, 2, FS, V
296.1, 2659, 3, FS, V
296.1, 3408, 4, FS, V
296.2, 364, 0, FS, V
296.2, 365, 0, FS, V
296.2, 1116, 1, FS, V
296.2, 1902, 2, FS, V
296.2, 2639, 3, FS, V
296.3, 1122, 1, FS, V
296.3, 1886, 2, FS, V
296.3, 1889, 2, FS, V
296.3, 3410, 4, FS, V
296.4, 1128, 1, FS, V
296.4, 2668, 3, FS, V
296.5, 1118, 1, FS, V
296.5, 1133, 1, FS, V
296.5, 1142, 1, FS, V
296.5, 2654, 3, FS, V
296.6, 377, 0, FS, V
296.6, 1135, 1, FS, V
296.7, 1890, 2, FS, V
296.8, 355, 0, FS, V
296.8, 1129, 1, FS, V
296.8, 1134, 1, FS, V
296.8, 2645, 3, FS, V
296.9, 1879, 2, FS, V
296.9, 1884, 2, FS, V
296.9, 2667, 3, FS, V
297, 357, 0, FS, V
297, 370, 0, FS, V
297, 2638, 3, FS, V
297, 3424, 4, FS, V
297.1, 372, 0, FS, V
297.1, 374, 0, FS, V
297.1, 1131, 1, FS, V
297.1, 1878, 2, FS, V
297.1, 1892, 2, FS, V
297.1, 2642, 3, FS, V
297.1, 2652, 3, FS, V
297.1, 2657, 3, FS, V
297.1, 2665, 3, FS, V
297.2, 1119, 1, FS, V
297.2, 1883, 2, FS, V
297.2, 1897, 2, FS, V
297.2, 2640, 3, FS, V
297.3, 1136, 1, FS, V
297.3, 1905, 2, FS, V
297.4, 361, 0, FS, V
297.4, 1899, 2, FS, V
297.4, 1906, 2, FS, V
297.4, 3414, 4, FS, V
297.4, 3420, 4, FS, V
297.5, 1143, 1, FS, V
297.5, 1144, 1, FS, V
297.5, 1877, 2, FS, V
297.5, 1881, 2, FS, V
297.5, 2646, 3, FS, V
297.5, 3409, 4, FS, V
297.5, 3411, 4, FS, V
297.5, 3417, 4, FS, V
297.6, 3419, 4, FS, V
297.7, 1141, 1, FS, V
297.7, 1885, 2, FS, V
297.7, 3423, 4, FS, V
297.7, 3429, 4, FS, V
297.8, 1137, 1, FS, V
297.8, 1145, 1, FS, V
297.8, 1891, 2, FS, V
297.8, 1896, 2, FS, V
297.8, 1898, 2, FS, V
297.8, 2655, 3, FS, V
297.9, 375, 0, FS, V
297.9, 1123, 1, FS, V
297.9, 1882, 2, FS, V
297.9, 1887, 2, FS, V
297.9, 1903, 2, FS, V
297.9, 2648, 3, FS, V
298, 1894, 2, FS, V
298, 2666, 3, FS, V
298, 3418, 4, FS, V
298.1, 1893, 2, FS, V
298.1, 2651, 3, FS, V
298.1, 3412, 4, FS, V
298.1, 3415, 4, FS, V
298.2, 1907, 2, FS, V
298.2, 2647, 3, FS, V
298.3, 1888, 2, FS, V
298.3, 2656, 3, FS, V
298.3, 2661, 3, FS, V
298.4, 2641, 3, FS, V
298.4, 2649, 3, FS, V
298.5, 2643, 3, FS, V
298.5, 2663, 3, FS, V
298.5, 2664, 3, FS, V
298.6, 379, 0, FS, V
298.7, 1126, 1, FS, V
298.7, 1127, 1, FS, V
298.7, 1132, 1, FS, V
298.7, 1895, 2, FS, V
298.7, 3403, 4, FS, V
298.8, 356, 0, FS, V
298.8, 376, 0, FS, V
298.8, 1120, 1, FS, V
299, 369, 0, FS, V
299, 383, 0, FS, V
299, 1124, 1, FS, V
299, 1880, 2, FS, V
299, 2658, 3, FS, V
299, 3413, 4, FS, V
299.1, 2653, 3, FS, V
299.2, 384, 0, FS, V
299.2, 385, 0, FS, V
299.2, 2660, 3, FS, V
299.3, 1142, 1, FS, V
299.3, 1900, 2, FS, V
299.5, 1121, 1, FS, V
299.7, 378, 0, FS, V
299.7, 1116, 1, FS, V
299.7, 2644, 3, FS, V
299.8, 1117, 1, FS, V
299.8, 1902, 2, FS, V
299.8, 3402, 4, FS, V
299.9, 1879, 2, FS, V
299.9, 1904, 2, FS, V
300, 1886, 2, FS, V
300, 3421, 4, FS, V
300.1, 1892, 2, FS, V
300.2, 2662, 3, FS, V
300.2, 2667, 3, FS, V
300.2, 3405, 4, FS, V
300.4, 1135, 1, FS, V
300.4, 1890, 2, FS, V
300.4, 1897, 2, FS, V
300.6, 1128, 1, FS, V
300.6, 1905, 2, FS, V
300.7, 382, 0, FS, V
300.7, 1131, 1, FS, V
301, 1119, 1, FS, V
301.2, 2659, 3, FS, V
301.3, 1125, 1, FS, V
301.4, 3399, 4, FS, V
301.5, 3407, 4, FS, V
301.7, 1901, 2, FS, V
301.8, 1130, 1, FS, V
302.1, 1878, 2, FS, V
302.3, 1883, 2, FS, V
302.5, 2655, 3, FS, V
302.6, 2642, 3, FS, V
303.5, 1898, 2, FS, V
303.9, 3404, 4, FS, V
304.1, 2645, 3, FS, V
331.4, 3430, 4, LTS, V
333.7, 2675, 3, LTS, V
334.6, 1148, 1, LTS, V
335.6, 2682, 3, LTS, V
335.7, 2680, 3, LTS, V
336.2, 1918, 2, LTS, V
337.7, 399, 0, LTS, V
337.7, 2670, 3, LTS, V
339.2, 1152, 1, LTS, V
339.3, 3431, 4, LTS, V
339.9, 387, 0, LTS, V
340.3, 1919, 2, LTS, V
341.1, 1153, 1, LTS, V
341.3, 1908, 2, LTS, V
342.2, 1921, 2, LTS, V
342.2, 2678, 3, LTS, V
342.4, 1160, 1, LTS, V
342.7, 1151, 1, LTS, V
344.1, 1155, 1, LTS, V
344.2, 1915, 2, LTS, V
344.9, 2674, 3, LTS, V
346.4, 386, 0, LTS, V
346.6, 1917, 2, LTS, V
347.3, 394, 0, LTS, V
347.8, 1147, 1, LTS, V
349.3, 1913, 2, LTS, V
356.1, 2669, 3, LTS, V
356.5, 2677, 3, LTS, V
360, 391, 0, LTS, V
360, 1920, 2, LTS, V
366.9, 2673, 3, LTS, V
370.6, 3435, 4, LTS, V
376.9, 389, 0, LTS, V
383.2, 3434, 4, LTS, V
396.5, 1156, 1, LTS, V
398.3, 3439, 4, LTS, V
413.7, 393, 0, LTS, V
413.7, 2682, 3, LTS, V
414.5, 392, 0, LTS, V
421.3, 3437, 4, LTS, V
422.9, 1154, 1, LTS, V
434.1, 3438, 4, LTS, V
442.9, 2676, 3, LTS, V
446.5, 387, 0, LTS, V
448.3, 2680, 3, LTS, V
449.9, 399, 0, LTS, V
451.2, 3431, 4, LTS, V
451.6, 1047, 1, RS, V
456.6, 1909, 2, LTS, V
457.8, 1147, 1, LTS, V
459.1, 3443, 4, LTS, V
460.7, 1911, 2, LTS, V
463.4, 1160, 1, LTS, V
467.6, 2669, 3, LTS, V
472.3, 394, 0, LTS, V
483.8, 3398, 4, RS, V
501.8, 1918, 2, LTS, V
502, 3376, 4, RS, V
505.8, 3430, 4, LTS, V
519.6, 393, 0, LTS, V
521.4, 425, 0, IB, V
523.1, 2682, 3, LTS, V
523.2, 1109, 1, RS, V
529.5, 1148, 1, LTS, V
530.6, 321, 0, RS, V
530.8, 1150, 1, LTS, V
536, 1153, 1, LTS, V
538.7, 1160, 1, LTS, V
541.1, 3437, 4, LTS, V
545.6, 1925, 2, IB, V
547.3, 1846, 2, RS, V
549.9, 3431, 4, LTS, V
550.9, 1192, 1, IB, V
555.6, 2676, 3, LTS, V
556.8, 2677, 3, LTS, V
567.9, 1191, 1, IB, V
568.8, 395, 0, LTS, V
569.1, 332, 0, RS, V
569.2, 1147, 1, LTS, V
573.8, 1908, 2, LTS, V
576.2, 397, 0, LTS, V
577.7, 3430, 4, LTS, V
578.3, 1909, 2, LTS, V
579.9, 394, 0, LTS, V
583.8, 399, 0, LTS, V
584.3, 1154, 1, LTS, V
584.4, 2670, 3, LTS, V
591.4, 2686, 3, IB, V
591.5, 2682, 3, LTS, V
602.5, 2669, 3, LTS, V
602.7, 1155, 1, LTS, V
603.3, 1151, 1, LTS, V
604, 1915, 2, LTS, V
611.3, 1853, 2, RS, V
618.4, 387, 0, LTS, V
620.4, 2575, 3, RS, V
626.1, 3431, 4, LTS, V
628, 1911, 2, LTS, V
630.2, 3443, 4, LTS, V
630.4, 1097, 1, RS, V
638.2, 2671, 3, LTS, V
648, 2684, 3, IB, V
648.7, 2689, 3, IB, V
652, 1147, 1, LTS, V
655.3, 393, 0, LTS, V
658.1, 306, 0, RS, V
662.5, 1160, 1, LTS, V
664.4, 2566, 3, RS, V
665.4, 1148, 1, LTS, V
665.8, 398, 0, LTS, V
666.7, 3437, 4, LTS, V
670, 2589, 3, RS, V
684, 2681, 3, LTS, V
684.9, 2586, 3, RS, V
686.8, 2676, 3, LTS, V
693.7, 1150, 1, LTS, V
693.9, 1117, 1, FS, V
695.8, 2677, 3, LTS, V
697.2, 1916, 2, LTS, V
700.7, 399, 0, LTS, V
701.7, 2712, 3, IB, V
703, 310, 0, RS, V
706, 3430, 4, LTS, V
707.3, 276, 0, RS, V
712.3, 393, 0, LTS, V
719.2, 2598, 3, RS, V
719.4, 3431, 4, LTS, V
727.9, 2626, 3, RS, V
729.2, 2682, 3, LTS, V
730.8, 2669, 3, LTS, V
731.9, 1909, 2, LTS, V
734.7, 2579, 3, RS, V
740.8, 1155, 1, LTS, V
742.1, 1804, 2, RS, V
745.3, 2670, 3, LTS, V
750.3, 3435, 4, LTS, V
765.2, 397, 0, LTS, V
769.4, 3443, 4, LTS, V
770.7, 1154, 1, LTS, V
770.7, 3374, 4, RS, V
771.8, 1914, 2, LTS, V
773, 1915, 2, LTS, V
785.6, 1147, 1, LTS, V
788, 275, 0, RS, V
788.7, 3434, 4, LTS, V
794.1, 2684, 3, IB, V
794.4, 399, 0, LTS, V
796.2, 3438, 4, LTS, V
796.5, 1160, 1, LTS, V
799.8, 1156, 1, LTS, V
801.4, 1908, 2, LTS, V
801.5, 2676, 3, LTS, V
802.3, 394, 0, LTS, V
806, 3445, 4, IB, V
807.7, 1911, 2, LTS, V
808.8, 1951, 2, IB, V
809.9, 3437, 4, LTS, V
820.3, 1860, 2, RS, V
823, 386, 0, LTS, V
825.6, 3431, 4, LTS, V
825.7, 1909, 2, LTS, V
828, 1934, 2, IB, V
829.6, 393, 0, LTS, V
830.9, 395, 0, LTS, V
832.9, 1916, 2, LTS, V
836.4, 387, 0, LTS, V
837.9, 1926, 2, IB, V
841.6, 3430, 4, LTS, V
841.8, 1810, 2, RS, V
842, 2669, 3, LTS, V
844.1, 1921, 2, LTS, V
852.7, 1917, 2, LTS, V
854.8, 3347, 4, RS, V
855, 1042, 1, RS, V
856.9, 3441, 4, LTS, V
857.5, 1804, 2, RS, V
861.1, 1075, 1, RS, V
871, 3386, 4, RS, V
871.4, 1155, 1, LTS, V
872.1, 3460, 4, IB, V
888.4, 1147, 1, LTS, V
889.4, 293, 0, RS, V
889.5, 289, 0, RS, V
889.8, 3468, 4, IB, V
890.9, 1191, 1, IB, V
891.1, 1160, 1, LTS, V
893, 3443, 4, LTS, V
893.1, 3365, 4, RS, V
897.3, 399, 0, LTS, V
897.3, 3382, 4, RS, V
897.7, 1149, 1, LTS, V
900.1, 3437, 4, LTS, V
901.6, 2674, 3, LTS, V
903.8, 1062, 1, RS, V
905.1, 320, 0, RS, V
906.6, 1826, 2, RS, V
908.7, 3343, 4, RS, V
910.3, 3431, 4, LTS, V
913, 386, 0, LTS, V
915.2, 3383, 4, RS, V
922.2, 387, 0, LTS, V
922.2, 3458, 4, IB, V
923.9, 321, 0, RS, V
924.1, 393, 0, LTS, V
925, 1915, 2, LTS, V
931, 1912, 2, LTS, V
935.3, 1033, 1, RS, V
935.3, 2682, 3, LTS, V
936, 3434, 4, LTS, V
937.4, 3438, 4, LTS, V
939.7, 1921, 2, LTS, V
939.7, 2578, 3, RS, V
939.9, 2592, 3, RS, V
944.8, 1908, 2, LTS, V
945.2, 344, 0, RS, V
947.7, 1813, 2, RS, V
959.5, 1148, 1, LTS, V
969, 394, 0, LTS, V
970.3, 1109, 1, RS, V
977.2, 2669, 3, LTS, V
978.6, 1913, 2, LTS, V
978.7, 2670, 3, LTS, V
979.5, 3415, 4, FS, V
986.4, 3443, 4, LTS, V
989.5, 1179, 1, IB, V
996.9, 2677, 3, LTS, V
997.5, 1111, 1, RS, V
997.9, 429, 0, IB, V
