12.5, 2681, 3, LTS, V
12.6, 3306, 4, LTS, VI
12.9, 255, 0, LTS, VI
14.7, 264, 0, LTS, VI
15.5, 1159, 1, LTS, V
15.7, 2533, 3, LTS, VI
18.7, 3294, 4, LTS, VI
20.8, 1161, 1, LTS, V
22.4, 3308, 4, LTS, VI
23, 2822, 3, LTS, IV
24.5, 260, 0, LTS, VI
28.7, 2683, 3, LTS, V
29.4, 1157, 1, LTS, V
36.6, 3583, 4, LTS, IV
38.5, 262, 0, LTS, VI
39.3, 250, 0, LTS, VI
39.6, 2547, 3, LTS, VI
39.7, 541, 0, LTS, IV
40.6, 1299, 1, LTS, IV
41.1, 267, 0, LTS, VI
47.9, 3446, 4, LTS, V
48.6, 2543, 3, LTS, VI
49, 398, 0, LTS, V
51.5, 3043, 3, LTS, III
52.6, 1028, 1, LTS, VI
55.7, 3315, 4, LTS, VI
56.6, 749, 0, LTS, III
58.7, 538, 0, LTS, IV
60.6, 753, 0, LTS, III
61.9, 1513, 1, LTS, III
63.2, 3442, 4, LTS, V
65, 1302, 1, LTS, IV
65.3, 1030, 1, LTS, VI
67.1, 3585, 4, LTS, IV
68.4, 752, 0, LTS, III
75.4, 1158, 1, LTS, V
75.7, 2679, 3, LTS, V
77.6, 2545, 3, LTS, VI
83.1, 257, 0, LTS, VI
91.3, 3444, 4, LTS, V
92.7, 1023, 1, LTS, VI
92.7, 1163, 1, LTS, V
93.1, 402, 0, LTS, V
93.9, 2554, 3, LTS, VI
94.4, 3797, 4, LTS, III
95.6, 1306, 1, LTS, IV
99.6, 3441, 4, LTS, V
101.4, 537, 0, LTS, IV
103.6, 1198, 1, RS, IV
104, 1210, 1, RS, IV
104, 1229, 1, RS, IV
104.4, 1221, 1, RS, IV
104.5, 1232, 1, RS, IV
104.5, 1256, 1, RS, IV
104.6, 1245, 1, RS, IV
104.6, 1247, 1, RS, IV
104.6, 1249, 1, RS, IV
104.7, 1193, 1, RS, IV
104.7, 1276, 1, RS, IV
104.9, 1234, 1, RS, IV
104.9, 1253, 1, RS, IV
104.9, 1278, 1, RS, IV
105, 1201, 1, RS, IV
105, 1292, 1, FS, IV
105, 3607, 4, RS, III
105.1, 1226, 1, RS, IV
105.1, 1271, 1, RS, IV
105.1, 1288, 1, FS, IV
105.2, 1143, 1, FS, V
105.2, 1233, 1, RS, IV
105.2, 1257, 1, RS, IV
105.2, 1262, 1, RS, IV
105.3, 1196, 1, RS, IV
105.3, 1197, 1, RS, IV
105.3, 1244, 1, RS, IV
105.3, 1251, 1, RS, IV
105.3, 1270, 1, RS, IV
105.4, 1203, 1, RS, IV
105.4, 1212, 1, RS, IV
105.4, 1216, 1, RS, IV
105.4, 1237, 1, RS, IV
105.4, 1240, 1, RS, IV
105.4, 1241, 1, RS, IV
105.4, 1243, 1, RS, IV
105.4, 1263, 1, RS, IV
105.4, 1264, 1, RS, IV
105.4, 1267, 1, RS, IV
105.5, 1211, 1, RS, IV
105.5, 1224, 1, RS, IV
105.5, 1252, 1, RS, IV
105.6, 1200, 1, RS, IV
105.6, 1206, 1, RS, IV
105.6, 1254, 1, RS, IV
105.7, 1213, 1, RS, IV
105.7, 1222, 1, RS, IV
105.7, 1266, 1, RS, IV
105.7, 1296, 1, FS, IV
105.8, 1228, 1, RS, IV
105.8, 1269, 1, RS, IV
105.8, 1277, 1, RS, IV
105.8, 1295, 1, FS, IV
105.9, 1220, 1, RS, IV
105.9, 1236, 1, RS, IV
105.9, 1258, 1, RS, IV
106, 1149, 1, FS, V
106, 1217, 1, RS, IV
106, 1230, 1, RS, IV
106, 1255, 1, RS, IV
106, 1279, 1, RS, IV
106, 1281, 1, RS, IV
106, 1290, 1, FS, IV
106.1, 1194, 1, RS, IV
106.1, 1204, 1, RS, IV
106.1, 1207, 1, RS, IV
106.1, 1214, 1, RS, IV
106.1, 1218, 1, RS, IV
106.1, 1265, 1, RS, IV
106.1, 1273, 1, RS, IV
106.2, 504, 0, RS, IV
106.2, 1259, 1, RS, IV
106.2, 1286, 1, FS, IV
106.3, 1231, 1, RS, IV
106.3, 1238, 1, RS, IV
106.3, 1284, 1, FS, IV
106.4, 1148, 1, FS, V
106.4, 1282, 1, RS, IV
106.5, 1289, 1, FS, IV
106.5, 1293, 1, FS, IV
106.6, 1147, 1, FS, V
106.6, 1287, 1, FS, IV
106.7, 1141, 1, FS, V
106.7, 1150, 1, FS, V
106.7, 1202, 1, RS, IV
106.7, 1208, 1, RS, IV
106.7, 1215, 1, RS, IV
106.7, 1239, 1, RS, IV
106.7, 1261, 1, RS, IV
106.8, 434, 0, RS, IV
106.8, 1199, 1, RS, IV
106.8, 1235, 1, RS, IV
106.8, 1246, 1, RS, IV
106.8, 1285, 1, FS, IV
106.9, 1125, 1, FS, V
106.9, 1225, 1, RS, IV
106.9, 1283, 1, FS, IV
106.9, 3308, 4, LTS, VI
107, 1205, 1, RS, IV
107, 1209, 1, RS, IV
107, 1223, 1, RS, IV
107.1, 1131, 1, FS, V
107.1, 1195, 1, RS, IV
107.1, 1291, 1, FS, IV
107.1, 1294, 1, FS, IV
107.2, 1227, 1, RS, IV
107.3, 1138, 1, FS, V
107.4, 505, 0, RS, IV
107.4, 1275, 1, RS, IV
107.5, 1274, 1, RS, IV
107.6, 1135, 1, FS, V
107.6, 1248, 1, RS, IV
107.8, 1146, 1, FS, V
107.8, 1280, 1, RS, IV
107.9, 1250, 1, RS, IV
107.9, 1260, 1, RS, IV
107.9, 1292, 1, FS, IV
108, 1219, 1, RS, IV
108, 1242, 1, RS, IV
108, 1288, 1, FS, IV
108.2, 534, 0, FS, IV
108.3, 1272, 1, RS, IV
108.4, 530, 0, FS, IV
108.4, 1140, 1, FS, V
108.5, 517, 0, RS, IV
108.5, 1128, 1, FS, V
108.6, 525, 0, FS, IV
108.6, 1268, 1, RS, IV
108.6, 1296, 1, FS, IV
108.6, 1366, 1, RS, III
108.7, 1295, 1, FS, IV
108.7, 1395, 1, RS, III
108.8, 522, 0, FS, IV
108.8, 524, 0, FS, IV
108.8, 1122, 1, FS, V
108.9, 528, 0, FS, IV
108.9, 1290, 1, FS, IV
108.9, 1440, 1, RS, III
108.9, 1483, 1, FS, III
109, 1133, 1, FS, V
109, 1298, 1, LTS, IV
109, 1428, 1, RS, III
109.1, 452, 0, RS, IV
109.1, 526, 0, FS, IV
109.1, 531, 0, FS, IV
109.1, 532, 0, FS, IV
109.1, 535, 0, FS, IV
109.1, 1130, 1, FS, V
109.1, 1286, 1, FS, IV
109.2, 533, 0, FS, IV
109.2, 1284, 1, FS, IV
109.2, 1301, 1, LTS, IV
109.2, 1372, 1, RS, III
109.2, 1399, 1, RS, III
109.2, 1446, 1, RS, III
109.2, 1472, 1, RS, III
109.3, 480, 0, RS, IV
109.3, 523, 0, FS, IV
109.3, 1303, 1, LTS, IV
109.3, 1319, 1, RS, III
109.3, 1357, 1, RS, III
109.3, 1382, 1, RS, III
109.3, 1387, 1, RS, III
109.3, 1391, 1, RS, III
109.3, 1404, 1, RS, III
109.3, 1460, 1, RS, III
109.3, 1470, 1, RS, III
109.3, 1478, 1, FS, III
109.3, 1499, 1, FS, III
109.4, 527, 0, FS, IV
109.4, 529, 0, FS, IV
109.4, 1289, 1, FS, IV
109.4, 1293, 1, FS, IV
109.4, 1297, 1, LTS, IV
109.4, 1314, 1, RS, III
109.4, 1355, 1, RS, III
109.4, 1375, 1, RS, III
109.4, 1408, 1, RS, III
109.4, 1480, 1, FS, III
109.4, 1489, 1, FS, III
109.5, 507, 0, RS, IV
109.5, 1287, 1, FS, IV
109.5, 1311, 1, RS, III
109.5, 1317, 1, RS, III
109.5, 1328, 1, RS, III
109.5, 1338, 1, RS, III
109.5, 1348, 1, RS, III
109.5, 1367, 1, RS, III
109.5, 1388, 1, RS, III
109.5, 1394, 1, RS, III
109.5, 1405, 1, RS, III
109.5, 1412, 1, RS, III
109.5, 1442, 1, RS, III
109.5, 1481, 1, FS, III
109.5, 1486, 1, FS, III
109.5, 1495, 1, FS, III
109.6, 1300, 1, LTS, IV
109.6, 1337, 1, RS, III
109.6, 1402, 1, RS, III
109.6, 1421, 1, RS, III
109.6, 1435, 1, RS, III
109.6, 1451, 1, RS, III
109.6, 1484, 1, FS, III
109.6, 1494, 1, FS, III
109.7, 445, 0, RS, IV
109.7, 1285, 1, FS, IV
109.7, 1331, 1, RS, III
109.7, 1344, 1, RS, III
109.7, 1418, 1, RS, III
109.7, 1430, 1, RS, III
109.7, 1431, 1, RS, III
109.7, 1437, 1, RS, III
109.7, 1439, 1, RS, III
109.7, 1459, 1, RS, III
109.7, 1462, 1, RS, III
109.7, 1468, 1, RS, III
109.7, 1476, 1, RS, III
109.7, 1487, 1, FS, III
109.7, 1491, 1, FS, III
109.7, 1497, 1, FS, III
109.7, 1498, 1, FS, III
109.8, 474, 0, RS, IV
109.8, 1283, 1, FS, IV
109.8, 1308, 1, RS, III
109.8, 1315, 1, RS, III
109.8, 1323, 1, RS, III
109.8, 1332, 1, RS, III
109.8, 1346, 1, RS, III
109.8, 1364, 1, RS, III
109.8, 1384, 1, RS, III
109.8, 1396, 1, RS, III
109.8, 1401, 1, RS, III
109.8, 1406, 1, RS, III
109.8, 1414, 1, RS, III
109.8, 1417, 1, RS, III
109.9, 1299, 1, LTS, IV
109.9, 1305, 1, LTS, IV
109.9, 1316, 1, RS, III
109.9, 1330, 1, RS, III
109.9, 1333, 1, RS, III
109.9, 1335, 1, RS, III
109.9, 1341, 1, RS, III
109.9, 1353, 1, RS, III
109.9, 1374, 1, RS, III
109.9, 1378, 1, RS, III
109.9, 1386, 1, RS, III
109.9, 1389, 1, RS, III
109.9, 1392, 1, RS, III
109.9, 1393, 1, RS, III
109.9, 1419, 1, RS, III
109.9, 1423, 1, RS, III
109.9, 1425, 1, RS, III
109.9, 1432, 1, RS, III
109.9, 1443, 1, RS, III
109.9, 1465, 1, RS, III
109.9, 1466, 1, RS, III
109.9, 1471, 1, RS, III
109.9, 1477, 1, RS, III
109.9, 1488, 1, FS, III
110, 1145, 1, FS, V
110, 1291, 1, FS, IV
110, 1294, 1, FS, IV
110, 1318, 1, RS, III
110, 1321, 1, RS, III
110, 1349, 1, RS, III
110, 1354, 1, RS, III
110, 1358, 1, RS, III
110, 1361, 1, RS, III
110, 1448, 1, RS, III
110, 1463, 1, RS, III
110, 1482, 1, FS, III
110.1, 1334, 1, RS, III
110.1, 1343, 1, RS, III
110.1, 1362, 1, RS, III
110.1, 1373, 1, RS, III
110.1, 1376, 1, RS, III
110.1, 1379, 1, RS, III
110.1, 1409, 1, RS, III
110.1, 1436, 1, RS, III
110.1, 1450, 1, RS, III
110.1, 1502, 1, FS, III
110.2, 1342, 1, RS, III
110.2, 1350, 1, RS, III
110.2, 1351, 1, RS, III
110.2, 1416, 1, RS, III
110.2, 1447, 1, RS, III
110.2, 1454, 1, RS, III
110.3, 1304, 1, LTS, IV
110.3, 1310, 1, RS, III
110.3, 1312, 1, RS, III
110.3, 1370, 1, RS, III
110.3, 1415, 1, RS, III
110.3, 1422, 1, RS, III
110.3, 1424, 1, RS, III
110.3, 1426, 1, RS, III
110.3, 1434, 1, RS, III
110.4, 1326, 1, RS, III
110.4, 1411, 1, RS, III
110.4, 1429, 1, RS, III
110.4, 1438, 1, RS, III
110.4, 1456, 1, RS, III
110.5, 1336, 1, RS, III
110.5, 1359, 1, RS, III
110.5, 1371, 1, RS, III
110.5, 1403, 1, RS, III
110.5, 1490, 1, FS, III
110.6, 1309, 1, RS, III
110.6, 1356, 1, RS, III
110.6, 1441, 1, RS, III
110.6, 1461, 1, RS, III
110.6, 1475, 1, RS, III
110.7, 433, 0, RS, IV
110.7, 1307, 1, RS, III
110.7, 1327, 1, RS, III
110.7, 1377, 1, RS, III
110.7, 1400, 1, RS, III
110.7, 1455, 1, RS, III
110.7, 1474, 1, RS, III
110.7, 1496, 1, FS, III
110.8, 1292, 1, FS, IV
110.8, 1345, 1, RS, III
110.8, 1363, 1, RS, III
110.8, 1368, 1, RS, III
110.8, 1449, 1, RS, III
110.8, 1500, 1, FS, III
110.9, 1288, 1, FS, IV
110.9, 1324, 1, RS, III
110.9, 1369, 1, RS, III
110.9, 1398, 1, RS, III
110.9, 1410, 1, RS, III
110.9, 1492, 1, FS, III
110.9, 1504, 1, FS, III
111, 1452, 1, RS, III
111, 1457, 1, RS, III
111.1, 534, 0, FS, IV
111.1, 1302, 1, LTS, IV
111.1, 1360, 1, RS, III
111.1, 1380, 1, RS, III
111.1, 1397, 1, RS, III
111.1, 1407, 1, RS, III
111.1, 1413, 1, RS, III
111.1, 1433, 1, RS, III
111.1, 1469, 1, RS, III
111.2, 1503, 1, FS, III
111.3, 530, 0, FS, IV
111.3, 1278, 1, RS, IV
111.3, 1313, 1, RS, III
111.3, 1339, 1, RS, III
111.3, 1464, 1, RS, III
111.4, 1271, 1, RS, IV
111.4, 1329, 1, RS, III
111.4, 1340, 1, RS, III
111.4, 1420, 1, RS, III
111.4, 1479, 1, FS, III
111.5, 525, 0, FS, IV
111.5, 1296, 1, FS, IV
111.5, 1320, 1, RS, III
111.5, 1325, 1, RS, III
111.5, 1347, 1, RS, III
111.5, 1352, 1, RS, III
111.5, 1381, 1, RS, III
111.5, 1445, 1, RS, III
111.6, 1196, 1, RS, IV
111.6, 1295, 1, FS, IV
111.6, 1385, 1, RS, III
111.7, 522, 0, FS, IV
111.7, 524, 0, FS, IV
111.7, 1473, 1, RS, III
111.8, 528, 0, FS, IV
111.8, 1290, 1, FS, IV
111.8, 1322, 1, RS, III
111.8, 1483, 1, FS, III
111.9, 1444, 1, RS, III
111.9, 1453, 1, RS, III
112, 526, 0, FS, IV
112, 531, 0, FS, IV
112, 532, 0, FS, IV
112, 535, 0, FS, IV
112, 1251, 1, RS, IV
112, 1286, 1, FS, IV
112, 1390, 1, RS, III
112, 1458, 1, RS, III
112, 1493, 1, FS, III
112.1, 533, 0, FS, IV
112.1, 1284, 1, FS, IV
112.2, 523, 0, FS, IV
112.2, 1499, 1, FS, III
112.2, 1501, 1, FS, III
112.3, 527, 0, FS, IV
112.3, 529, 0, FS, IV
112.3, 1255, 1, RS, IV
112.3, 1289, 1, FS, IV
112.3, 1293, 1, FS, IV
112.3, 1480, 1, FS, III
112.3, 1489, 1, FS, III
112.4, 1287, 1, FS, IV
112.4, 1486, 1, FS, III
112.4, 1495, 1, FS, III
112.5, 1365, 1, RS, III
112.5, 1427, 1, RS, III
112.5, 1481, 1, FS, III
112.5, 1494, 1, FS, III
112.6, 1285, 1, FS, IV
112.6, 1487, 1, FS, III
112.6, 1491, 1, FS, III
112.7, 1282, 1, RS, IV
112.7, 1283, 1, FS, IV
112.8, 1055, 1, RS, V
112.8, 1488, 1, FS, III
112.8, 2806, 3, FS, IV
112.9, 1291, 1, FS, IV
112.9, 1294, 1, FS, IV
112.9, 1482, 1, FS, III
113, 1191, 1, IB, V
113, 1383, 1, RS, III
113, 1498, 1, FS, III
113, 2681, 3, LTS, V
113.1, 1043, 1, RS, V
113.1, 1167, 1, IB, V
113.1, 1478, 1, FS, III
113.1, 1497, 1, FS, III
113.1, 2249, 2, FS, III
113.2, 719, 0, FS, III
113.2, 1034, 1, RS, V
113.2, 1048, 1, RS, V
113.2, 1073, 1, RS, V
113.2, 1093, 1, RS, V
113.2, 1485, 1, FS, III
113.2, 2814, 3, FS, IV
113.3, 717, 0, FS, III
113.3, 731, 0, FS, III
113.3, 1069, 1, RS, V
113.3, 1070, 1, RS, V
113.3, 1076, 1, RS, V
113.3, 1169, 1, IB, V
113.3, 1178, 1, IB, V
113.3, 1205, 1, RS, IV
113.4, 1051, 1, RS, V
113.4, 1054, 1, RS, V
113.4, 1064, 1, RS, V
113.4, 1091, 1, RS, V
113.4, 1099, 1, RS, V
113.4, 1110, 1, RS, V
113.4, 1180, 1, IB, V
113.5, 725, 0, FS, III
113.5, 735, 0, FS, III
113.5, 741, 0, FS, III
113.5, 1039, 1, RS, V
113.5, 1066, 1, RS, V
113.5, 1072, 1, RS, V
113.5, 1085, 1, RS, V
113.5, 1096, 1, RS, V
113.5, 1106, 1, RS, V
113.5, 1113, 1, RS, V
113.5, 1171, 1, IB, V
113.5, 1174, 1, IB, V
113.5, 2239, 2, FS, III
113.5, 2261, 2, FS, III
113.5, 2816, 3, FS, IV
113.6, 718, 0, FS, III
113.6, 1049, 1, RS, V
113.6, 1111, 1, RS, V
113.6, 1116, 1, RS, V
113.6, 1170, 1, IB, V
113.7, 722, 0, FS, III
113.7, 738, 0, FS, III
113.7, 1037, 1, RS, V
113.7, 1084, 1, RS, V
113.7, 1089, 1, RS, V
113.7, 1172, 1, IB, V
113.7, 1175, 1, IB, V
113.7, 1187, 1, IB, V
113.7, 1467, 1, RS, III
113.7, 1484, 1, FS, III
113.7, 1500, 1, FS, III
113.7, 2243, 2, FS, III
113.8, 1033, 1, RS, V
113.8, 1045, 1, RS, V
113.8, 1046, 1, RS, V
113.8, 1058, 1, RS, V
113.8, 1062, 1, RS, V
113.8, 1074, 1, RS, V
113.8, 1087, 1, RS, V
113.8, 1108, 1, RS, V
113.8, 1120, 1, RS, V
113.8, 1176, 1, IB, V
113.8, 1185, 1, IB, V
113.8, 1298, 1, LTS, IV
113.8, 2253, 2, FS, III
113.9, 726, 0, FS, III
113.9, 733, 0, FS, III
113.9, 1047, 1, RS, V
113.9, 1059, 1, RS, V
113.9, 1104, 1, RS, V
113.9, 1168, 1, IB, V
113.9, 1182, 1, IB, V
113.9, 1184, 1, IB, V
113.9, 1496, 1, FS, III
113.9, 2240, 2, FS, III
113.9, 2250, 2, FS, III
113.9, 2252, 2, FS, III
113.9, 2257, 2, FS, III
113.9, 2265, 2, FS, III
114, 737, 0, FS, III
114, 742, 0, FS, III
114, 1050, 1, RS, V
114, 1053, 1, RS, V
114, 1057, 1, RS, V
114, 1061, 1, RS, V
114, 1088, 1, RS, V
114, 1107, 1, RS, V
114, 1112, 1, RS, V
114, 1119, 1, RS, V
114, 1181, 1, IB, V
114, 1301, 1, LTS, IV
114, 1504, 1, FS, III
114, 2262, 2, FS, III
114.1, 727, 0, FS, III
114.1, 730, 0, FS, III
114.1, 739, 0, FS, III
114.1, 1082, 1, RS, V
114.1, 1083, 1, RS, V
114.1, 1101, 1, RS, V
114.1, 1188, 1, IB, V
114.1, 1189, 1, IB, V
114.1, 2241, 2, FS, III
114.1, 2244, 2, FS, III
114.2, 720, 0, FS, III
114.2, 723, 0, FS, III
114.2, 734, 0, FS, III
114.2, 736, 0, FS, III
114.2, 743, 0, FS, III
114.2, 1036, 1, RS, V
114.2, 1041, 1, RS, V
114.2, 1052, 1, RS, V
114.2, 1067, 1, RS, V
114.2, 1071, 1, RS, V
114.2, 1075, 1, RS, V
114.2, 1094, 1, RS, V
114.2, 1095, 1, RS, V
114.2, 1098, 1, RS, V
114.2, 1105, 1, RS, V
114.2, 1186, 1, IB, V
114.2, 1297, 1, LTS, IV
114.2, 1303, 1, LTS, IV
114.2, 2242, 2, FS, III
114.2, 2246, 2, FS, III
114.2, 2247, 2, FS, III
114.2, 2260, 2, FS, III
114.3, 721, 0, FS, III
114.3, 728, 0, FS, III
114.3, 740, 0, FS, III
114.3, 1035, 1, RS, V
114.3, 1040, 1, RS, V
114.3, 1056, 1, RS, V
114.3, 1077, 1, RS, V
114.3, 1078, 1, RS, V
114.3, 1080, 1, RS, V
114.3, 1190, 1, IB, V
114.4, 581, 0, RS, III
114.4, 1042, 1, RS, V
114.4, 1044, 1, RS, V
114.4, 1090, 1, RS, V
114.4, 1114, 1, RS, V
114.4, 1115, 1, RS, V
114.4, 1177, 1, IB, V
114.4, 1192, 1, IB, V
114.4, 1300, 1, LTS, IV
114.4, 2251, 2, FS, III
114.4, 2259, 2, FS, III
114.5, 729, 0, FS, III
114.5, 732, 0, FS, III
114.5, 1063, 1, RS, V
114.5, 1079, 1, RS, V
114.5, 1173, 1, IB, V
114.5, 2245, 2, FS, III
114.5, 2255, 2, FS, III
114.5, 2263, 2, FS, III
114.5, 2812, 3, FS, IV
114.6, 1038, 1, RS, V
114.6, 1068, 1, RS, V
114.6, 1081, 1, RS, V
114.6, 1086, 1, RS, V
114.6, 1097, 1, RS, V
114.6, 1103, 1, RS, V
114.6, 1183, 1, IB, V
114.6, 2248, 2, FS, III
114.7, 1060, 1, RS, V
114.7, 1065, 1, RS, V
114.7, 1117, 1, RS, V
114.7, 1118, 1, RS, V
114.7, 1179, 1, IB, V
114.7, 2254, 2, FS, III
114.7, 2264, 2, FS, III
114.8, 709, 0, RS, III
114.8, 1092, 1, RS, V
114.8, 1102, 1, RS, V
114.8, 1121, 1, RS, V
114.8, 2256, 2, FS, III
114.9, 1366, 1, RS, III
114.9, 1493, 1, FS, III
114.9, 1503, 1, FS, III
115, 724, 0, FS, III
115, 1100, 1, RS, V
115, 1109, 1, RS, V
115, 1395, 1, RS, III
115.2, 1440, 1, RS, III
115.2, 1489, 1, FS, III
115.3, 1428, 1, RS, III
115.4, 573, 0, RS, III
115.4, 2544, 3, LTS, VI
115.4, 3007, 3, FS, III
115.4, 3022, 3, FS, III
115.5, 663, 0, RS, III
115.5, 1372, 1, RS, III
115.5, 1399, 1, RS, III
115.5, 1446, 1, RS, III
115.5, 1472, 1, RS, III
115.5, 2258, 2, FS, III
115.5, 3006, 3, FS, III
115.6, 1319, 1, RS, III
115.6, 1357, 1, RS, III
115.6, 1382, 1, RS, III
115.6, 1387, 1, RS, III
115.6, 1391, 1, RS, III
115.6, 1404, 1, RS, III
115.6, 1460, 1, RS, III
115.6, 1470, 1, RS, III
115.7, 1126, 1, FS, V
115.7, 1314, 1, RS, III
115.7, 1355, 1, RS, III
115.7, 1375, 1, RS, III
115.7, 1408, 1, RS, III
115.7, 1480, 1, FS, III
115.7, 3009, 3, FS, III
115.8, 588, 0, RS, III
115.8, 1311, 1, RS, III
115.8, 1317, 1, RS, III
115.8, 1328, 1, RS, III
115.8, 1338, 1, RS, III
115.8, 1348, 1, RS, III
115.8, 1367, 1, RS, III
115.8, 1388, 1, RS, III
115.8, 1394, 1, RS, III
115.8, 1405, 1, RS, III
115.8, 1412, 1, RS, III
115.8, 1442, 1, RS, III
115.9, 641, 0, RS, III
115.9, 1337, 1, RS, III
115.9, 1402, 1, RS, III
115.9, 1421, 1, RS, III
115.9, 1435, 1, RS, III
115.9, 1451, 1, RS, III
115.9, 1501, 1, FS, III
116, 667, 0, RS, III
116, 1331, 1, RS, III
116, 1344, 1, RS, III
116, 1418, 1, RS, III
116, 1430, 1, RS, III
116, 1431, 1, RS, III
116, 1437, 1, RS, III
116, 1439, 1, RS, III
116, 1459, 1, RS, III
116, 1462, 1, RS, III
116, 1468, 1, RS, III
116, 1476, 1, RS, III
116, 2249, 2, FS, III
116, 3016, 3, FS, III
116.1, 682, 0, RS, III
116.1, 719, 0, FS, III
116.1, 1129, 1, FS, V
116.1, 1308, 1, RS, III
116.1, 1315, 1, RS, III
116.1, 1323, 1, RS, III
116.1, 1332, 1, RS, III
116.1, 1346, 1, RS, III
116.1, 1364, 1, RS, III
116.1, 1384, 1, RS, III
116.1, 1396, 1, RS, III
116.1, 1401, 1, RS, III
116.1, 1406, 1, RS, III
116.1, 1414, 1, RS, III
116.1, 1417, 1, RS, III
116.1, 3000, 3, FS, III
116.2, 717, 0, FS, III
116.2, 731, 0, FS, III
116.2, 1139, 1, FS, V
116.2, 1144, 1, FS, V
116.2, 1151, 1, FS, V
116.2, 1316, 1, RS, III
116.2, 1330, 1, RS, III
116.2, 1333, 1, RS, III
116.2, 1335, 1, RS, III
116.2, 1341, 1, RS, III
116.2, 1353, 1, RS, III
116.2, 1374, 1, RS, III
116.2, 1386, 1, RS, III
116.2, 1389, 1, RS, III
116.2, 1392, 1, RS, III
116.2, 1393, 1, RS, III
116.2, 1419, 1, RS, III
116.2, 1423, 1, RS, III
116.2, 1425, 1, RS, III
116.2, 1432, 1, RS, III
116.2, 1443, 1, RS, III
116.2, 1466, 1, RS, III
116.2, 1471, 1, RS, III
116.2, 1477, 1, RS, III
116.2, 1482, 1, FS, III
116.2, 3011, 3, FS, III
116.3, 664, 0, RS, III
116.3, 1127, 1, FS, V
116.3, 1128, 1, FS, V
116.3, 1131, 1, FS, V
116.3, 1135, 1, FS, V
116.3, 1136, 1, FS, V
116.3, 1146, 1, FS, V
116.3, 1147, 1, FS, V
116.3, 1149, 1, FS, V
116.3, 1150, 1, FS, V
116.3, 1321, 1, RS, III
116.3, 1349, 1, RS, III
116.3, 1354, 1, RS, III
116.3, 1358, 1, RS, III
116.3, 1361, 1, RS, III
116.3, 1448, 1, RS, III
116.3, 1463, 1, RS, III
116.3, 3018, 3, FS, III
116.4, 725, 0, FS, III
116.4, 735, 0, FS, III
116.4, 741, 0, FS, III
116.4, 1123, 1, FS, V
116.4, 1125, 1, FS, V
116.4, 1134, 1, FS, V
116.4, 1137, 1, FS, V
116.4, 1152, 1, FS, V
116.4, 1191, 1, IB, V
116.4, 1334, 1, RS, III
116.4, 1343, 1, RS, III
116.4, 1362, 1, RS, III
116.4, 1373, 1, RS, III
116.4, 1376, 1, RS, III
116.4, 1379, 1, RS, III
116.4, 1409, 1, RS, III
116.4, 1436, 1, RS, III
116.4, 1450, 1, RS, III
116.4, 1465, 1, RS, III
116.4, 3003, 3, FS, III
116.4, 3021, 3, FS, III
116.5, 718, 0, FS, III
116.5, 1122, 1, FS, V
116.5, 1124, 1, FS, V
116.5, 1130, 1, FS, V
116.5, 1132, 1, FS, V
116.5, 1133, 1, FS, V
116.5, 1138, 1, FS, V
116.5, 1140, 1, FS, V
116.5, 1141, 1, FS, V
116.5, 1142, 1, FS, V
116.5, 1148, 1, FS, V
116.5, 1167, 1, IB, V
116.5, 1342, 1, RS, III
116.5, 1350, 1, RS, III
116.5, 1351, 1, RS, III
116.5, 1416, 1, RS, III
116.5, 1447, 1, RS, III
116.5, 1454, 1, RS, III
116.5, 1486, 1, FS, III
116.5, 3024, 3, FS, III
116.6, 617, 0, RS, III
116.6, 738, 0, FS, III
116.6, 1143, 1, FS, V
116.6, 1310, 1, RS, III
116.6, 1312, 1, RS, III
116.6, 1370, 1, RS, III
116.6, 1415, 1, RS, III
116.6, 1422, 1, RS, III
116.6, 1424, 1, RS, III
116.6, 1426, 1, RS, III
116.6, 1434, 1, RS, III
116.6, 1494, 1, FS, III
116.6, 2243, 2, FS, III
116.6, 3008, 3, FS, III
116.7, 364, 0, FS, V
116.7, 1169, 1, IB, V
116.7, 1178, 1, IB, V
116.7, 1326, 1, RS, III
116.7, 1411, 1, RS, III
116.7, 1429, 1, RS, III
116.7, 1438, 1, RS, III
116.7, 1456, 1, RS, III
116.7, 3001, 3, FS, III
116.7, 3012, 3, FS, III
116.7, 3023, 3, FS, III
116.8, 375, 0, FS, V
116.8, 380, 0, FS, V
116.8, 386, 0, FS, V
116.8, 391, 0, FS, V
116.8, 1145, 1, FS, V
116.8, 1180, 1, IB, V
116.8, 1336, 1, RS, III
116.8, 1359, 1, RS, III
116.8, 1371, 1, RS, III
116.8, 1403, 1, RS, III
116.8, 2240, 2, FS, III
116.8, 2250, 2, FS, III
116.8, 2257, 2, FS, III
116.8, 3013, 3, FS, III
116.8, 3019, 3, FS, III
116.9, 369, 0, FS, V
116.9, 377, 0, FS, V
116.9, 385, 0, FS, V
116.9, 1171, 1, IB, V
116.9, 1174, 1, IB, V
116.9, 1309, 1, RS, III
116.9, 1356, 1, RS, III
116.9, 1441, 1, RS, III
116.9, 1461, 1, RS, III
116.9, 1475, 1, RS, III
116.9, 2262, 2, FS, III
117, 383, 0, FS, V
117, 390, 0, FS, V
117, 727, 0, FS, III
117, 1170, 1, IB, V
117, 1307, 1, RS, III
117, 1327, 1, RS, III
117, 1377, 1, RS, III
117, 1400, 1, RS, III
117, 1455, 1, RS, III
117, 1474, 1, RS, III
117, 3015, 3, FS, III
117, 3020, 3, FS, III
117.1, 368, 0, FS, V
117.1, 371, 0, FS, V
117.1, 382, 0, FS, V
117.1, 389, 0, FS, V
117.1, 580, 0, RS, III
117.1, 1172, 1, IB, V
117.1, 1175, 1, IB, V
117.1, 1187, 1, IB, V
117.1, 1345, 1, RS, III
117.1, 1363, 1, RS, III
117.1, 1368, 1, RS, III
117.1, 1449, 1, RS, III
117.1, 2241, 2, FS, III
117.2, 362, 0, FS, V
117.2, 373, 0, FS, V
117.2, 378, 0, FS, V
117.2, 381, 0, FS, V
117.2, 388, 0, FS, V
117.2, 609, 0, RS, III
117.2, 722, 0, FS, III
117.2, 1176, 1, IB, V
117.2, 1185, 1, IB, V
117.2, 1324, 1, RS, III
117.2, 1369, 1, RS, III
117.2, 1398, 1, RS, III
117.2, 2261, 2, FS, III
117.2, 3010, 3, FS, III
117.3, 376, 0, FS, V
117.3, 379, 0, FS, V
117.3, 387, 0, FS, V
117.3, 1168, 1, IB, V
117.3, 1182, 1, IB, V
117.3, 1184, 1, IB, V
117.3, 1452, 1, RS, III
117.3, 1457, 1, RS, III
117.3, 3004, 3, FS, III
117.3, 3005, 3, FS, III
117.4, 363, 0, FS, V
117.4, 366, 0, FS, V
117.4, 367, 0, FS, V
117.4, 370, 0, FS, V
117.4, 374, 0, FS, V
117.4, 1181, 1, IB, V
117.4, 1360, 1, RS, III
117.4, 1380, 1, RS, III
117.4, 1397, 1, RS, III
117.4, 1407, 1, RS, III
117.4, 1413, 1, RS, III
117.4, 1433, 1, RS, III
117.4, 1498, 1, FS, III
117.4, 3017, 3, FS, III
117.5, 361, 0, FS, V
117.5, 365, 0, FS, V
117.5, 384, 0, FS, V
117.5, 1188, 1, IB, V
117.5, 1189, 1, IB, V
117.5, 3035, 3, LTS, III
117.6, 737, 0, FS, III
117.6, 1186, 1, IB, V
117.6, 1339, 1, RS, III
117.6, 1464, 1, RS, III
117.6, 1502, 1, FS, III
117.7, 681, 0, RS, III
117.7, 1190, 1, IB, V
117.7, 1329, 1, RS, III
117.7, 1420, 1, RS, III
117.7, 3014, 3, FS, III
117.7, 3026, 3, FS, III
117.8, 687, 0, RS, III
117.8, 1177, 1, IB, V
117.8, 1192, 1, IB, V
117.8, 1320, 1, RS, III
117.8, 1325, 1, RS, III
117.8, 1347, 1, RS, III
117.8, 1352, 1, RS, III
117.8, 1381, 1, RS, III
117.8, 1445, 1, RS, III
117.8, 3002, 3, FS, III
117.9, 372, 0, FS, V
117.9, 1173, 1, IB, V
118, 1183, 1, IB, V
118, 1299, 1, LTS, IV
118, 1473, 1, RS, III
118, 1481, 1, FS, III
118, 1514, 1, LTS, III
118.1, 606, 0, RS, III
118.1, 1179, 1, IB, V
118.2, 1444, 1, RS, III
118.2, 1487, 1, FS, III
118.2, 1496, 1, FS, III
118.6, 740, 0, FS, III
118.6, 1126, 1, FS, V
118.6, 1305, 1, LTS, IV
118.6, 1480, 1, FS, III
118.6, 1485, 1, FS, III
118.6, 1489, 1, FS, III
118.6, 1497, 1, FS, III
118.7, 867, 1, RS, VI
118.7, 1483, 1, FS, III
118.7, 1484, 1, FS, III
118.7, 1491, 1, FS, III
118.7, 1499, 1, FS, III
118.8, 972, 1, RS, VI
118.8, 1301, 1, LTS, IV
118.8, 1427, 1, RS, III
118.8, 1478, 1, FS, III
118.8, 1500, 1, FS, III
118.8, 1504, 1, FS, III
118.9, 1493, 1, FS, III
119, 1129, 1, FS, V
119, 1297, 1, LTS, IV
119, 1303, 1, LTS, IV
119, 1501, 1, FS, III
119.1, 1055, 1, RS, V
119.1, 1139, 1, FS, V
119.1, 1144, 1, FS, V
119.1, 1151, 1, FS, V
119.1, 1482, 1, FS, III
119.2, 1127, 1, FS, V
119.2, 1128, 1, FS, V
119.2, 1131, 1, FS, V
119.2, 1135, 1, FS, V
119.2, 1136, 1, FS, V
119.2, 1146, 1, FS, V
119.2, 1147, 1, FS, V
119.2, 1149, 1, FS, V
119.2, 1150, 1, FS, V
119.2, 1300, 1, LTS, IV
119.3, 1123, 1, FS, V
119.3, 1125, 1, FS, V
119.3, 1134, 1, FS, V
119.3, 1137, 1, FS, V
119.3, 1152, 1, FS, V
119.3, 1479, 1, FS, III
119.4, 1043, 1, RS, V
119.4, 1122, 1, FS, V
119.4, 1124, 1, FS, V
119.4, 1130, 1, FS, V
119.4, 1132, 1, FS, V
119.4, 1133, 1, FS, V
119.4, 1138, 1, FS, V
119.4, 1140, 1, FS, V
119.4, 1141, 1, FS, V
119.4, 1142, 1, FS, V
119.4, 1148, 1, FS, V
119.4, 1486, 1, FS, III
119.4, 1507, 1, LTS, III
119.5, 1034, 1, RS, V
119.5, 1048, 1, RS, V
119.5, 1073, 1, RS, V
119.5, 1093, 1, RS, V
119.5, 1143, 1, FS, V
119.5, 1488, 1, FS, III
119.5, 1494, 1, FS, III
119.5, 1495, 1, FS, III
119.5, 1503, 1, FS, III
119.5, 1519, 1, LTS, III
119.6, 364, 0, FS, V
119.6, 1069, 1, RS, V
119.6, 1070, 1, RS, V
119.6, 1076, 1, RS, V
119.7, 375, 0, FS, V
119.7, 380, 0, FS, V
119.7, 386, 0, FS, V
119.7, 391, 0, FS, V
119.7, 1051, 1, RS, V
119.7, 1054, 1, RS, V
119.7, 1064, 1, RS, V
119.7, 1091, 1, RS, V
119.7, 1099, 1, RS, V
119.7, 1110, 1, RS, V
119.7, 1145, 1, FS, V
119.7, 1508, 1, LTS, III
119.8, 369, 0, FS, V
119.8, 377, 0, FS, V
119.8, 385, 0, FS, V
119.8, 1039, 1, RS, V
119.8, 1066, 1, RS, V
119.8, 1072, 1, RS, V
119.8, 1085, 1, RS, V
119.8, 1096, 1, RS, V
119.8, 1106, 1, RS, V
119.8, 1113, 1, RS, V
119.8, 1191, 1, IB, V
119.8, 1516, 1, LTS, III
119.8, 1517, 1, LTS, III
119.8, 3025, 3, FS, III
119.9, 383, 0, FS, V
119.9, 390, 0, FS, V
119.9, 723, 0, FS, III
119.9, 1049, 1, RS, V
119.9, 1111, 1, RS, V
119.9, 1116, 1, RS, V
119.9, 1167, 1, IB, V
119.9, 1511, 1, LTS, III
120, 368, 0, FS, V
120, 371, 0, FS, V
120, 382, 0, FS, V
120, 389, 0, FS, V
120, 1037, 1, RS, V
120, 1084, 1, RS, V
120, 1089, 1, RS, V
120, 2253, 2, FS, III
120.1, 362, 0, FS, V
120.1, 373, 0, FS, V
120.1, 378, 0, FS, V
120.1, 381, 0, FS, V
120.1, 388, 0, FS, V
120.1, 1033, 1, RS, V
120.1, 1045, 1, RS, V
120.1, 1046, 1, RS, V
120.1, 1058, 1, RS, V
120.1, 1062, 1, RS, V
120.1, 1074, 1, RS, V
120.1, 1087, 1, RS, V
120.1, 1108, 1, RS, V
120.1, 1120, 1, RS, V
120.1, 1169, 1, IB, V
120.1, 1178, 1, IB, V
120.1, 1506, 1, LTS, III
120.1, 1520, 1, LTS, III
120.2, 376, 0, FS, V
120.2, 379, 0, FS, V
120.2, 387, 0, FS, V
120.2, 830, 1, RS, VI
120.2, 1047, 1, RS, V
120.2, 1059, 1, RS, V
120.2, 1104, 1, RS, V
120.2, 1180, 1, IB, V
120.2, 1302, 1, LTS, IV
120.3, 363, 0, FS, V
120.3, 366, 0, FS, V
120.3, 367, 0, FS, V
120.3, 370, 0, FS, V
120.3, 374, 0, FS, V
120.3, 1050, 1, RS, V
120.3, 1053, 1, RS, V
120.3, 1057, 1, RS, V
120.3, 1061, 1, RS, V
120.3, 1088, 1, RS, V
120.3, 1107, 1, RS, V
120.3, 1112, 1, RS, V
120.3, 1119, 1, RS, V
120.3, 1171, 1, IB, V
120.3, 1174, 1, IB, V
120.3, 1304, 1, LTS, IV
120.3, 1492, 1, FS, III
120.3, 1498, 1, FS, III
120.3, 1518, 1, LTS, III
120.4, 361, 0, FS, V
120.4, 365, 0, FS, V
120.4, 384, 0, FS, V
120.4, 875, 1, RS, VI
120.4, 1082, 1, RS, V
120.4, 1083, 1, RS, V
120.4, 1101, 1, RS, V
120.4, 1170, 1, IB, V
120.4, 1298, 1, LTS, IV
120.5, 1036, 1, RS, V
120.5, 1041, 1, RS, V
120.5, 1052, 1, RS, V
120.5, 1067, 1, RS, V
120.5, 1071, 1, RS, V
120.5, 1075, 1, RS, V
120.5, 1094, 1, RS, V
120.5, 1095, 1, RS, V
120.5, 1098, 1, RS, V
120.5, 1105, 1, RS, V
120.5, 1172, 1, IB, V
120.5, 1175, 1, IB, V
120.5, 1187, 1, IB, V
120.5, 1502, 1, FS, III
120.6, 412, 0, IB, V
120.6, 1035, 1, RS, V
120.6, 1040, 1, RS, V
120.6, 1056, 1, RS, V
120.6, 1077, 1, RS, V
120.6, 1078, 1, RS, V
120.6, 1080, 1, RS, V
120.6, 1176, 1, IB, V
120.6, 1185, 1, IB, V
120.6, 1490, 1, FS, III
120.6, 1512, 1, LTS, III
120.7, 1042, 1, RS, V
120.7, 1044, 1, RS, V
120.7, 1090, 1, RS, V
120.7, 1114, 1, RS, V
120.7, 1115, 1, RS, V
120.7, 1168, 1, IB, V
120.7, 1182, 1, IB, V
120.7, 1184, 1, IB, V
120.7, 2533, 3, LTS, VI
120.7, 2660, 3, FS, V
120.7, 2666, 3, FS, V
120.7, 2673, 3, FS, V
120.8, 1063, 1, RS, V
120.8, 1079, 1, RS, V
120.8, 1181, 1, IB, V
120.8, 2648, 3, FS, V
120.8, 2659, 3, FS, V
120.9, 1038, 1, RS, V
120.9, 1068, 1, RS, V
120.9, 1081, 1, RS, V
120.9, 1086, 1, RS, V
120.9, 1097, 1, RS, V
120.9, 1103, 1, RS, V
120.9, 1188, 1, IB, V
120.9, 1189, 1, IB, V
120.9, 1306, 1, LTS, IV
120.9, 1481, 1, FS, III
121, 1060, 1, RS, V
121, 1065, 1, RS, V
121, 1117, 1, RS, V
121, 1118, 1, RS, V
121, 1186, 1, IB, V
121.1, 767, 1, RS, VI
121.1, 1019, 1, LTS, VI
121.1, 1092, 1, RS, V
121.1, 1102, 1, RS, V
121.1, 1121, 1, RS, V
121.1, 1190, 1, IB, V
121.1, 1487, 1, FS, III
121.1, 1496, 1, FS, III
121.2, 1177, 1, IB, V
121.2, 1192, 1, IB, V
121.2, 1322, 1, RS, III
121.2, 2665, 3, FS, V
121.3, 814, 1, RS, VI
121.3, 1100, 1, RS, V
121.3, 1109, 1, RS, V
121.3, 1173, 1, IB, V
121.4, 796, 1, RS, VI
121.4, 1183, 1, IB, V
121.4, 2644, 3, FS, V
121.4, 2651, 3, FS, V
121.5, 1126, 1, FS, V
121.5, 1179, 1, IB, V
121.5, 1480, 1, FS, III
121.5, 1485, 1, FS, III
121.5, 1489, 1, FS, III
121.5, 1497, 1, FS, III
121.5, 2645, 3, FS, V
121.5, 2657, 3, FS, V
121.6, 1483, 1, FS, III
121.6, 1491, 1, FS, III
121.6, 1499, 1, FS, III
121.7, 1478, 1, FS, III
121.7, 1500, 1, FS, III
121.7, 1504, 1, FS, III
121.8, 420, 0, IB, V
121.8, 1372, 1, RS, III
121.8, 1399, 1, RS, III
121.8, 1472, 1, RS, III
121.8, 1484, 1, FS, III
121.8, 1493, 1, FS, III
121.8, 2653, 3, FS, V
121.9, 1129, 1, FS, V
121.9, 1404, 1, RS, III
121.9, 1470, 1, RS, III
121.9, 1501, 1, FS, III
121.9, 2647, 3, FS, V
121.9, 2674, 3, FS, V
122, 1139, 1, FS, V
122, 1144, 1, FS, V
122, 1151, 1, FS, V
122, 1458, 1, RS, III
122, 1482, 1, FS, III
122.1, 1127, 1, FS, V
122.1, 1128, 1, FS, V
122.1, 1131, 1, FS, V
122.1, 1135, 1, FS, V
122.1, 1136, 1, FS, V
122.1, 1146, 1, FS, V
122.1, 1147, 1, FS, V
122.1, 1149, 1, FS, V
122.1, 1150, 1, FS, V
122.1, 1348, 1, RS, III
122.1, 2655, 3, FS, V
122.1, 2664, 3, FS, V
122.2, 779, 1, RS, VI
122.2, 1123, 1, FS, V
122.2, 1125, 1, FS, V
122.2, 1134, 1, FS, V
122.2, 1137, 1, FS, V
122.2, 1152, 1, FS, V
122.2, 1402, 1, RS, III
122.2, 1421, 1, RS, III
122.2, 1479, 1, FS, III
122.2, 2656, 3, FS, V
122.3, 372, 0, FS, V
122.3, 1122, 1, FS, V
122.3, 1124, 1, FS, V
122.3, 1130, 1, FS, V
122.3, 1132, 1, FS, V
122.3, 1133, 1, FS, V
122.3, 1138, 1, FS, V
122.3, 1140, 1, FS, V
122.3, 1141, 1, FS, V
122.3, 1142, 1, FS, V
122.3, 1148, 1, FS, V
122.3, 1331, 1, RS, III
122.3, 1418, 1, RS, III
122.3, 1437, 1, RS, III
122.3, 1462, 1, RS, III
122.3, 2670, 3, FS, V
122.4, 1143, 1, FS, V
122.4, 1332, 1, RS, III
122.4, 1494, 1, FS, III
122.5, 1316, 1, RS, III
122.5, 1330, 1, RS, III
122.5, 1392, 1, RS, III
122.5, 1425, 1, RS, III
122.5, 1432, 1, RS, III
122.5, 1466, 1, RS, III
122.6, 1145, 1, FS, V
122.6, 1358, 1, RS, III
122.7, 1343, 1, RS, III
122.7, 1373, 1, RS, III
122.7, 1387, 1, RS, III
122.7, 1408, 1, RS, III
122.7, 2672, 3, FS, V
122.8, 1299, 1, LTS, IV
122.8, 1416, 1, RS, III
122.8, 1514, 1, LTS, III
122.9, 942, 1, RS, VI
122.9, 1312, 1, RS, III
122.9, 1415, 1, RS, III
122.9, 2654, 3, FS, V
122.9, 2658, 3, FS, V
123, 1326, 1, RS, III
123, 1370, 1, RS, III
123, 1429, 1, RS, III
123, 1460, 1, RS, III
123.1, 429, 0, IB, V
123.1, 1394, 1, RS, III
123.2, 967, 1, RS, VI
123.2, 1191, 1, IB, V
123.2, 1309, 1, RS, III
123.2, 1356, 1, RS, III
123.3, 375, 0, FS, V
123.3, 1167, 1, IB, V
123.4, 870, 1, RS, VI
123.4, 919, 1, RS, VI
123.4, 1305, 1, LTS, IV
123.4, 1368, 1, RS, III
123.4, 1453, 1, RS, III
123.5, 1169, 1, IB, V
123.5, 1178, 1, IB, V
123.5, 1369, 1, RS, III
123.6, 1180, 1, IB, V
123.6, 1301, 1, LTS, IV
123.6, 1498, 1, FS, III
123.7, 946, 1, RS, VI
123.7, 1171, 1, IB, V
123.7, 1174, 1, IB, V
123.7, 1433, 1, RS, III
123.7, 1495, 1, FS, III
123.8, 848, 1, RS, VI
123.8, 1170, 1, IB, V
123.8, 1297, 1, LTS, IV
123.8, 1303, 1, LTS, IV
123.9, 800, 1, RS, VI
123.9, 1172, 1, IB, V
123.9, 1175, 1, IB, V
123.9, 1187, 1, IB, V
123.9, 2650, 3, FS, V
124, 1176, 1, IB, V
124, 1185, 1, IB, V
124, 1300, 1, LTS, IV
124, 1420, 1, RS, III
124, 2652, 3, FS, V
124.1, 797, 1, RS, VI
124.1, 1168, 1, IB, V
124.1, 1182, 1, IB, V
124.1, 1184, 1, IB, V
124.2, 802, 1, RS, VI
124.2, 1181, 1, IB, V
124.3, 765, 1, RS, VI
124.3, 1188, 1, IB, V
124.3, 1189, 1, IB, V
124.3, 1519, 1, LTS, III
124.3, 2665, 3, FS, V
124.4, 388, 0, FS, V
124.4, 828, 1, RS, VI
124.4, 868, 1, RS, VI
124.4, 903, 1, RS, VI
124.4, 916, 1, RS, VI
124.4, 937, 1, RS, VI
124.4, 1126, 1, FS, V
124.4, 1186, 1, IB, V
124.4, 1485, 1, FS, III
124.5, 843, 1, RS, VI
124.5, 1032, 1, LTS, VI
124.5, 1190, 1, IB, V
124.5, 1508, 1, LTS, III
124.6, 976, 1, RS, VI
124.6, 1177, 1, IB, V
124.6, 1192, 1, IB, V
124.6, 1496, 1, FS, III
124.6, 1516, 1, LTS, III
124.6, 1517, 1, LTS, III
124.7, 859, 1, RS, VI
124.7, 1173, 1, IB, V
124.7, 1354, 1, RS, III
124.7, 1502, 1, FS, III
124.8, 770, 1, RS, VI
124.8, 847, 1, RS, VI
124.8, 1129, 1, FS, V
124.8, 1183, 1, IB, V
124.8, 1501, 1, FS, III
124.9, 817, 1, RS, VI
124.9, 1139, 1, FS, V
124.9, 1144, 1, FS, V
124.9, 1151, 1, FS, V
124.9, 1179, 1, IB, V
124.9, 1405, 1, RS, III
124.9, 1482, 1, FS, III
124.9, 1506, 1, LTS, III
124.9, 1507, 1, LTS, III
125, 390, 0, FS, V
125, 918, 1, RS, VI
125, 949, 1, RS, VI
125, 1127, 1, FS, V
125, 1128, 1, FS, V
125, 1131, 1, FS, V
125, 1135, 1, FS, V
125, 1136, 1, FS, V
125, 1146, 1, FS, V
125, 1147, 1, FS, V
125, 1149, 1, FS, V
125, 1150, 1, FS, V
125, 1302, 1, LTS, IV
125, 1489, 1, FS, III
125, 2548, 3, LTS, VI
125.1, 784, 1, RS, VI
125.1, 788, 1, RS, VI
125.1, 837, 1, RS, VI
125.1, 1123, 1, FS, V
125.1, 1125, 1, FS, V
125.1, 1134, 1, FS, V
125.1, 1137, 1, FS, V
125.1, 1152, 1, FS, V
125.1, 1304, 1, LTS, IV
125.1, 1427, 1, RS, III
125.1, 1483, 1, FS, III
125.1, 1518, 1, LTS, III
125.1, 1520, 1, LTS, III
125.1, 2663, 3, FS, V
125.2, 382, 0, FS, V
125.2, 1122, 1, FS, V
125.2, 1124, 1, FS, V
125.2, 1130, 1, FS, V
125.2, 1132, 1, FS, V
125.2, 1133, 1, FS, V
125.2, 1138, 1, FS, V
125.2, 1140, 1, FS, V
125.2, 1141, 1, FS, V
125.2, 1142, 1, FS, V
125.2, 1148, 1, FS, V
125.2, 1298, 1, LTS, IV
125.3, 408, 0, IB, V
125.3, 973, 1, RS, VI
125.3, 1143, 1, FS, V
125.3, 1494, 1, FS, III
125.3, 2706, 3, IB, V
125.4, 966, 1, RS, VI
125.4, 1055, 1, RS, V
125.4, 1511, 1, LTS, III
125.5, 905, 1, RS, VI
125.5, 951, 1, RS, VI
125.5, 1145, 1, FS, V
125.6, 1504, 1, FS, III
125.7, 264, 0, LTS, VI
125.7, 841, 1, RS, VI
125.7, 902, 1, RS, VI
125.7, 948, 1, RS, VI
125.7, 1043, 1, RS, V
125.7, 1306, 1, LTS, IV
125.8, 369, 0, FS, V
125.8, 1034, 1, RS, V
125.8, 1048, 1, RS, V
125.8, 1073, 1, RS, V
125.8, 1093, 1, RS, V
125.8, 1500, 1, FS, III
125.8, 1512, 1, LTS, III
125.9, 873, 1, RS, VI
125.9, 1069, 1, RS, V
125.9, 1070, 1, RS, V
125.9, 1076, 1, RS, V
125.9, 1491, 1, FS, III
125.9, 2653, 3, FS, V
126, 898, 1, RS, VI
126, 922, 1, RS, VI
126, 1051, 1, RS, V
126, 1054, 1, RS, V
126, 1064, 1, RS, V
126, 1091, 1, RS, V
126, 1099, 1, RS, V
126, 1110, 1, RS, V
126, 1478, 1, FS, III
126.1, 368, 0, FS, V
126.1, 1039, 1, RS, V
126.1, 1066, 1, RS, V
126.1, 1072, 1, RS, V
126.1, 1085, 1, RS, V
126.1, 1096, 1, RS, V
126.1, 1106, 1, RS, V
126.1, 1113, 1, RS, V
126.2, 931, 1, RS, VI
126.2, 1049, 1, RS, V
126.2, 1111, 1, RS, V
126.2, 1116, 1, RS, V
126.3, 855, 1, RS, VI
126.3, 895, 1, RS, VI
126.3, 1037, 1, RS, V
126.3, 1084, 1, RS, V
126.3, 1089, 1, RS, V
126.3, 1487, 1, FS, III
126.4, 761, 1, RS, VI
126.4, 1033, 1, RS, V
126.4, 1045, 1, RS, V
126.4, 1046, 1, RS, V
126.4, 1058, 1, RS, V
126.4, 1062, 1, RS, V
126.4, 1074, 1, RS, V
126.4, 1087, 1, RS, V
126.4, 1108, 1, RS, V
126.4, 1120, 1, RS, V
126.4, 1505, 1, LTS, III
126.5, 1047, 1, RS, V
126.5, 1059, 1, RS, V
126.5, 1104, 1, RS, V
126.5, 1521, 1, LTS, III
126.6, 375, 0, FS, V
126.6, 908, 1, RS, VI
126.6, 1050, 1, RS, V
126.6, 1053, 1, RS, V
126.6, 1057, 1, RS, V
126.6, 1061, 1, RS, V
126.6, 1088, 1, RS, V
126.6, 1107, 1, RS, V
126.6, 1112, 1, RS, V
126.6, 1119, 1, RS, V
126.6, 1191, 1, IB, V
126.7, 786, 1, RS, VI
126.7, 1082, 1, RS, V
126.7, 1083, 1, RS, V
126.7, 1101, 1, RS, V
126.7, 1167, 1, IB, V
126.8, 1036, 1, RS, V
126.8, 1041, 1, RS, V
126.8, 1052, 1, RS, V
126.8, 1067, 1, RS, V
126.8, 1071, 1, RS, V
126.8, 1075, 1, RS, V
126.8, 1094, 1, RS, V
126.8, 1095, 1, RS, V
126.8, 1098, 1, RS, V
126.8, 1105, 1, RS, V
126.8, 1403, 1, RS, III
126.9, 1026, 1, LTS, VI
126.9, 1035, 1, RS, V
126.9, 1040, 1, RS, V
126.9, 1056, 1, RS, V
126.9, 1077, 1, RS, V
126.9, 1078, 1, RS, V
126.9, 1080, 1, RS, V
126.9, 1169, 1, IB, V
126.9, 1178, 1, IB, V
127, 384, 0, FS, V
127, 789, 1, RS, VI
127, 865, 1, RS, VI
127, 979, 1, RS, VI
127, 1042, 1, RS, V
127, 1044, 1, RS, V
127, 1090, 1, RS, V
127, 1114, 1, RS, V
127, 1115, 1, RS, V
127, 1180, 1, IB, V
127, 1382, 1, RS, III
127.1, 939, 1, RS, VI
127.1, 1063, 1, RS, V
127.1, 1079, 1, RS, V
127.1, 1171, 1, IB, V
127.1, 1174, 1, IB, V
127.2, 883, 1, RS, VI
127.2, 900, 1, RS, VI
127.2, 1038, 1, RS, V
127.2, 1068, 1, RS, V
127.2, 1081, 1, RS, V
127.2, 1086, 1, RS, V
127.2, 1097, 1, RS, V
127.2, 1103, 1, RS, V
127.2, 1170, 1, IB, V
127.2, 1493, 1, FS, III
127.3, 388, 0, FS, V
127.3, 874, 1, RS, VI
127.3, 892, 1, RS, VI
127.3, 897, 1, RS, VI
127.3, 971, 1, RS, VI
127.3, 1060, 1, RS, V
127.3, 1065, 1, RS, V
127.3, 1117, 1, RS, V
127.3, 1118, 1, RS, V
127.3, 1126, 1, FS, V
127.3, 1172, 1, IB, V
127.3, 1175, 1, IB, V
127.3, 1187, 1, IB, V
127.4, 911, 1, RS, VI
127.4, 1092, 1, RS, V
127.4, 1102, 1, RS, V
127.4, 1121, 1, RS, V
127.4, 1176, 1, IB, V
127.4, 1185, 1, IB, V
127.5, 982, 1, RS, VI
127.5, 1168, 1, IB, V
127.5, 1182, 1, IB, V
127.5, 1184, 1, IB, V
127.6, 1100, 1, RS, V
127.6, 1109, 1, RS, V
127.6, 1181, 1, IB, V
127.6, 1299, 1, LTS, IV
127.6, 1514, 1, LTS, III
127.7, 361, 0, FS, V
127.7, 775, 1, RS, VI
127.7, 778, 1, RS, VI
127.7, 790, 1, RS, VI
127.7, 836, 1, RS, VI
127.7, 871, 1, RS, VI
127.7, 875, 1, RS, VI
127.7, 1129, 1, FS, V
127.7, 1188, 1, IB, V
127.7, 1189, 1, IB, V
127.8, 1139, 1, FS, V
127.8, 1144, 1, FS, V
127.8, 1151, 1, FS, V
127.8, 1186, 1, IB, V
127.9, 390, 0, FS, V
127.9, 981, 1, RS, VI
127.9, 1127, 1, FS, V
127.9, 1128, 1, FS, V
127.9, 1131, 1, FS, V
127.9, 1135, 1, FS, V
127.9, 1136, 1, FS, V
127.9, 1146, 1, FS, V
127.9, 1147, 1, FS, V
127.9, 1149, 1, FS, V
127.9, 1150, 1, FS, V
127.9, 1190, 1, IB, V
127.9, 1492, 1, FS, III
128, 774, 1, RS, VI
128, 819, 1, RS, VI
128, 852, 1, RS, VI
128, 1024, 1, LTS, VI
128, 1123, 1, FS, V
128, 1125, 1, FS, V
128, 1134, 1, FS, V
128, 1137, 1, FS, V
128, 1152, 1, FS, V
128, 1177, 1, IB, V
128, 1192, 1, IB, V
128, 3305, 4, LTS, VI
128.1, 387, 0, FS, V
128.1, 816, 1, RS, VI
128.1, 933, 1, RS, VI
128.1, 1122, 1, FS, V
128.1, 1130, 1, FS, V
128.1, 1133, 1, FS, V
128.1, 1138, 1, FS, V
128.1, 1140, 1, FS, V
128.1, 1141, 1, FS, V
128.1, 1142, 1, FS, V
128.1, 1148, 1, FS, V
128.1, 1173, 1, IB, V
128.2, 955, 1, RS, VI
128.2, 1143, 1, FS, V
128.2, 1183, 1, IB, V
128.2, 1305, 1, LTS, IV
128.3, 794, 1, RS, VI
128.3, 1179, 1, IB, V
128.3, 1470, 1, RS, III
128.4, 812, 1, RS, VI
128.4, 1145, 1, FS, V
128.4, 1301, 1, LTS, IV
128.4, 1367, 1, RS, III
128.4, 1482, 1, FS, III
128.5, 952, 1, RS, VI
128.6, 386, 0, FS, V
128.6, 769, 1, RS, VI
128.6, 818, 1, RS, VI
128.6, 961, 1, RS, VI
128.6, 1297, 1, LTS, IV
128.6, 1303, 1, LTS, IV
128.6, 1437, 1, RS, III
128.7, 1124, 1, FS, V
128.7, 1132, 1, FS, V
128.8, 362, 0, FS, V
128.8, 369, 0, FS, V
128.8, 382, 0, FS, V
128.8, 1300, 1, LTS, IV
128.8, 1335, 1, RS, III
128.8, 1392, 1, RS, III
128.8, 1432, 1, RS, III
128.9, 365, 0, FS, V
129, 368, 0, FS, V
129, 371, 0, FS, V
129, 380, 0, FS, V
129.1, 364, 0, FS, V
129.1, 377, 0, FS, V
129.1, 772, 1, RS, VI
129.1, 799, 1, RS, VI
129.1, 1462, 1, RS, III
129.2, 376, 0, FS, V
129.3, 381, 0, FS, V
129.3, 1460, 1, RS, III
129.3, 1508, 1, LTS, III
129.4, 876, 1, RS, VI
129.4, 926, 1, RS, VI
129.4, 1450, 1, RS, III
129.4, 1516, 1, LTS, III
129.4, 1517, 1, LTS, III
129.5, 375, 0, FS, V
129.5, 379, 0, FS, V
129.5, 391, 0, FS, V
129.5, 832, 1, RS, VI
129.5, 920, 1, RS, VI
129.5, 956, 1, RS, VI
129.5, 965, 1, RS, VI
129.5, 1309, 1, RS, III
129.5, 2651, 3, FS, V
129.6, 762, 1, RS, VI
129.7, 374, 0, FS, V
129.7, 884, 1, RS, VI
129.7, 1425, 1, RS, III
129.8, 378, 0, FS, V
129.8, 385, 0, FS, V
129.8, 1302, 1, LTS, IV
129.9, 384, 0, FS, V
129.9, 389, 0, FS, V
129.9, 763, 1, RS, VI
129.9, 782, 1, RS, VI
129.9, 1304, 1, LTS, IV
129.9, 1429, 1, RS, III
130, 383, 0, FS, V
130, 1191, 1, IB, V
130.1, 373, 0, FS, V
130.1, 1167, 1, IB, V
130.2, 366, 0, FS, V
130.2, 372, 0, FS, V
130.2, 388, 0, FS, V
130.2, 826, 1, RS, VI
130.2, 1126, 1, FS, V
130.3, 815, 1, RS, VI
130.3, 1169, 1, IB, V
130.3, 1178, 1, IB, V
130.4, 363, 0, FS, V
130.4, 370, 0, FS, V
130.4, 1180, 1, IB, V
130.4, 1506, 1, LTS, III
130.5, 793, 1, RS, VI
130.5, 1015, 1, LTS, VI
130.5, 1171, 1, IB, V
130.5, 1174, 1, IB, V
130.5, 1306, 1, LTS, IV
130.5, 1485, 1, FS, III
130.6, 361, 0, FS, V
130.6, 822, 1, RS, VI
130.6, 1129, 1, FS, V
130.6, 1170, 1, IB, V
130.7, 1139, 1, FS, V
130.7, 1144, 1, FS, V
130.7, 1151, 1, FS, V
130.7, 1172, 1, IB, V
130.7, 1175, 1, IB, V
130.7, 1187, 1, IB, V
130.7, 1520, 1, LTS, III
130.8, 390, 0, FS, V
130.8, 853, 1, RS, VI
130.8, 878, 1, RS, VI
130.8, 1127, 1, FS, V
130.8, 1128, 1, FS, V
130.8, 1131, 1, FS, V
130.8, 1135, 1, FS, V
130.8, 1136, 1, FS, V
130.8, 1146, 1, FS, V
130.8, 1147, 1, FS, V
130.8, 1149, 1, FS, V
130.8, 1150, 1, FS, V
130.8, 1176, 1, IB, V
130.8, 1185, 1, IB, V
130.9, 835, 1, RS, VI
130.9, 1123, 1, FS, V
130.9, 1125, 1, FS, V
130.9, 1134, 1, FS, V
130.9, 1137, 1, FS, V
130.9, 1152, 1, FS, V
130.9, 1168, 1, IB, V
130.9, 1182, 1, IB, V
130.9, 1184, 1, IB, V
131, 387, 0, FS, V
131, 909, 1, RS, VI
131, 1122, 1, FS, V
131, 1130, 1, FS, V
131, 1133, 1, FS, V
131, 1138, 1, FS, V
131, 1140, 1, FS, V
131, 1141, 1, FS, V
131, 1142, 1, FS, V
131, 1148, 1, FS, V
131, 1181, 1, IB, V
131.1, 1143, 1, FS, V
131.1, 1188, 1, IB, V
131.1, 1189, 1, IB, V
131.1, 1319, 1, RS, III
131.2, 857, 1, RS, VI
131.2, 1022, 1, LTS, VI
131.2, 1186, 1, IB, V
131.3, 1145, 1, FS, V
131.3, 1190, 1, IB, V
131.3, 1296, 1, FS, IV
131.3, 1483, 1, FS, III
131.4, 367, 0, FS, V
131.4, 823, 1, RS, VI
131.4, 861, 1, RS, VI
131.4, 928, 1, RS, VI
131.4, 1177, 1, IB, V
131.4, 1192, 1, IB, V
131.5, 386, 0, FS, V
131.5, 970, 1, RS, VI
131.5, 1173, 1, IB, V
131.5, 1298, 1, LTS, IV
131.5, 1410, 1, RS, III
131.5, 1502, 1, FS, III
131.6, 1124, 1, FS, V
131.6, 1132, 1, FS, V
131.6, 1183, 1, IB, V
131.7, 362, 0, FS, V
131.7, 369, 0, FS, V
131.7, 382, 0, FS, V
131.7, 983, 1, RS, VI
131.7, 1055, 1, RS, V
131.7, 1179, 1, IB, V
131.7, 1521, 1, LTS, III
131.8, 365, 0, FS, V
131.8, 985, 1, FS, VI
131.8, 1496, 1, FS, III
131.9, 368, 0, FS, V
131.9, 371, 0, FS, V
131.9, 380, 0, FS, V
131.9, 845, 1, RS, VI
131.9, 1504, 1, FS, III
131.9, 1519, 1, LTS, III
132, 364, 0, FS, V
132, 377, 0, FS, V
132, 914, 1, RS, VI
132, 1043, 1, RS, V
132, 1390, 1, RS, III
132, 1518, 1, LTS, III
132.1, 376, 0, FS, V
132.1, 890, 1, RS, VI
132.1, 941, 1, RS, VI
132.1, 1027, 1, LTS, VI
132.1, 1034, 1, RS, V
132.1, 1048, 1, RS, V
132.1, 1073, 1, RS, V
132.1, 1093, 1, RS, V
132.1, 1288, 1, FS, IV
132.2, 381, 0, FS, V
132.2, 950, 1, RS, VI
132.2, 958, 1, RS, VI
132.2, 1069, 1, RS, V
132.2, 1070, 1, RS, V
132.2, 1076, 1, RS, V
132.2, 1512, 1, LTS, III
132.3, 780, 1, RS, VI
132.3, 1051, 1, RS, V
132.3, 1054, 1, RS, V
132.3, 1064, 1, RS, V
132.3, 1091, 1, RS, V
132.3, 1099, 1, RS, V
132.3, 1110, 1, RS, V
132.4, 375, 0, FS, V
132.4, 379, 0, FS, V
132.4, 391, 0, FS, V
132.4, 907, 1, RS, VI
132.4, 915, 1, RS, VI
132.4, 1039, 1, RS, V
132.4, 1066, 1, RS, V
132.4, 1072, 1, RS, V
132.4, 1085, 1, RS, V
132.4, 1096, 1, RS, V
132.4, 1106, 1, RS, V
132.4, 1113, 1, RS, V
132.4, 1299, 1, LTS, IV
132.4, 1332, 1, RS, III
132.4, 1482, 1, FS, III
132.4, 1514, 1, LTS, III
132.5, 1049, 1, RS, V
132.5, 1111, 1, RS, V
132.5, 1116, 1, RS, V
132.5, 1363, 1, RS, III
132.5, 1498, 1, FS, III
132.6, 374, 0, FS, V
132.6, 796, 1, RS, VI
132.6, 1037, 1, RS, V
132.6, 1084, 1, RS, V
132.6, 1089, 1, RS, V
132.6, 1412, 1, RS, III
132.6, 1486, 1, FS, III
132.7, 378, 0, FS, V
132.7, 385, 0, FS, V
132.7, 1033, 1, RS, V
132.7, 1045, 1, RS, V
132.7, 1046, 1, RS, V
132.7, 1058, 1, RS, V
132.7, 1062, 1, RS, V
132.7, 1074, 1, RS, V
132.7, 1087, 1, RS, V
132.7, 1108, 1, RS, V
132.7, 1120, 1, RS, V
132.8, 384, 0, FS, V
132.8, 389, 0, FS, V
132.8, 1018, 1, LTS, VI
132.8, 1047, 1, RS, V
132.8, 1059, 1, RS, V
132.8, 1104, 1, RS, V
132.8, 1440, 1, RS, III
132.8, 1494, 1, FS, III
132.9, 383, 0, FS, V
132.9, 1050, 1, RS, V
132.9, 1053, 1, RS, V
132.9, 1057, 1, RS, V
132.9, 1061, 1, RS, V
132.9, 1088, 1, RS, V
132.9, 1107, 1, RS, V
132.9, 1112, 1, RS, V
132.9, 1119, 1, RS, V
132.9, 1484, 1, FS, III
133, 373, 0, FS, V
133, 1082, 1, RS, V
133, 1083, 1, RS, V
133, 1101, 1, RS, V
133, 1305, 1, LTS, IV
133, 1480, 1, FS, III
133, 2665, 3, FS, V
133.1, 366, 0, FS, V
133.1, 372, 0, FS, V
133.1, 388, 0, FS, V
133.1, 1036, 1, RS, V
133.1, 1041, 1, RS, V
133.1, 1052, 1, RS, V
133.1, 1067, 1, RS, V
133.1, 1071, 1, RS, V
133.1, 1075, 1, RS, V
133.1, 1094, 1, RS, V
133.1, 1095, 1, RS, V
133.1, 1098, 1, RS, V
133.1, 1105, 1, RS, V
133.1, 1126, 1, FS, V
133.1, 1509, 1, LTS, III
133.2, 1035, 1, RS, V
133.2, 1040, 1, RS, V
133.2, 1056, 1, RS, V
133.2, 1077, 1, RS, V
133.2, 1078, 1, RS, V
133.2, 1080, 1, RS, V
133.2, 1301, 1, LTS, IV
133.2, 1340, 1, RS, III
133.3, 363, 0, FS, V
133.3, 370, 0, FS, V
133.3, 930, 1, RS, VI
133.3, 1011, 1, LTS, VI
133.3, 1042, 1, RS, V
133.3, 1044, 1, RS, V
133.3, 1090, 1, RS, V
133.3, 1114, 1, RS, V
133.3, 1115, 1, RS, V
133.3, 2535, 3, LTS, VI
133.4, 804, 1, RS, VI
133.4, 998, 1, FS, VI
133.4, 1063, 1, RS, V
133.4, 1079, 1, RS, V
133.4, 1191, 1, IB, V
133.4, 1297, 1, LTS, IV
133.4, 1303, 1, LTS, IV
133.4, 1324, 1, RS, III
133.5, 361, 0, FS, V
133.5, 1038, 1, RS, V
133.5, 1068, 1, RS, V
133.5, 1081, 1, RS, V
133.5, 1086, 1, RS, V
133.5, 1097, 1, RS, V
133.5, 1103, 1, RS, V
133.5, 1129, 1, FS, V
133.5, 1167, 1, IB, V
133.5, 1493, 1, FS, III
133.6, 811, 1, RS, VI
133.6, 1060, 1, RS, V
133.6, 1065, 1, RS, V
133.6, 1117, 1, RS, V
133.6, 1118, 1, RS, V
133.6, 1139, 1, FS, V
133.6, 1144, 1, FS, V
133.6, 1151, 1, FS, V
133.6, 1300, 1, LTS, IV
133.7, 390, 0, FS, V
133.7, 886, 1, RS, VI
133.7, 1092, 1, RS, V
133.7, 1102, 1, RS, V
133.7, 1121, 1, RS, V
133.7, 1127, 1, FS, V
133.7, 1128, 1, FS, V
133.7, 1131, 1, FS, V
133.7, 1135, 1, FS, V
133.7, 1136, 1, FS, V
133.7, 1146, 1, FS, V
133.7, 1147, 1, FS, V
133.7, 1149, 1, FS, V
133.7, 1150, 1, FS, V
133.7, 1169, 1, IB, V
133.7, 1178, 1, IB, V
133.8, 927, 1, RS, VI
133.8, 1016, 1, LTS, VI
133.8, 1123, 1, FS, V
133.8, 1125, 1, FS, V
133.8, 1134, 1, FS, V
133.8, 1137, 1, FS, V
133.8, 1152, 1, FS, V
133.8, 1180, 1, IB, V
133.8, 1447, 1, RS, III
133.9, 387, 0, FS, V
133.9, 1025, 1, LTS, VI
133.9, 1100, 1, RS, V
133.9, 1109, 1, RS, V
133.9, 1122, 1, FS, V
133.9, 1130, 1, FS, V
133.9, 1133, 1, FS, V
133.9, 1138, 1, FS, V
133.9, 1140, 1, FS, V
133.9, 1141, 1, FS, V
133.9, 1142, 1, FS, V
133.9, 1148, 1, FS, V
133.9, 1171, 1, IB, V
133.9, 1174, 1, IB, V
134, 250, 0, LTS, VI
134, 1143, 1, FS, V
134, 1170, 1, IB, V
134, 1286, 1, FS, IV
134, 1485, 1, FS, III
134.1, 1172, 1, IB, V
134.1, 1175, 1, IB, V
134.1, 1187, 1, IB, V
134.1, 1508, 1, LTS, III
134.2, 881, 1, RS, VI
134.2, 1013, 1, LTS, VI
134.2, 1145, 1, FS, V
134.2, 1176, 1, IB, V
134.2, 1185, 1, IB, V
134.2, 1287, 1, FS, IV
134.2, 1311, 1, RS, III
134.2, 1516, 1, LTS, III
134.2, 1517, 1, LTS, III
134.3, 1031, 1, LTS, VI
134.3, 1168, 1, IB, V
134.3, 1182, 1, IB, V
134.3, 1184, 1, IB, V
134.3, 1461, 1, RS, III
134.4, 386, 0, FS, V
134.4, 844, 1, RS, VI
134.4, 1181, 1, IB, V
134.4, 1487, 1, FS, III
134.5, 1124, 1, FS, V
134.5, 1132, 1, FS, V
134.5, 1188, 1, IB, V
134.5, 1189, 1, IB, V
134.5, 1433, 1, RS, III
134.5, 1478, 1, FS, III
134.6, 362, 0, FS, V
134.6, 369, 0, FS, V
134.6, 382, 0, FS, V
134.6, 1017, 1, LTS, VI
134.6, 1186, 1, IB, V
134.6, 1302, 1, LTS, IV
134.6, 1308, 1, RS, III
134.6, 1380, 1, RS, III
134.6, 1382, 1, RS, III
134.6, 1470, 1, RS, III
134.7, 365, 0, FS, V
134.7, 1190, 1, IB, V
134.7, 1304, 1, LTS, IV
134.7, 1501, 1, FS, III
134.8, 368, 0, FS, V
134.8, 380, 0, FS, V
134.8, 1177, 1, IB, V
134.8, 1192, 1, IB, V
134.8, 1403, 1, RS, III
134.8, 1454, 1, RS, III
134.9, 364, 0, FS, V
134.9, 377, 0, FS, V
134.9, 1028, 1, LTS, VI
134.9, 1173, 1, IB, V
134.9, 1322, 1, RS, III
134.9, 1437, 1, RS, III
134.9, 2644, 3, FS, V
134.9, 2659, 3, FS, V
134.9, 2674, 3, FS, V
135, 376, 0, FS, V
135, 1183, 1, IB, V
135, 1428, 1, RS, III
135, 1492, 1, FS, III
135, 2274, 2, LTS, III
135.1, 381, 0, FS, V
135.1, 1000, 1, FS, VI
135.1, 1179, 1, IB, V
135.1, 1349, 1, RS, III
135.2, 371, 0, FS, V
135.2, 1023, 1, LTS, VI
135.2, 1506, 1, LTS, III
135.3, 375, 0, FS, V
135.3, 379, 0, FS, V
135.3, 1012, 1, LTS, VI
135.3, 1306, 1, LTS, IV
135.4, 1307, 1, RS, III
135.5, 374, 0, FS, V
135.5, 969, 1, RS, VI
135.5, 1500, 1, FS, III
135.5, 1520, 1, LTS, III
135.5, 2648, 3, FS, V
135.6, 378, 0, FS, V
135.6, 385, 0, FS, V
135.6, 1460, 1, RS, III
135.6, 1466, 1, RS, III
135.7, 384, 0, FS, V
135.7, 389, 0, FS, V
135.7, 1423, 1, RS, III
135.8, 383, 0, FS, V
135.8, 1021, 1, LTS, VI
135.8, 1289, 1, FS, IV
135.8, 1312, 1, RS, III
135.9, 373, 0, FS, V
135.9, 988, 1, FS, VI
135.9, 1367, 1, RS, III
135.9, 2665, 3, FS, V
135.9, 2666, 3, FS, V
136, 366, 0, FS, V
136, 388, 0, FS, V
136, 391, 0, FS, V
136, 1126, 1, FS, V
136, 1489, 1, FS, III
136, 2653, 3, FS, V
136.1, 893, 1, RS, VI
136.1, 1483, 1, FS, III
136.3, 363, 0, FS, V
136.3, 1451, 1, RS, III
136.4, 361, 0, FS, V
136.4, 1129, 1, FS, V
136.4, 2664, 3, FS, V
136.5, 1139, 1, FS, V
136.5, 1144, 1, FS, V
136.5, 1151, 1, FS, V
136.5, 1502, 1, FS, III
136.5, 2651, 3, FS, V
136.6, 367, 0, FS, V
136.6, 390, 0, FS, V
136.6, 1127, 1, FS, V
136.6, 1128, 1, FS, V
136.6, 1131, 1, FS, V
136.6, 1135, 1, FS, V
136.6, 1136, 1, FS, V
136.6, 1146, 1, FS, V
136.6, 1147, 1, FS, V
136.6, 1149, 1, FS, V
136.6, 1150, 1, FS, V
136.6, 1521, 1, LTS, III
136.7, 370, 0, FS, V
136.7, 372, 0, FS, V
136.7, 1123, 1, FS, V
136.7, 1125, 1, FS, V
136.7, 1134, 1, FS, V
136.7, 1137, 1, FS, V
136.7, 1152, 1, FS, V
136.7, 1491, 1, FS, III
136.8, 387, 0, FS, V
136.8, 1020, 1, LTS, VI
136.8, 1122, 1, FS, V
136.8, 1130, 1, FS, V
136.8, 1133, 1, FS, V
136.8, 1138, 1, FS, V
136.8, 1140, 1, FS, V
136.8, 1141, 1, FS, V
136.8, 1142, 1, FS, V
136.8, 1148, 1, FS, V
136.8, 1191, 1, IB, V
136.8, 1484, 1, FS, III
136.8, 1518, 1, LTS, III
136.8, 2645, 3, FS, V
136.9, 879, 1, RS, VI
136.9, 916, 1, RS, VI
136.9, 1014, 1, LTS, VI
136.9, 1143, 1, FS, V
136.9, 1167, 1, IB, V
136.9, 1485, 1, FS, III
136.9, 1504, 1, FS, III
137.1, 1145, 1, FS, V
137.1, 1169, 1, IB, V
137.1, 1178, 1, IB, V
137.1, 1496, 1, FS, III
137.2, 1180, 1, IB, V
137.2, 1299, 1, LTS, IV
137.2, 1479, 1, FS, III
137.2, 1514, 1, LTS, III
137.3, 386, 0, FS, V
137.3, 1171, 1, IB, V
137.3, 1174, 1, IB, V
137.3, 1296, 1, FS, IV
137.4, 820, 1, RS, VI
137.4, 1124, 1, FS, V
137.4, 1132, 1, FS, V
137.4, 1170, 1, IB, V
137.4, 1482, 1, FS, III
137.4, 1495, 1, FS, III
137.5, 232, 0, FS, VI
137.5, 362, 0, FS, V
137.5, 369, 0, FS, V
137.5, 382, 0, FS, V
137.5, 1172, 1, IB, V
137.5, 1175, 1, IB, V
137.5, 1187, 1, IB, V
137.5, 1505, 1, LTS, III
137.5, 2657, 3, FS, V
137.6, 365, 0, FS, V
137.6, 888, 1, RS, VI
137.6, 1176, 1, IB, V
137.6, 1185, 1, IB, V
137.6, 1320, 1, RS, III
137.7, 368, 0, FS, V
137.7, 380, 0, FS, V
137.7, 1168, 1, IB, V
137.7, 1182, 1, IB, V
137.7, 1184, 1, IB, V
137.7, 1309, 1, RS, III
137.7, 1487, 1, FS, III
137.7, 1494, 1, FS, III
137.7, 1499, 1, FS, III
137.7, 2647, 3, FS, V
137.8, 364, 0, FS, V
137.8, 377, 0, FS, V
137.8, 1181, 1, IB, V
137.8, 1305, 1, LTS, IV
137.8, 2659, 3, FS, V
137.9, 376, 0, FS, V
137.9, 1188, 1, IB, V
137.9, 1189, 1, IB, V
137.9, 1492, 1, FS, III
137.9, 1501, 1, FS, III
137.9, 1509, 1, LTS, III
137.9, 2672, 3, FS, V
138, 381, 0, FS, V
138, 1055, 1, RS, V
138, 1186, 1, IB, V
138, 1301, 1, LTS, IV
138, 1480, 1, FS, III
138, 1498, 1, FS, III
138.1, 371, 0, FS, V
138.1, 1190, 1, IB, V
138.1, 1427, 1, RS, III
138.1, 1493, 1, FS, III
138.1, 1512, 1, LTS, III
138.2, 375, 0, FS, V
138.2, 379, 0, FS, V
138.2, 1177, 1, IB, V
138.2, 1192, 1, IB, V
138.2, 1297, 1, LTS, IV
138.2, 1497, 1, FS, III
138.3, 1043, 1, RS, V
138.3, 1173, 1, IB, V
138.3, 1387, 1, RS, III
138.3, 1444, 1, RS, III
138.4, 374, 0, FS, V
138.4, 1034, 1, RS, V
138.4, 1048, 1, RS, V
138.4, 1073, 1, RS, V
138.4, 1093, 1, RS, V
138.4, 1183, 1, IB, V
138.4, 1300, 1, LTS, IV
138.4, 1490, 1, FS, III
138.4, 1500, 1, FS, III
138.4, 1503, 1, FS, III
138.4, 2656, 3, FS, V
138.4, 2658, 3, FS, V
138.4, 2674, 3, FS, V
138.5, 378, 0, FS, V
138.5, 385, 0, FS, V
138.5, 1069, 1, RS, V
138.5, 1070, 1, RS, V
138.5, 1076, 1, RS, V
138.5, 1179, 1, IB, V
138.5, 1421, 1, RS, III
138.5, 1510, 1, LTS, III
138.6, 384, 0, FS, V
138.6, 389, 0, FS, V
138.6, 1051, 1, RS, V
138.6, 1054, 1, RS, V
138.6, 1064, 1, RS, V
138.6, 1091, 1, RS, V
138.6, 1099, 1, RS, V
138.6, 1110, 1, RS, V
138.7, 383, 0, FS, V
138.7, 938, 1, RS, VI
138.7, 1039, 1, RS, V
138.7, 1066, 1, RS, V
138.7, 1072, 1, RS, V
138.7, 1085, 1, RS, V
138.7, 1096, 1, RS, V
138.7, 1106, 1, RS, V
138.7, 1113, 1, RS, V
138.7, 1286, 1, FS, IV
138.7, 1478, 1, FS, III
138.8, 373, 0, FS, V
138.8, 1049, 1, RS, V
138.8, 1116, 1, RS, V
138.8, 2652, 3, FS, V
138.8, 2663, 3, FS, V
138.8, 2665, 3, FS, V
138.9, 366, 0, FS, V
138.9, 388, 0, FS, V
138.9, 1037, 1, RS, V
138.9, 1084, 1, RS, V
138.9, 1089, 1, RS, V
138.9, 1126, 1, FS, V
138.9, 1381, 1, RS, III
138.9, 1412, 1, RS, III
138.9, 1418, 1, RS, III
138.9, 1489, 1, FS, III
138.9, 2644, 3, FS, V
139, 248, 0, FS, VI
139, 1033, 1, RS, V
139, 1045, 1, RS, V
139, 1046, 1, RS, V
139, 1058, 1, RS, V
139, 1062, 1, RS, V
139, 1074, 1, RS, V
139, 1087, 1, RS, V
139, 1108, 1, RS, V
139, 1120, 1, RS, V
139, 1483, 1, FS, III
139, 1516, 1, LTS, III
139, 1517, 1, LTS, III
139.1, 1047, 1, RS, V
139.1, 1059, 1, RS, V
139.1, 1104, 1, RS, V
139.2, 363, 0, FS, V
139.2, 807, 1, RS, VI
139.2, 1050, 1, RS, V
139.2, 1053, 1, RS, V
139.2, 1057, 1, RS, V
139.2, 1061, 1, RS, V
139.2, 1088, 1, RS, V
139.2, 1107, 1, RS, V
139.2, 1119, 1, RS, V
139.3, 361, 0, FS, V
139.3, 391, 0, FS, V
139.3, 1082, 1, RS, V
139.3, 1083, 1, RS, V
139.3, 1101, 1, RS, V
139.3, 1112, 1, RS, V
139.3, 1129, 1, FS, V
139.3, 1303, 1, LTS, IV
139.3, 1402, 1, RS, III
139.3, 1481, 1, FS, III
139.4, 1036, 1, RS, V
139.4, 1041, 1, RS, V
139.4, 1052, 1, RS, V
139.4, 1067, 1, RS, V
139.4, 1071, 1, RS, V
139.4, 1075, 1, RS, V
139.4, 1094, 1, RS, V
139.4, 1095, 1, RS, V
139.4, 1098, 1, RS, V
139.4, 1105, 1, RS, V
139.4, 1139, 1, FS, V
139.4, 1144, 1, FS, V
139.4, 1151, 1, FS, V
139.4, 1302, 1, LTS, IV
139.4, 1315, 1, RS, III
139.4, 1502, 1, FS, III
139.4, 2648, 3, FS, V
139.4, 3791, 4, LTS, III
139.5, 390, 0, FS, V
139.5, 1035, 1, RS, V
139.5, 1040, 1, RS, V
139.5, 1056, 1, RS, V
139.5, 1077, 1, RS, V
139.5, 1078, 1, RS, V
139.5, 1080, 1, RS, V
139.5, 1127, 1, FS, V
139.5, 1128, 1, FS, V
139.5, 1131, 1, FS, V
139.5, 1135, 1, FS, V
139.5, 1136, 1, FS, V
139.5, 1146, 1, FS, V
139.5, 1147, 1, FS, V
139.5, 1149, 1, FS, V
139.5, 1150, 1, FS, V
139.5, 1304, 1, LTS, IV
139.6, 372, 0, FS, V
139.6, 1042, 1, RS, V
139.6, 1044, 1, RS, V
139.6, 1090, 1, RS, V
139.6, 1114, 1, RS, V
139.6, 1123, 1, FS, V
139.6, 1125, 1, FS, V
139.6, 1134, 1, FS, V
139.6, 1137, 1, FS, V
139.6, 1152, 1, FS, V
139.6, 1363, 1, RS, III
139.7, 387, 0, FS, V
139.7, 1063, 1, RS, V
139.7, 1079, 1, RS, V
139.7, 1122, 1, FS, V
139.7, 1130, 1, FS, V
139.7, 1133, 1, FS, V
139.7, 1138, 1, FS, V
139.7, 1140, 1, FS, V
139.7, 1141, 1, FS, V
139.7, 1142, 1, FS, V
139.7, 1148, 1, FS, V
139.7, 1298, 1, LTS, IV
139.7, 1455, 1, RS, III
139.7, 1486, 1, FS, III
139.8, 1038, 1, RS, V
139.8, 1068, 1, RS, V
139.8, 1081, 1, RS, V
139.8, 1086, 1, RS, V
139.8, 1097, 1, RS, V
139.8, 1103, 1, RS, V
139.8, 1143, 1, FS, V
139.8, 1485, 1, FS, III
139.8, 1504, 1, FS, III
139.9, 1060, 1, RS, V
139.9, 1065, 1, RS, V
139.9, 1117, 1, RS, V
139.9, 1118, 1, RS, V
140, 1092, 1, RS, V
140, 1102, 1, RS, V
140, 1145, 1, FS, V
140, 1506, 1, LTS, III
140.1, 1306, 1, LTS, IV
140.1, 1479, 1, FS, III
140.2, 386, 0, FS, V
140.2, 1109, 1, RS, V
140.2, 1191, 1, IB, V
140.2, 1288, 1, FS, IV
140.2, 2653, 3, FS, V
140.3, 1124, 1, FS, V
140.3, 1132, 1, FS, V
140.3, 1167, 1, IB, V
140.3, 1482, 1, FS, III
140.3, 1520, 1, LTS, III
140.3, 2664, 3, FS, V
140.4, 362, 0, FS, V
140.4, 369, 0, FS, V
140.4, 382, 0, FS, V
140.5, 365, 0, FS, V
140.5, 1169, 1, IB, V
140.5, 1178, 1, IB, V
140.5, 1491, 1, FS, III
140.5, 2645, 3, FS, V
140.6, 368, 0, FS, V
140.6, 380, 0, FS, V
140.6, 1180, 1, IB, V
140.6, 2651, 3, FS, V
140.7, 364, 0, FS, V
140.7, 1171, 1, IB, V
140.7, 1174, 1, IB, V
140.7, 2666, 3, FS, V
140.8, 1170, 1, IB, V
140.9, 381, 0, FS, V
140.9, 1172, 1, IB, V
140.9, 1175, 1, IB, V
140.9, 1470, 1, RS, III
140.9, 1484, 1, FS, III
140.9, 2662, 3, FS, V
141, 1176, 1, IB, V
141, 1185, 1, IB, V
141, 2673, 3, FS, V
141.1, 375, 0, FS, V
141.1, 379, 0, FS, V
141.1, 1168, 1, IB, V
141.1, 1182, 1, IB, V
141.1, 1184, 1, IB, V
141.1, 1319, 1, RS, III
141.2, 377, 0, FS, V
141.2, 1181, 1, IB, V
141.3, 376, 0, FS, V
141.3, 1188, 1, IB, V
141.3, 1189, 1, IB, V
141.3, 1415, 1, RS, III
141.3, 1515, 1, LTS, III
141.3, 3440, 4, LTS, V
141.4, 367, 0, FS, V
141.4, 371, 0, FS, V
141.4, 1186, 1, IB, V
141.4, 1521, 1, LTS, III
141.5, 374, 0, FS, V
141.5, 378, 0, FS, V
141.5, 384, 0, FS, V
141.5, 1190, 1, IB, V
141.5, 1332, 1, RS, III
141.5, 2650, 3, FS, V
141.6, 385, 0, FS, V
141.6, 1177, 1, IB, V
141.6, 1192, 1, IB, V
141.6, 1287, 1, FS, IV
141.6, 1391, 1, RS, III
141.6, 1450, 1, RS, III
141.6, 1518, 1, LTS, III
141.7, 389, 0, FS, V
141.7, 1173, 1, IB, V
141.8, 366, 0, FS, V
141.8, 388, 0, FS, V
141.8, 1126, 1, FS, V
141.8, 2659, 3, FS, V
141.9, 1179, 1, IB, V
142, 383, 0, FS, V
142, 1423, 1, RS, III
142, 1514, 1, LTS, III
142.1, 363, 0, FS, V
142.1, 373, 0, FS, V
142.1, 1496, 1, FS, III
142.2, 361, 0, FS, V
142.2, 370, 0, FS, V
142.2, 391, 0, FS, V
142.2, 1129, 1, FS, V
142.3, 1139, 1, FS, V
142.3, 1144, 1, FS, V
142.3, 1151, 1, FS, V
142.4, 390, 0, FS, V
142.4, 1127, 1, FS, V
142.4, 1128, 1, FS, V
142.4, 1131, 1, FS, V
142.4, 1135, 1, FS, V
142.4, 1136, 1, FS, V
142.4, 1146, 1, FS, V
142.4, 1147, 1, FS, V
142.4, 1149, 1, FS, V
142.4, 1150, 1, FS, V
142.5, 372, 0, FS, V
142.5, 1123, 1, FS, V
142.5, 1125, 1, FS, V
142.5, 1134, 1, FS, V
142.5, 1137, 1, FS, V
142.5, 1152, 1, FS, V
142.6, 387, 0, FS, V
142.6, 1122, 1, FS, V
142.6, 1130, 1, FS, V
142.6, 1133, 1, FS, V
142.6, 1138, 1, FS, V
142.6, 1140, 1, FS, V
142.6, 1141, 1, FS, V
142.6, 1142, 1, FS, V
142.6, 1148, 1, FS, V
142.7, 1143, 1, FS, V
142.7, 1464, 1, RS, III
142.7, 1509, 1, LTS, III
142.7, 3582, 4, LTS, IV
142.9, 1145, 1, FS, V
142.9, 1293, 1, FS, IV
143.1, 386, 0, FS, V
143.1, 706, 0, RS, III
143.2, 1124, 1, FS, V
143.2, 1132, 1, FS, V
143.3, 362, 0, FS, V
143.3, 369, 0, FS, V
143.3, 382, 0, FS, V
143.3, 1488, 1, FS, III
143.4, 365, 0, FS, V
143.4, 744, 0, LTS, III
143.4, 1296, 1, FS, IV
143.4, 2655, 3, FS, V
143.5, 368, 0, FS, V
143.5, 380, 0, FS, V
143.5, 1353, 1, RS, III
143.5, 2674, 3, FS, V
143.6, 364, 0, FS, V
143.6, 1191, 1, IB, V
143.6, 1485, 1, FS, III
143.7, 1483, 1, FS, III
143.7, 1498, 1, FS, III
143.7, 1502, 1, FS, III
143.8, 381, 0, FS, V
143.8, 1478, 1, FS, III
143.8, 1484, 1, FS, III
143.8, 1516, 1, LTS, III
143.9, 1510, 1, LTS, III
143.9, 1517, 1, LTS, III
144, 375, 0, FS, V
144, 379, 0, FS, V
144.1, 377, 0, FS, V
144.1, 1171, 1, IB, V
144.1, 1174, 1, IB, V
144.2, 376, 0, FS, V
144.2, 1170, 1, IB, V
144.2, 1482, 1, FS, III
144.2, 1499, 1, FS, III
144.3, 367, 0, FS, V
144.3, 371, 0, FS, V
144.3, 731, 0, FS, III
144.3, 1172, 1, IB, V
144.3, 1175, 1, IB, V
144.3, 1487, 1, FS, III
144.4, 374, 0, FS, V
144.4, 378, 0, FS, V
144.4, 384, 0, FS, V
144.4, 1176, 1, IB, V
144.4, 1497, 1, FS, III
144.4, 2252, 2, FS, III
144.4, 2263, 2, FS, III
144.5, 385, 0, FS, V
144.5, 1168, 1, IB, V
144.5, 1169, 1, IB, V
144.5, 1501, 1, FS, III
144.6, 389, 0, FS, V
144.6, 1043, 1, RS, V
144.6, 1181, 1, IB, V
144.6, 1495, 1, FS, III
144.6, 1504, 1, FS, III
144.7, 366, 0, FS, V
144.7, 388, 0, FS, V
144.7, 1048, 1, RS, V
144.7, 1126, 1, FS, V
144.7, 1189, 1, IB, V
144.7, 1305, 1, LTS, IV
144.8, 1069, 1, RS, V
144.8, 1076, 1, RS, V
144.8, 1186, 1, IB, V
144.8, 1489, 1, FS, III
144.9, 383, 0, FS, V
144.9, 1051, 1, RS, V
144.9, 1054, 1, RS, V
144.9, 1064, 1, RS, V
144.9, 1091, 1, RS, V
144.9, 1099, 1, RS, V
144.9, 1491, 1, FS, III
145, 363, 0, FS, V
145, 373, 0, FS, V
145, 1039, 1, RS, V
145, 1085, 1, RS, V
145, 1106, 1, RS, V
145, 1113, 1, RS, V
145, 1192, 1, IB, V
145, 1492, 1, FS, III
145, 1496, 1, FS, III
145, 1513, 1, LTS, III
145.1, 361, 0, FS, V
145.1, 370, 0, FS, V
145.1, 391, 0, FS, V
145.1, 1049, 1, RS, V
145.1, 1129, 1, FS, V
145.1, 1190, 1, IB, V
145.1, 1493, 1, FS, III
145.1, 1520, 1, LTS, III
145.2, 1037, 1, RS, V
145.2, 1089, 1, RS, V
145.2, 1139, 1, FS, V
145.2, 1144, 1, FS, V
145.2, 1151, 1, FS, V
145.2, 2254, 2, FS, III
145.3, 390, 0, FS, V
145.3, 1046, 1, RS, V
145.3, 1058, 1, RS, V
145.3, 1074, 1, RS, V
145.3, 1108, 1, RS, V
145.3, 1127, 1, FS, V
145.3, 1128, 1, FS, V
145.3, 1131, 1, FS, V
145.3, 1135, 1, FS, V
145.3, 1136, 1, FS, V
145.3, 1146, 1, FS, V
145.3, 1147, 1, FS, V
145.3, 1149, 1, FS, V
145.3, 1150, 1, FS, V
145.3, 1179, 1, IB, V
145.4, 372, 0, FS, V
145.4, 1059, 1, RS, V
145.4, 1123, 1, FS, V
145.4, 1125, 1, FS, V
145.4, 1134, 1, FS, V
145.4, 1137, 1, FS, V
145.4, 1152, 1, FS, V
145.5, 387, 0, FS, V
145.5, 1050, 1, RS, V
145.5, 1053, 1, RS, V
145.5, 1061, 1, RS, V
145.5, 1122, 1, FS, V
145.5, 1130, 1, FS, V
145.5, 1133, 1, FS, V
145.5, 1138, 1, FS, V
145.5, 1140, 1, FS, V
145.5, 1141, 1, FS, V
145.5, 1142, 1, FS, V
145.5, 1148, 1, FS, V
145.5, 1490, 1, FS, III
145.6, 1143, 1, FS, V
145.6, 1182, 1, IB, V
145.7, 758, 0, LTS, III
145.7, 1052, 1, RS, V
145.7, 1071, 1, RS, V
145.7, 1094, 1, RS, V
145.7, 1095, 1, RS, V
145.7, 1098, 1, RS, V
145.7, 1290, 1, FS, IV
145.7, 1494, 1, FS, III
145.8, 741, 0, FS, III
145.8, 1056, 1, RS, V
145.8, 1080, 1, RS, V
145.8, 1145, 1, FS, V
145.9, 545, 0, LTS, IV
145.9, 735, 0, FS, III
145.9, 1090, 1, RS, V
145.9, 1114, 1, RS, V
146, 386, 0, FS, V
146, 729, 0, FS, III
146, 2242, 2, FS, III
146.1, 753, 0, LTS, III
146.1, 1124, 1, FS, V
146.1, 1132, 1, FS, V
146.1, 1500, 1, FS, III
146.1, 1512, 1, LTS, III
146.1, 2282, 2, LTS, III
146.2, 362, 0, FS, V
146.2, 369, 0, FS, V
146.2, 382, 0, FS, V
146.2, 717, 0, FS, III
146.2, 1480, 1, FS, III
146.2, 1521, 1, LTS, III
146.3, 365, 0, FS, V
146.3, 739, 0, FS, III
146.3, 1092, 1, RS, V
146.3, 1102, 1, RS, V
146.4, 368, 0, FS, V
146.4, 380, 0, FS, V
146.4, 1518, 1, LTS, III
146.5, 364, 0, FS, V
146.5, 2259, 2, FS, III
146.5, 2274, 2, LTS, III
146.6, 756, 0, LTS, III
146.6, 760, 0, LTS, III
146.6, 2239, 2, FS, III
146.7, 381, 0, FS, V
146.7, 754, 0, LTS, III
146.8, 1478, 1, FS, III
146.8, 1514, 1, LTS, III
146.9, 375, 0, FS, V
146.9, 379, 0, FS, V
147, 377, 0, FS, V
147, 1191, 1, IB, V
147, 2265, 2, FS, III
147, 2547, 3, LTS, VI
147.1, 2665, 3, FS, V
147.2, 376, 0, FS, V
147.3, 374, 0, FS, V
147.3, 378, 0, FS, V
147.3, 384, 0, FS, V
147.4, 385, 0, FS, V
147.4, 2255, 2, FS, III
147.4, 2270, 2, LTS, III
147.5, 371, 0, FS, V
147.5, 389, 0, FS, V
147.5, 1174, 1, IB, V
147.5, 1509, 1, LTS, III
147.6, 388, 0, FS, V
147.6, 734, 0, FS, III
147.6, 1126, 1, FS, V
147.6, 2249, 2, FS, III
147.7, 1481, 1, FS, III
147.7, 2653, 3, FS, V
147.8, 383, 0, FS, V
147.8, 748, 0, LTS, III
147.8, 1176, 1, IB, V
147.9, 363, 0, FS, V
147.9, 373, 0, FS, V
147.9, 746, 0, LTS, III
147.9, 752, 0, LTS, III
148, 361, 0, FS, V
148, 750, 0, LTS, III
148, 1129, 1, FS, V
148, 1181, 1, IB, V
148.1, 391, 0, FS, V
148.1, 1139, 1, FS, V
148.1, 1144, 1, FS, V
148.1, 1151, 1, FS, V
148.1, 3294, 4, LTS, VI
148.2, 390, 0, FS, V
148.2, 1127, 1, FS, V
148.2, 1128, 1, FS, V
148.2, 1131, 1, FS, V
148.2, 1135, 1, FS, V
148.2, 1136, 1, FS, V
148.2, 1146, 1, FS, V
148.2, 1147, 1, FS, V
148.2, 1149, 1, FS, V
148.2, 1150, 1, FS, V
148.2, 2272, 2, LTS, III
148.3, 366, 0, FS, V
148.3, 1123, 1, FS, V
148.3, 1125, 1, FS, V
148.3, 1134, 1, FS, V
148.3, 1137, 1, FS, V
148.3, 1152, 1, FS, V
148.3, 2245, 2, FS, III
148.4, 387, 0, FS, V
148.4, 1122, 1, FS, V
148.4, 1130, 1, FS, V
148.4, 1133, 1, FS, V
148.4, 1138, 1, FS, V
148.4, 1140, 1, FS, V
148.4, 1141, 1, FS, V
148.4, 1142, 1, FS, V
148.4, 1148, 1, FS, V
148.4, 2651, 3, FS, V
148.5, 1143, 1, FS, V
148.6, 367, 0, FS, V
148.7, 1145, 1, FS, V
148.8, 370, 0, FS, V
148.8, 372, 0, FS, V
148.8, 726, 0, FS, III
148.8, 1517, 1, LTS, III
149, 1124, 1, FS, V
149, 1132, 1, FS, V
149.1, 362, 0, FS, V
149.1, 369, 0, FS, V
149.1, 382, 0, FS, V
149.1, 2248, 2, FS, III
149.1, 2271, 2, LTS, III
149.2, 365, 0, FS, V
149.2, 2261, 2, FS, III
149.2, 2269, 2, LTS, III
149.3, 368, 0, FS, V
149.3, 380, 0, FS, V
149.4, 364, 0, FS, V
149.4, 728, 0, FS, III
149.4, 2273, 2, LTS, III
149.5, 386, 0, FS, V
149.5, 2648, 3, FS, V
149.6, 381, 0, FS, V
149.6, 1301, 1, LTS, IV
149.8, 375, 0, FS, V
149.8, 379, 0, FS, V
149.8, 2279, 2, LTS, III
149.9, 377, 0, FS, V
150, 2257, 2, FS, III
150.1, 376, 0, FS, V
150.1, 3309, 4, LTS, VI
150.2, 374, 0, FS, V
150.2, 378, 0, FS, V
150.2, 384, 0, FS, V
150.2, 1516, 1, LTS, III
150.2, 2264, 2, FS, III
150.5, 388, 0, FS, V
150.5, 1126, 1, FS, V
150.5, 2268, 2, LTS, III
150.7, 389, 0, FS, V
150.7, 1482, 1, FS, III
150.8, 2665, 3, FS, V
150.9, 361, 0, FS, V
150.9, 1129, 1, FS, V
151, 1139, 1, FS, V
151, 1144, 1, FS, V
151, 1151, 1, FS, V
151.1, 390, 0, FS, V
151.1, 1127, 1, FS, V
151.1, 1128, 1, FS, V
151.1, 1131, 1, FS, V
151.1, 1135, 1, FS, V
151.1, 1136, 1, FS, V
151.1, 1146, 1, FS, V
151.1, 1147, 1, FS, V
151.1, 1149, 1, FS, V
151.1, 1150, 1, FS, V
151.1, 1483, 1, FS, III
151.2, 1123, 1, FS, V
151.2, 1125, 1, FS, V
151.2, 1134, 1, FS, V
151.2, 1137, 1, FS, V
151.2, 1152, 1, FS, V
151.3, 387, 0, FS, V
151.3, 1122, 1, FS, V
151.3, 1130, 1, FS, V
151.3, 1133, 1, FS, V
151.3, 1138, 1, FS, V
151.3, 1140, 1, FS, V
151.3, 1141, 1, FS, V
151.3, 1142, 1, FS, V
151.3, 1148, 1, FS, V
151.3, 2281, 2, LTS, III
151.4, 1143, 1, FS, V
151.4, 2262, 2, FS, III
151.4, 2664, 3, FS, V
151.6, 733, 0, FS, III
151.6, 1145, 1, FS, V
151.7, 3033, 3, LTS, III
151.8, 2659, 3, FS, V
151.9, 1124, 1, FS, V
152, 363, 0, FS, V
152.1, 1132, 1, FS, V
152.2, 368, 0, FS, V
152.2, 2674, 3, FS, V
152.6, 382, 0, FS, V
152.7, 373, 0, FS, V
152.9, 362, 0, FS, V
153.1, 3031, 3, LTS, III
153.2, 2644, 3, FS, V
153.4, 2657, 3, FS, V
153.5, 1478, 1, FS, III
153.5, 2538, 3, LTS, VI
153.7, 1126, 1, FS, V
153.9, 1151, 1, FS, V
153.9, 2828, 3, LTS, IV
154, 1135, 1, FS, V
154.1, 1125, 1, FS, V
154.1, 1137, 1, FS, V
154.1, 1152, 1, FS, V
154.2, 1133, 1, FS, V
154.2, 1139, 1, FS, V
154.2, 1140, 1, FS, V
154.3, 1123, 1, FS, V
154.5, 1145, 1, FS, V
154.5, 3302, 4, LTS, VI
154.7, 3036, 3, LTS, III
154.8, 2645, 3, FS, V
154.9, 1136, 1, FS, V
154.9, 2666, 3, FS, V
155, 3027, 3, LTS, III
155.4, 1141, 1, FS, V
155.7, 1150, 1, FS, V
156.2, 1143, 1, FS, V
156.2, 2651, 3, FS, V
159.1, 2819, 3, LTS, IV
163, 3585, 4, LTS, IV
165.9, 541, 0, LTS, IV
169.7, 263, 0, LTS, VI
174.8, 271, 0, LTS, VI
175.5, 262, 0, LTS, VI
176.9, 267, 0, LTS, VI
178.9, 265, 0, LTS, VI
179.1, 400, 0, LTS, V
179.4, 3299, 4, LTS, VI
181, 394, 0, LTS, V
181.5, 397, 0, LTS, V
182, 392, 0, LTS, V
182.1, 1161, 1, LTS, V
182.2, 405, 0, LTS, V
182.4, 258, 0, LTS, VI
182.5, 399, 0, LTS, V
182.6, 395, 0, LTS, V
183, 398, 0, LTS, V
183.5, 1157, 1, LTS, V
183.8, 403, 0, LTS, V
184, 1159, 1, LTS, V
184.1, 401, 0, LTS, V
184.4, 1160, 1, LTS, V
184.8, 404, 0, LTS, V
184.8, 1158, 1, LTS, V
185, 396, 0, LTS, V
185.1, 402, 0, LTS, V
185.3, 1016, 1, LTS, VI
185.3, 1166, 1, LTS, V
185.8, 1154, 1, LTS, V
185.8, 1165, 1, LTS, V
186.2, 393, 0, LTS, V
186.4, 1156, 1, LTS, V
186.7, 2679, 3, LTS, V
186.8, 2545, 3, LTS, VI
186.9, 1163, 1, LTS, V
188.2, 1164, 1, LTS, V
188.2, 2680, 3, LTS, V
189.4, 2592, 3, RS, V
189.5, 1162, 1, LTS, V
189.7, 1155, 1, LTS, V
190, 1153, 1, LTS, V
191.1, 2683, 3, LTS, V
191.1, 2791, 3, RS, IV
191.4, 1157, 1, LTS, V
191.6, 2678, 3, LTS, V
192, 3310, 4, LTS, VI
192.2, 2682, 3, LTS, V
193.1, 3788, 4, LTS, III
197.2, 400, 0, LTS, V
201.7, 399, 0, LTS, V
201.9, 2820, 3, LTS, IV
202.1, 2537, 3, LTS, VI
202.5, 2681, 3, LTS, V
204.5, 757, 0, LTS, III
204.6, 2266, 2, LTS, III
205.5, 2821, 3, LTS, IV
205.7, 516, 0, RS, IV
206.3, 2087, 2, RS, III
206.4, 2181, 2, RS, III
207.7, 1026, 1, LTS, VI
208.4, 3311, 4, LTS, VI
211.6, 255, 0, LTS, VI
214.3, 1161, 1, LTS, V
214.3, 2688, 3, LTS, V
215.1, 2160, 2, RS, III
216.9, 538, 0, LTS, IV
220.8, 2189, 2, RS, III
223.4, 542, 0, LTS, IV
224.7, 2687, 3, LTS, V
227.8, 2163, 2, RS, III
228.6, 2136, 2, RS, III
229.2, 3796, 4, LTS, III
229.7, 396, 0, LTS, V
230.2, 3444, 4, LTS, V
235.9, 1159, 1, LTS, V
237, 744, 0, LTS, III
240.2, 3589, 4, LTS, IV
240.3, 2186, 2, RS, III
240.4, 2119, 2, RS, III
241.7, 1011, 1, LTS, VI
242.1, 1157, 1, LTS, V
243.7, 2182, 2, RS, III
243.7, 2533, 3, LTS, VI
246.5, 3582, 4, LTS, IV
246.7, 3307, 4, LTS, VI
250.1, 2550, 3, LTS, VI
254.1, 397, 0, LTS, V
257.1, 125, 0, RS, VI
258.5, 3442, 4, LTS, V
264.5, 398, 0, LTS, V
265.4, 3301, 4, LTS, VI
266.7, 2554, 3, LTS, VI
266.9, 3315, 4, LTS, VI
272.1, 3035, 3, LTS, III
273.6, 2543, 3, LTS, VI
279, 1032, 1, LTS, VI
283.3, 299, 0, RS, V
286.1, 266, 0, LTS, VI
286.5, 1158, 1, LTS, V
289.8, 2781, 3, RS, IV
290.7, 264, 0, LTS, VI
291.8, 649, 0, RS, III
293.1, 3791, 4, LTS, III
295.5, 1021, 1, LTS, VI
297.6, 752, 0, LTS, III
297.9, 2828, 3, LTS, IV
300, 3294, 4, LTS, VI
301.6, 753, 0, LTS, III
303.2, 3306, 4, LTS, VI
305.9, 327, 0, RS, V
306, 3027, 3, LTS, III
307.9, 1161, 1, LTS, V
318.4, 354, 0, RS, V
319.1, 2538, 3, LTS, VI
323.6, 1015, 1, LTS, VI
325, 545, 0, LTS, IV
325.4, 3585, 4, LTS, IV
326.7, 396, 0, LTS, V
328.5, 858, 1, RS, VI
329.4, 2681, 3, LTS, V
331.4, 2678, 3, LTS, V
331.6, 271, 0, LTS, VI
332.5, 250, 0, LTS, VI
332.5, 2345, 3, RS, VI
332.7, 1514, 1, LTS, III
334.7, 1155, 1, LTS, V
337.1, 265, 0, LTS, VI
340.9, 2534, 3, LTS, VI
343.1, 3308, 4, LTS, VI
344.1, 754, 0, LTS, III
344.5, 3037, 3, LTS, III
344.8, 262, 0, LTS, VI
345.8, 1025, 1, LTS, VI
350.1, 356, 0, RS, V
352, 3669, 4, RS, III
353.9, 3035, 3, LTS, III
354.2, 2275, 2, LTS, III
354.2, 3444, 4, LTS, V
356.5, 1505, 1, LTS, III
363, 400, 0, LTS, V
363.9, 3791, 4, LTS, III
364, 3311, 4, LTS, VI
366.2, 2680, 3, LTS, V
366.3, 3797, 4, LTS, III
367.2, 3392, 4, RS, V
369.1, 1011, 1, LTS, VI
370.3, 1299, 1, LTS, IV
372.2, 3443, 4, LTS, V
379.1, 2194, 2, RS, III
381.3, 3799, 4, LTS, III
382.9, 2545, 3, LTS, VI
385.9, 481, 0, RS, IV
386.4, 3788, 4, LTS, III
387.2, 256, 0, LTS, VI
387.9, 3446, 4, LTS, V
388, 2865, 3, RS, III
390.4, 2548, 3, LTS, VI
394.1, 3309, 4, LTS, VI
397.6, 3299, 4, LTS, VI
398.7, 398, 0, LTS, V
398.9, 335, 0, RS, V
399.7, 266, 0, LTS, VI
402.6, 3042, 3, LTS, III
403.1, 507, 0, RS, IV
404, 3036, 3, LTS, III
404.3, 2266, 2, LTS, III
405, 2593, 3, RS, V
408.1, 255, 0, LTS, VI
408.7, 2683, 3, LTS, V
408.8, 399, 0, LTS, V
409.2, 2687, 3, LTS, V
411.1, 2679, 3, LTS, V
411.4, 2685, 3, LTS, V
413.7, 752, 0, LTS, III
414.9, 1032, 1, LTS, VI
417, 250, 0, LTS, VI
418.9, 1158, 1, LTS, V
421.3, 1067, 1, RS, V
423.6, 2274, 2, LTS, III
425.7, 3315, 4, LTS, VI
428.8, 495, 0, RS, IV
430.1, 1016, 1, LTS, VI
430.9, 271, 0, LTS, VI
434.4, 3030, 3, LTS, III
436.6, 3582, 4, LTS, IV
437.9, 1019, 1, LTS, VI
438.1, 3796, 4, LTS, III
438.4, 3090, 4, RS, VI
443.8, 2269, 2, LTS, III
445, 1306, 1, LTS, IV
445.7, 2680, 3, LTS, V
447, 3442, 4, LTS, V
453.2, 3294, 4, LTS, VI
455.1, 3440, 4, LTS, V
458.3, 3308, 4, LTS, VI
458.9, 3794, 4, LTS, III
461, 539, 0, LTS, IV
461.1, 2552, 3, LTS, VI
466.8, 2623, 3, RS, V
468.2, 1165, 1, LTS, V
470.1, 396, 0, LTS, V
471.7, 1302, 1, LTS, IV
471.8, 2938, 3, RS, III
474.4, 3301, 4, LTS, VI
476.9, 1026, 1, LTS, VI
477.7, 541, 0, LTS, IV
478, 2628, 3, RS, V
478.7, 260, 0, LTS, VI
480.4, 754, 0, LTS, III
484.3, 257, 0, LTS, VI
484.4, 2681, 3, LTS, V
484.7, 3448, 4, LTS, V
484.8, 262, 0, LTS, VI
485.3, 1300, 1, LTS, IV
486, 1011, 1, LTS, VI
486.5, 2589, 3, RS, V
489.1, 744, 0, LTS, III
489.7, 2819, 3, LTS, IV
490.6, 2595, 3, RS, V
491.1, 538, 0, LTS, IV
493.2, 259, 0, LTS, VI
496.3, 3035, 3, LTS, III
496.7, 2533, 3, LTS, VI
497.9, 3040, 3, LTS, III
500.7, 1025, 1, LTS, VI
500.7, 3580, 4, LTS, IV
501.8, 3585, 4, LTS, IV
503.6, 1159, 1, LTS, V
504.4, 2821, 3, LTS, IV
506, 250, 0, LTS, VI
506.5, 3582, 4, LTS, IV
509.2, 2619, 3, RS, V
514.2, 2545, 3, LTS, VI
515.9, 3372, 4, RS, V
517.8, 2544, 3, LTS, VI
518.3, 267, 0, LTS, VI
527.6, 3788, 4, LTS, III
528.9, 31, 0, RS, VI
529.4, 3311, 4, LTS, VI
531.3, 2822, 3, LTS, IV
531.8, 2678, 3, LTS, V
533.9, 1021, 1, LTS, VI
537.2, 543, 0, LTS, IV
537.2, 3442, 4, LTS, V
539.1, 3299, 4, LTS, VI
541.3, 3027, 3, LTS, III
542.6, 2828, 3, LTS, IV
543.2, 2550, 3, LTS, VI
544.1, 1115, 1, RS, V
546.2, 2548, 3, LTS, VI
546.8, 180, 0, RS, VI
547.9, 1306, 1, LTS, IV
549.6, 271, 0, LTS, VI
551.1, 2679, 3, LTS, V
556.3, 2538, 3, LTS, VI
556.7, 2272, 2, LTS, III
558.6, 541, 0, LTS, IV
569.8, 1505, 1, LTS, III
570, 258, 0, LTS, VI
571, 2080, 2, RS, III
571.1, 1514, 1, LTS, III
571.7, 2677, 3, LTS, V
574.8, 1032, 1, LTS, VI
575.3, 1028, 1, LTS, VI
576.1, 402, 0, LTS, V
576.8, 747, 0, LTS, III
578.6, 1378, 1, RS, III
581.7, 3446, 4, LTS, V
585.4, 2546, 3, LTS, VI
588.7, 3315, 4, LTS, VI
588.9, 395, 0, LTS, V
588.9, 3308, 4, LTS, VI
589.3, 3589, 4, LTS, IV
589.5, 399, 0, LTS, V
591.9, 1159, 1, LTS, V
594.6, 405, 0, LTS, V
598.8, 2350, 3, RS, VI
600.8, 752, 0, LTS, III
601.9, 3033, 3, LTS, III
603.2, 1299, 1, LTS, IV
603.5, 545, 0, LTS, IV
603.5, 3441, 4, LTS, V
605.7, 2275, 2, LTS, III
605.9, 267, 0, LTS, VI
609.6, 255, 0, LTS, VI
611.7, 1011, 1, LTS, VI
612.4, 2547, 3, LTS, VI
612.6, 3440, 4, LTS, V
614.1, 3294, 4, LTS, VI
616.1, 2554, 3, LTS, VI
618.1, 3032, 3, LTS, III
618.5, 2533, 3, LTS, VI
619, 1163, 1, LTS, V
620.3, 398, 0, LTS, V
621.6, 2269, 2, LTS, III
621.9, 1511, 1, LTS, III
622.7, 1016, 1, LTS, VI
625.2, 3035, 3, LTS, III
626.1, 3311, 4, LTS, VI
627.8, 2544, 3, LTS, VI
629, 536, 0, LTS, IV
630, 1513, 1, LTS, III
630.6, 3036, 3, LTS, III
642.1, 400, 0, LTS, V
642.5, 3582, 4, LTS, IV
642.8, 265, 0, LTS, VI
643.9, 3304, 4, LTS, VI
651.8, 3302, 4, LTS, VI
652.4, 1158, 1, LTS, V
654.4, 1300, 1, LTS, IV
656, 2543, 3, LTS, VI
656.5, 2548, 3, LTS, VI
657.9, 2828, 3, LTS, IV
658.7, 2681, 3, LTS, V
661.5, 1157, 1, LTS, V
661.6, 3027, 3, LTS, III
662.2, 1100, 1, RS, V
665.5, 3585, 4, LTS, IV
671.1, 1025, 1, LTS, VI
672.4, 396, 0, LTS, V
672.5, 250, 0, LTS, VI
674.1, 2550, 3, LTS, VI
674.8, 188, 0, RS, VI
677.9, 1159, 1, LTS, V
680.6, 2266, 2, LTS, III
680.9, 3300, 4, LTS, VI
685, 2683, 3, LTS, V
687, 753, 0, LTS, III
687.6, 269, 0, LTS, VI
689.9, 1165, 1, LTS, V
693.8, 1021, 1, LTS, VI
694.1, 2821, 3, LTS, IV
695.1, 541, 0, LTS, IV
698.6, 3037, 3, LTS, III
698.7, 1299, 1, LTS, IV
699.9, 1032, 1, LTS, VI
703.5, 2541, 3, LTS, VI
706.9, 1016, 1, LTS, VI
708.7, 2916, 3, RS, III
709.5, 1161, 1, LTS, V
714.8, 1023, 1, LTS, VI
716.9, 1019, 1, LTS, VI
717.2, 3033, 3, LTS, III
718.9, 545, 0, LTS, IV
720.8, 615, 0, RS, III
720.9, 3441, 4, LTS, V
721.1, 271, 0, LTS, VI
723.3, 744, 0, LTS, III
729.9, 1028, 1, LTS, VI
730, 3660, 4, RS, III
731, 1026, 1, LTS, VI
733.8, 156, 0, RS, VI
734.7, 3309, 4, LTS, VI
735.2, 2423, 3, RS, VI
736, 3306, 4, LTS, VI
739.4, 759, 0, LTS, III
741.2, 3379, 4, RS, V
742.2, 3796, 4, LTS, III
742.5, 2545, 3, LTS, VI
743.4, 3311, 4, LTS, VI
743.8, 2679, 3, LTS, V
744.1, 1302, 1, LTS, IV
745.3, 264, 0, LTS, VI
746.3, 3035, 3, LTS, III
747.3, 286, 0, RS, V
747.6, 2533, 3, LTS, VI
749.7, 296, 0, RS, V
751.3, 1511, 1, LTS, III
751.6, 2828, 3, LTS, IV
754.6, 2537, 3, LTS, VI
755, 2202, 2, RS, III
755.9, 2274, 2, LTS, III
757, 2546, 3, LTS, VI
758, 1163, 1, LTS, V
758.2, 1508, 1, LTS, III
762.4, 3294, 4, LTS, VI
762.9, 147, 0, RS, VI
764.1, 397, 0, LTS, V
766, 2554, 3, LTS, VI
772.6, 2548, 3, LTS, VI
772.8, 2550, 3, LTS, VI
774.2, 3315, 4, LTS, VI
778.2, 1023, 1, LTS, VI
790.9, 1011, 1, LTS, VI
791.5, 1299, 1, LTS, IV
791.8, 3589, 4, LTS, IV
794.1, 1016, 1, LTS, VI
797, 888, 1, RS, VI
797.3, 3028, 3, LTS, III
800, 3203, 4, RS, VI
800.5, 265, 0, LTS, VI
800.6, 752, 0, LTS, III
800.8, 262, 0, LTS, VI
801.1, 3797, 4, LTS, III
801.9, 2681, 3, LTS, V
802.5, 2685, 3, LTS, V
804.6, 1158, 1, LTS, V
804.8, 3585, 4, LTS, IV
805.8, 1513, 1, LTS, III
813.8, 2683, 3, LTS, V
814.2, 2821, 3, LTS, IV
814.5, 1024, 1, LTS, VI
814.8, 260, 0, LTS, VI
816.1, 135, 0, RS, VI
818.6, 1032, 1, LTS, VI
818.8, 402, 0, LTS, V
821.2, 3299, 4, LTS, VI
821.7, 1019, 1, LTS, VI
823.2, 2545, 3, LTS, VI
823.8, 1204, 1, RS, IV
829.9, 1302, 1, LTS, IV
830.6, 1028, 1, LTS, VI
831.9, 538, 0, LTS, IV
833.8, 1025, 1, LTS, VI
833.9, 1157, 1, LTS, V
835.7, 3129, 4, RS, VI
835.8, 255, 0, LTS, VI
836.3, 250, 0, LTS, VI
837, 2824, 3, LTS, IV
845.1, 3308, 4, LTS, VI
847.7, 398, 0, LTS, V
850.2, 2678, 3, LTS, V
850.6, 346, 0, RS, V
851.9, 1306, 1, LTS, IV
852.4, 1030, 1, LTS, VI
856.8, 3315, 4, LTS, VI
859.5, 3038, 3, LTS, III
860, 3794, 4, LTS, III
860.4, 2952, 3, RS, III
860.7, 400, 0, LTS, V
863.1, 3446, 4, LTS, V
865.9, 2543, 3, LTS, VI
866, 3118, 4, RS, VI
867.3, 3042, 3, LTS, III
875.1, 3301, 4, LTS, VI
875.6, 1159, 1, LTS, V
876.6, 264, 0, LTS, VI
877.3, 3582, 4, LTS, IV
878.3, 2549, 3, LTS, VI
882.1, 3302, 4, LTS, VI
883, 261, 0, LTS, VI
884, 2462, 3, RS, VI
885.6, 271, 0, LTS, VI
887.5, 1514, 1, LTS, III
889.1, 3035, 3, LTS, III
889.9, 1298, 1, LTS, IV
890.8, 2681, 3, LTS, V
892.1, 3036, 3, LTS, III
892.8, 2828, 3, LTS, IV
893.7, 2547, 3, LTS, VI
894.3, 1355, 1, RS, III
894.6, 106, 0, RS, VI
896.1, 402, 0, LTS, V
897.9, 757, 0, LTS, III
898, 1518, 1, LTS, III
898.6, 657, 0, RS, III
902.8, 2533, 3, LTS, VI
903.5, 1040, 1, RS, V
905.8, 2554, 3, LTS, VI
908, 541, 0, LTS, IV
908.3, 2768, 3, RS, IV
908.4, 2819, 3, LTS, IV
909.2, 1118, 1, RS, V
909.5, 267, 0, LTS, VI
912, 2682, 3, LTS, V
912.7, 397, 0, LTS, V
916.4, 1425, 1, RS, III
919.1, 1026, 1, LTS, VI
920, 1434, 1, RS, III
920.4, 2275, 2, LTS, III
921.3, 1468, 1, RS, III
924.5, 1121, 1, RS, V
925.7, 3441, 4, LTS, V
926.6, 255, 0, LTS, VI
926.6, 1028, 1, LTS, VI
927.3, 3791, 4, LTS, III
928.1, 1120, 1, RS, V
929.2, 1101, 1, RS, V
929.7, 3310, 4, LTS, VI
930.3, 1050, 1, RS, V
930.6, 3587, 4, LTS, IV
930.9, 1113, 1, RS, V
931.7, 3583, 4, LTS, IV
932.2, 3796, 4, LTS, III
932.7, 1090, 1, RS, V
934.3, 1069, 1, RS, V
934.9, 1299, 1, LTS, IV
935.3, 1505, 1, LTS, III
937.2, 1059, 1, RS, V
937.3, 1051, 1, RS, V
937.4, 1106, 1, RS, V
937.8, 1016, 1, LTS, VI
938.1, 1023, 1, LTS, VI
938.2, 1511, 1, LTS, III
938.7, 1306, 1, LTS, IV
938.8, 1057, 1, RS, V
939.1, 1163, 1, LTS, V
941.1, 2357, 3, RS, VI
942.8, 1510, 1, LTS, III
942.8, 2546, 3, LTS, VI
943.4, 1061, 1, RS, V
944.7, 2545, 3, LTS, VI
945.6, 1506, 1, LTS, III
945.8, 2679, 3, LTS, V
947.3, 1410, 1, RS, III
947.4, 2868, 3, RS, III
949.8, 2687, 3, LTS, V
950, 1515, 1, LTS, III
950.4, 3589, 4, LTS, IV
952.8, 754, 0, LTS, III
954.8, 2677, 3, LTS, V
955.1, 2287, 3, RS, VI
957.9, 3298, 4, LTS, VI
958.7, 3037, 3, LTS, III
960.1, 3294, 4, LTS, VI
960.5, 265, 0, LTS, VI
961.2, 3040, 3, LTS, III
961.8, 2274, 2, LTS, III
962.5, 18, 0, RS, VI
962.6, 3309, 4, LTS, VI
963.1, 1019, 1, LTS, VI
964.8, 1011, 1, LTS, VI
968.2, 2580, 3, RS, V
968.8, 3306, 4, LTS, VI
969.2, 1161, 1, LTS, V
969.2, 2548, 3, LTS, VI
972.5, 269, 0, LTS, VI
973.3, 2538, 3, LTS, VI
978.4, 3442, 4, LTS, V
980, 1516, 1, LTS, III
980.3, 3444, 4, LTS, V
980.4, 2544, 3, LTS, VI
987.6, 747, 0, LTS, III
988.3, 760, 0, LTS, III
991.2, 1021, 1, LTS, VI
991.2, 1025, 1, LTS, VI
992.1, 1508, 1, LTS, III
997.2, 271, 0, LTS, VI
997.2, 2543, 3, LTS, VI
998, 1222, 1, RS, IV
