11.1, 1909, 2, LTS, V
11.5, 2540, 3, LTS, VI
13.7, 1515, 1, LTS, III
18.6, 1301, 1, LTS, IV
18.9, 542, 0, LTS, IV
20, 1783, 2, LTS, VI
21.1, 2279, 2, LTS, III
21.6, 1027, 1, LTS, VI
22.1, 535, 0, LTS, IV
23.1, 270, 0, LTS, VI
24, 1790, 2, LTS, VI
26.5, 396, 0, LTS, V
31.5, 758, 0, LTS, III
34.9, 3440, 4, LTS, V
35.4, 2548, 3, LTS, VI
35.5, 1509, 1, LTS, III
40.6, 261, 0, LTS, VI
40.8, 3433, 4, LTS, V
41.6, 1779, 2, LTS, VI
43, 1296, 1, LTS, IV
43.2, 387, 0, LTS, V
43.9, 2674, 3, LTS, V
45, 1303, 1, LTS, IV
45.1, 1025, 1, LTS, VI
48.4, 1920, 2, LTS, V
48.9, 1031, 1, LTS, VI
52, 1786, 2, LTS, VI
52.1, 3314, 4, LTS, VI
53.3, 2280, 2, LTS, III
54.6, 2818, 3, LTS, IV
56.2, 2553, 3, LTS, VI
57.5, 2825, 3, LTS, IV
57.7, 257, 0, LTS, VI
58.6, 757, 0, LTS, III
60.5, 1519, 1, LTS, III
64.3, 3576, 4, LTS, IV
66.2, 3032, 3, LTS, III
66.8, 2683, 3, LTS, V
67.1, 389, 0, LTS, V
71.4, 3586, 4, LTS, IV
72.2, 2817, 3, LTS, IV
72.9, 3037, 3, LTS, III
73.1, 3437, 4, LTS, V
74.1, 1018, 1, LTS, VI
74.2, 1295, 1, LTS, IV
74.3, 2541, 3, LTS, VI
79.6, 3431, 4, LTS, V
84.3, 3325, 4, RS, V
86.1, 584, 0, RS, III
88.8, 1846, 2, RS, V
90.9, 1922, 2, LTS, V
92.2, 3041, 3, LTS, III
95.5, 1918, 2, LTS, V
101.5, 2279, 2, LTS, III
102.2, 2270, 2, LTS, III
103.8, 3799, 4, LTS, III
103.9, 1220, 1, RS, IV
103.9, 3444, 4, LTS, V
104, 1195, 1, RS, IV
104, 1207, 1, RS, IV
104.2, 470, 0, RS, IV
104.2, 1222, 1, RS, IV
104.2, 1254, 1, RS, IV
104.3, 268, 0, LTS, VI
104.3, 1278, 1, RS, IV
104.4, 1272, 1, RS, IV
104.5, 1255, 1, RS, IV
104.5, 1264, 1, RS, IV
104.6, 1198, 1, RS, IV
104.6, 1204, 1, RS, IV
104.6, 1217, 1, RS, IV
104.6, 1268, 1, RS, IV
104.7, 1221, 1, RS, IV
104.7, 1228, 1, RS, IV
104.7, 1239, 1, RS, IV
104.7, 1287, 1, FS, IV
104.8, 1202, 1, RS, IV
104.8, 1236, 1, RS, IV
104.8, 1249, 1, RS, IV
104.8, 1280, 1, FS, IV
104.9, 1193, 1, RS, IV
104.9, 1231, 1, RS, IV
104.9, 2676, 3, LTS, V
105, 1124, 1, FS, V
105, 1201, 1, RS, IV
105, 1244, 1, RS, IV
105, 1253, 1, RS, IV
105, 1260, 1, RS, IV
105, 1274, 1, RS, IV
105.1, 1119, 1, FS, V
105.1, 1142, 1, FS, V
105.1, 1216, 1, RS, IV
105.1, 1238, 1, RS, IV
105.1, 1258, 1, RS, IV
105.1, 1286, 1, FS, IV
105.2, 1212, 1, RS, IV
105.2, 1277, 1, RS, IV
105.3, 1227, 1, RS, IV
105.3, 1243, 1, RS, IV
105.3, 1250, 1, RS, IV
105.3, 1270, 1, RS, IV
105.3, 1279, 1, FS, IV
105.3, 1288, 1, FS, IV
105.4, 450, 0, RS, IV
105.4, 1115, 1, FS, V
105.4, 1139, 1, FS, V
105.4, 1203, 1, RS, IV
105.4, 1213, 1, RS, IV
105.4, 1225, 1, RS, IV
105.4, 1240, 1, RS, IV
105.5, 507, 0, RS, IV
105.5, 1120, 1, FS, V
105.5, 1194, 1, RS, IV
105.5, 1257, 1, RS, IV
105.5, 1266, 1, RS, IV
105.5, 1281, 1, FS, IV
105.6, 1136, 1, FS, V
105.6, 1199, 1, RS, IV
105.6, 1205, 1, RS, IV
105.6, 1208, 1, RS, IV
105.6, 1246, 1, RS, IV
105.6, 1261, 1, RS, IV
105.7, 1206, 1, RS, IV
105.7, 1230, 1, RS, IV
105.7, 1233, 1, RS, IV
105.7, 1262, 1, RS, IV
105.8, 1127, 1, FS, V
105.8, 1209, 1, RS, IV
105.8, 1214, 1, RS, IV
105.8, 1215, 1, RS, IV
105.8, 1234, 1, RS, IV
105.8, 1245, 1, RS, IV
105.8, 1289, 1, FS, IV
105.8, 1290, 1, FS, IV
105.9, 1116, 1, FS, V
105.9, 1267, 1, RS, IV
106, 1122, 1, FS, V
106, 1138, 1, FS, V
106, 1141, 1, FS, V
106, 1218, 1, RS, IV
106, 1248, 1, RS, IV
106, 1282, 1, FS, IV
106.1, 1130, 1, FS, V
106.1, 1259, 1, RS, IV
106.1, 1273, 1, RS, IV
106.2, 457, 0, RS, IV
106.2, 1210, 1, RS, IV
106.2, 1211, 1, RS, IV
106.2, 1219, 1, RS, IV
106.2, 1241, 1, RS, IV
106.2, 1256, 1, RS, IV
106.2, 1265, 1, RS, IV
106.2, 1283, 1, FS, IV
106.2, 1291, 1, FS, IV
106.3, 1146, 1, FS, V
106.3, 1196, 1, RS, IV
106.3, 1263, 1, RS, IV
106.4, 452, 0, RS, IV
106.4, 1197, 1, RS, IV
106.4, 1224, 1, RS, IV
106.5, 448, 0, RS, IV
106.5, 1235, 1, RS, IV
106.5, 1242, 1, RS, IV
106.5, 1284, 1, FS, IV
106.5, 1285, 1, FS, IV
106.6, 1121, 1, FS, V
106.6, 1226, 1, RS, IV
106.6, 1252, 1, RS, IV
106.6, 1292, 1, FS, IV
106.6, 1955, 2, RS, IV
106.7, 505, 0, RS, IV
106.7, 1237, 1, RS, IV
106.7, 1251, 1, RS, IV
106.8, 1118, 1, FS, V
106.8, 1200, 1, RS, IV
106.9, 1133, 1, FS, V
106.9, 1223, 1, RS, IV
106.9, 1996, 2, RS, IV
106.9, 2014, 2, RS, IV
107, 497, 0, RS, IV
107, 1131, 1, FS, V
107, 1969, 2, RS, IV
107.1, 445, 0, RS, IV
107.1, 1123, 1, FS, V
107.1, 1271, 1, RS, IV
107.2, 1117, 1, FS, V
107.2, 1247, 1, RS, IV
107.2, 1269, 1, RS, IV
107.4, 3577, 4, LTS, IV
107.5, 480, 0, RS, IV
107.6, 1287, 1, FS, IV
107.7, 474, 0, RS, IV
107.7, 1125, 1, FS, V
107.7, 1275, 1, RS, IV
107.7, 1280, 1, FS, IV
107.7, 2027, 2, RS, IV
107.8, 1229, 1, RS, IV
108, 520, 0, FS, IV
108, 1286, 1, FS, IV
108.1, 527, 0, FS, IV
108.1, 531, 0, FS, IV
108.1, 1143, 1, FS, V
108.1, 1997, 2, RS, IV
108.2, 530, 0, FS, IV
108.2, 1279, 1, FS, IV
108.2, 1288, 1, FS, IV
108.2, 1956, 2, RS, IV
108.2, 2042, 2, FS, IV
108.3, 518, 0, FS, IV
108.3, 519, 0, FS, IV
108.3, 526, 0, FS, IV
108.3, 681, 0, RS, III
108.3, 1304, 1, LTS, IV
108.3, 2050, 2, FS, IV
108.4, 1281, 1, FS, IV
108.4, 1293, 1, LTS, IV
108.5, 529, 0, FS, IV
108.5, 1458, 1, RS, III
108.5, 2043, 2, FS, IV
108.5, 2049, 2, FS, IV
108.6, 523, 0, FS, IV
108.6, 1064, 1, RS, V
108.6, 1396, 1, RS, III
108.6, 1459, 1, RS, III
108.6, 2046, 2, FS, IV
108.6, 2047, 2, FS, IV
108.7, 521, 0, FS, IV
108.7, 524, 0, FS, IV
108.7, 528, 0, FS, IV
108.7, 1289, 1, FS, IV
108.7, 1290, 1, FS, IV
108.7, 1319, 1, RS, III
108.7, 1370, 1, RS, III
108.7, 1371, 1, RS, III
108.7, 1380, 1, RS, III
108.7, 1387, 1, RS, III
108.7, 2041, 2, FS, IV
108.7, 2048, 2, FS, IV
108.8, 517, 0, RS, IV
108.8, 522, 0, FS, IV
108.8, 525, 0, FS, IV
108.8, 1322, 1, RS, III
108.8, 1333, 1, RS, III
108.8, 1430, 1, RS, III
108.8, 1486, 1, FS, III
108.8, 1502, 1, FS, III
108.8, 2053, 2, FS, IV
108.9, 1282, 1, FS, IV
108.9, 1296, 1, LTS, IV
108.9, 1313, 1, RS, III
108.9, 1336, 1, RS, III
108.9, 1369, 1, RS, III
108.9, 1383, 1, RS, III
108.9, 1388, 1, RS, III
108.9, 1457, 1, RS, III
108.9, 1500, 1, FS, III
108.9, 2044, 2, FS, IV
109, 438, 0, RS, IV
109, 1297, 1, LTS, IV
109, 1321, 1, RS, III
109, 1366, 1, RS, III
109, 1385, 1, RS, III
109, 1427, 1, RS, III
109, 1447, 1, RS, III
109, 2040, 2, FS, IV
109, 2051, 2, FS, IV
109.1, 1283, 1, FS, IV
109.1, 1291, 1, FS, IV
109.1, 1309, 1, RS, III
109.1, 1325, 1, RS, III
109.1, 1367, 1, RS, III
109.1, 1409, 1, RS, III
109.1, 1419, 1, RS, III
109.1, 1476, 1, FS, III
109.1, 2045, 2, FS, IV
109.1, 2052, 2, FS, IV
109.2, 1397, 1, RS, III
109.2, 1420, 1, RS, III
109.2, 1421, 1, RS, III
109.2, 1452, 1, RS, III
109.2, 1456, 1, RS, III
109.3, 1039, 1, RS, V
109.3, 1302, 1, LTS, IV
109.3, 1305, 1, LTS, IV
109.3, 1348, 1, RS, III
109.3, 1352, 1, RS, III
109.3, 1358, 1, RS, III
109.3, 1362, 1, RS, III
109.3, 1372, 1, RS, III
109.3, 1412, 1, RS, III
109.3, 1417, 1, RS, III
109.3, 1433, 1, RS, III
109.3, 1444, 1, RS, III
109.3, 1471, 1, RS, III
109.3, 1475, 1, RS, III
109.3, 1484, 1, FS, III
109.3, 1487, 1, FS, III
109.3, 1489, 1, FS, III
109.3, 1492, 1, FS, III
109.3, 1503, 1, FS, III
109.4, 1134, 1, FS, V
109.4, 1284, 1, FS, IV
109.4, 1285, 1, FS, IV
109.4, 1310, 1, RS, III
109.4, 1339, 1, RS, III
109.4, 1365, 1, RS, III
109.4, 1418, 1, RS, III
109.4, 1424, 1, RS, III
109.4, 1439, 1, RS, III
109.4, 1455, 1, RS, III
109.4, 1460, 1, RS, III
109.4, 1468, 1, RS, III
109.4, 1477, 1, FS, III
109.4, 1479, 1, FS, III
109.5, 1292, 1, FS, IV
109.5, 1294, 1, LTS, IV
109.5, 1314, 1, RS, III
109.5, 1323, 1, RS, III
109.5, 1373, 1, RS, III
109.5, 1375, 1, RS, III
109.5, 1408, 1, RS, III
109.5, 1425, 1, RS, III
109.5, 1432, 1, RS, III
109.5, 1482, 1, FS, III
109.5, 1483, 1, FS, III
109.5, 1485, 1, FS, III
109.6, 1300, 1, LTS, IV
109.6, 1301, 1, LTS, IV
109.6, 1303, 1, LTS, IV
109.6, 1357, 1, RS, III
109.6, 1360, 1, RS, III
109.6, 1363, 1, RS, III
109.6, 1379, 1, RS, III
109.6, 1391, 1, RS, III
109.6, 1394, 1, RS, III
109.6, 1399, 1, RS, III
109.6, 1423, 1, RS, III
109.6, 1426, 1, RS, III
109.6, 1437, 1, RS, III
109.6, 1438, 1, RS, III
109.6, 1472, 1, RS, III
109.6, 1473, 1, RS, III
109.6, 1480, 1, FS, III
109.6, 1494, 1, FS, III
109.7, 1299, 1, LTS, IV
109.7, 1329, 1, RS, III
109.7, 1361, 1, RS, III
109.7, 1416, 1, RS, III
109.7, 1443, 1, RS, III
109.7, 1445, 1, RS, III
109.7, 1449, 1, RS, III
109.7, 1461, 1, RS, III
109.7, 1465, 1, RS, III
109.7, 1495, 1, FS, III
109.8, 1232, 1, RS, IV
109.8, 1332, 1, RS, III
109.8, 1335, 1, RS, III
109.8, 1346, 1, RS, III
109.8, 1368, 1, RS, III
109.8, 1377, 1, RS, III
109.8, 1381, 1, RS, III
109.8, 1411, 1, RS, III
109.8, 1413, 1, RS, III
109.8, 1415, 1, RS, III
109.8, 1431, 1, RS, III
109.8, 1434, 1, RS, III
109.8, 1488, 1, FS, III
109.9, 1306, 1, LTS, IV
109.9, 1320, 1, RS, III
109.9, 1328, 1, RS, III
109.9, 1347, 1, RS, III
109.9, 1359, 1, RS, III
109.9, 1378, 1, RS, III
109.9, 1393, 1, RS, III
109.9, 1406, 1, RS, III
109.9, 1435, 1, RS, III
109.9, 2022, 2, RS, IV
110, 472, 0, RS, IV
110, 487, 0, RS, IV
110, 1295, 1, LTS, IV
110, 1326, 1, RS, III
110, 1350, 1, RS, III
110, 1355, 1, RS, III
110, 1382, 1, RS, III
110, 1400, 1, RS, III
110, 1442, 1, RS, III
110, 1490, 1, FS, III
110.1, 1135, 1, FS, V
110.1, 1327, 1, RS, III
110.1, 1338, 1, RS, III
110.1, 1345, 1, RS, III
110.1, 1356, 1, RS, III
110.1, 1404, 1, RS, III
110.1, 1405, 1, RS, III
110.1, 1410, 1, RS, III
110.1, 1463, 1, RS, III
110.1, 1470, 1, RS, III
110.2, 1308, 1, RS, III
110.2, 1343, 1, RS, III
110.2, 1407, 1, RS, III
110.2, 1451, 1, RS, III
110.2, 1466, 1, RS, III
110.2, 1497, 1, FS, III
110.3, 1331, 1, RS, III
110.3, 1354, 1, RS, III
110.3, 1374, 1, RS, III
110.3, 1422, 1, RS, III
110.3, 1440, 1, RS, III
110.3, 1450, 1, RS, III
110.4, 1307, 1, RS, III
110.4, 1315, 1, RS, III
110.4, 1318, 1, RS, III
110.4, 1324, 1, RS, III
110.4, 1341, 1, RS, III
110.4, 1467, 1, RS, III
110.4, 1493, 1, FS, III
110.5, 1287, 1, FS, IV
110.5, 1403, 1, RS, III
110.5, 1446, 1, RS, III
110.5, 1496, 1, FS, III
110.6, 1280, 1, FS, IV
110.6, 1330, 1, RS, III
110.6, 1349, 1, RS, III
110.6, 1436, 1, RS, III
110.6, 1454, 1, RS, III
110.6, 1491, 1, FS, III
110.7, 1337, 1, RS, III
110.7, 1340, 1, RS, III
110.7, 1392, 1, RS, III
110.7, 1402, 1, RS, III
110.7, 1498, 1, FS, III
110.7, 2802, 3, FS, IV
110.8, 1298, 1, LTS, IV
110.8, 1344, 1, RS, III
110.8, 1386, 1, RS, III
110.8, 1395, 1, RS, III
110.8, 1474, 1, RS, III
110.8, 1499, 1, FS, III
110.9, 520, 0, FS, IV
110.9, 1286, 1, FS, IV
110.9, 1316, 1, RS, III
110.9, 1389, 1, RS, III
110.9, 1464, 1, RS, III
110.9, 1481, 1, FS, III
111, 527, 0, FS, IV
111, 531, 0, FS, IV
111, 1428, 1, RS, III
111, 1429, 1, RS, III
111, 1478, 1, FS, III
111, 1501, 1, FS, III
111.1, 530, 0, FS, IV
111.1, 1279, 1, FS, IV
111.1, 1288, 1, FS, IV
111.1, 1317, 1, RS, III
111.1, 1384, 1, RS, III
111.1, 1401, 1, RS, III
111.1, 2042, 2, FS, IV
111.2, 518, 0, FS, IV
111.2, 519, 0, FS, IV
111.2, 526, 0, FS, IV
111.2, 1351, 1, RS, III
111.2, 1414, 1, RS, III
111.2, 2050, 2, FS, IV
111.3, 1281, 1, FS, IV
111.3, 1334, 1, RS, III
111.3, 1453, 1, RS, III
111.3, 1469, 1, RS, III
111.4, 529, 0, FS, IV
111.4, 1258, 1, RS, IV
111.4, 1441, 1, RS, III
111.4, 1448, 1, RS, III
111.4, 2043, 2, FS, IV
111.4, 2049, 2, FS, IV
111.5, 523, 0, FS, IV
111.5, 1077, 1, RS, V
111.5, 2046, 2, FS, IV
111.5, 2047, 2, FS, IV
111.6, 521, 0, FS, IV
111.6, 524, 0, FS, IV
111.6, 528, 0, FS, IV
111.6, 1289, 1, FS, IV
111.6, 1290, 1, FS, IV
111.6, 1462, 1, RS, III
111.6, 2041, 2, FS, IV
111.6, 2048, 2, FS, IV
111.7, 522, 0, FS, IV
111.7, 525, 0, FS, IV
111.7, 1502, 1, FS, III
111.7, 2053, 2, FS, IV
111.7, 2813, 3, FS, IV
111.8, 1266, 1, RS, IV
111.8, 1282, 1, FS, IV
111.8, 1500, 1, FS, III
111.8, 2044, 2, FS, IV
111.9, 1342, 1, RS, III
111.9, 1376, 1, RS, III
111.9, 1398, 1, RS, III
111.9, 2040, 2, FS, IV
111.9, 2051, 2, FS, IV
112, 1081, 1, RS, V
112, 1230, 1, RS, IV
112, 1283, 1, FS, IV
112, 1291, 1, FS, IV
112, 1311, 1, RS, III
112, 1353, 1, RS, III
112, 1364, 1, RS, III
112, 1476, 1, FS, III
112, 2045, 2, FS, IV
112, 2052, 2, FS, IV
112.2, 1390, 1, RS, III
112.2, 1484, 1, FS, III
112.2, 1503, 1, FS, III
112.3, 1228, 1, RS, IV
112.3, 1284, 1, FS, IV
112.3, 1487, 1, FS, III
112.3, 1492, 1, FS, III
112.3, 2811, 3, FS, IV
112.4, 1175, 1, IB, V
112.4, 1273, 1, RS, IV
112.4, 1292, 1, FS, IV
112.4, 1479, 1, FS, III
112.4, 1482, 1, FS, III
112.4, 1485, 1, FS, III
112.4, 2805, 3, FS, IV
112.5, 540, 0, LTS, IV
112.5, 549, 0, RS, III
112.5, 1480, 1, FS, III
112.5, 1494, 1, FS, III
112.5, 2807, 3, FS, IV
112.6, 1170, 1, IB, V
112.6, 1312, 1, RS, III
112.6, 1486, 1, FS, III
112.7, 1107, 1, RS, V
112.7, 1171, 1, IB, V
112.7, 1483, 1, FS, III
112.7, 1495, 1, FS, III
112.8, 546, 0, RS, III
112.8, 728, 0, FS, III
112.8, 1098, 1, RS, V
112.8, 1164, 1, IB, V
112.8, 2002, 2, RS, IV
112.8, 2803, 3, FS, IV
112.9, 719, 0, FS, III
112.9, 722, 0, FS, III
112.9, 723, 0, FS, III
112.9, 1073, 1, RS, V
112.9, 1074, 1, RS, V
112.9, 1178, 1, IB, V
112.9, 1180, 1, IB, V
112.9, 2810, 3, FS, IV
113, 1055, 1, RS, V
113, 1067, 1, RS, V
113, 1092, 1, RS, V
113, 1106, 1, RS, V
113, 1237, 1, RS, IV
113, 2245, 2, FS, III
113.1, 729, 0, FS, III
113.1, 1088, 1, RS, V
113.1, 1168, 1, IB, V
113.1, 1184, 1, IB, V
113.1, 1190, 1, IB, V
113.1, 1304, 1, LTS, IV
113.1, 1477, 1, FS, III
113.1, 1497, 1, FS, III
113.1, 2254, 2, FS, III
113.1, 2801, 3, FS, IV
113.2, 692, 0, RS, III
113.2, 726, 0, FS, III
113.2, 733, 0, FS, III
113.2, 737, 0, FS, III
113.2, 740, 0, FS, III
113.2, 1037, 1, RS, V
113.2, 1042, 1, RS, V
113.2, 1053, 1, RS, V
113.2, 1057, 1, RS, V
113.2, 1076, 1, RS, V
113.2, 1102, 1, RS, V
113.2, 1165, 1, IB, V
113.2, 1187, 1, IB, V
113.2, 1293, 1, LTS, IV
113.3, 658, 0, RS, III
113.3, 716, 0, FS, III
113.3, 725, 0, FS, III
113.3, 739, 0, FS, III
113.3, 1036, 1, RS, V
113.3, 1049, 1, RS, V
113.3, 1095, 1, RS, V
113.3, 1182, 1, IB, V
113.3, 1490, 1, FS, III
113.3, 2248, 2, FS, III
113.4, 534, 0, LTS, IV
113.4, 715, 0, FS, III
113.4, 731, 0, FS, III
113.4, 738, 0, FS, III
113.4, 742, 0, FS, III
113.4, 1065, 1, RS, V
113.4, 1071, 1, RS, V
113.4, 1087, 1, RS, V
113.4, 1097, 1, RS, V
113.4, 1111, 1, RS, V
113.4, 1166, 1, IB, V
113.4, 1169, 1, IB, V
113.4, 1496, 1, FS, III
113.4, 2242, 2, FS, III
113.4, 2252, 2, FS, III
113.4, 2262, 2, FS, III
113.4, 2264, 2, FS, III
113.4, 2806, 3, FS, IV
113.4, 2808, 3, FS, IV
113.5, 734, 0, FS, III
113.5, 736, 0, FS, III
113.5, 1051, 1, RS, V
113.5, 1101, 1, RS, V
113.5, 1163, 1, IB, V
113.5, 1188, 1, IB, V
113.5, 1280, 1, FS, IV
113.5, 1489, 1, FS, III
113.5, 1491, 1, FS, III
113.5, 2244, 2, FS, III
113.5, 2246, 2, FS, III
113.5, 2812, 3, FS, IV
113.6, 717, 0, FS, III
113.6, 720, 0, FS, III
113.6, 724, 0, FS, III
113.6, 732, 0, FS, III
113.6, 1050, 1, RS, V
113.6, 1059, 1, RS, V
113.6, 1070, 1, RS, V
113.6, 1082, 1, RS, V
113.6, 1084, 1, RS, V
113.6, 2247, 2, FS, III
113.6, 2251, 2, FS, III
113.6, 2255, 2, FS, III
113.6, 2258, 2, FS, III
113.7, 674, 0, RS, III
113.7, 1038, 1, RS, V
113.7, 1056, 1, RS, V
113.7, 1058, 1, RS, V
113.7, 1062, 1, RS, V
113.7, 1069, 1, RS, V
113.7, 1083, 1, RS, V
113.7, 1094, 1, RS, V
113.7, 1162, 1, IB, V
113.7, 1179, 1, IB, V
113.7, 1296, 1, LTS, IV
113.7, 2237, 2, FS, III
113.7, 2238, 2, FS, III
113.7, 2239, 2, FS, III
113.7, 2250, 2, FS, III
113.7, 2809, 3, FS, IV
113.8, 741, 0, FS, III
113.8, 1033, 1, RS, V
113.8, 1043, 1, RS, V
113.8, 1046, 1, RS, V
113.8, 1052, 1, RS, V
113.8, 1063, 1, RS, V
113.8, 1066, 1, RS, V
113.8, 1068, 1, RS, V
113.8, 1078, 1, RS, V
113.8, 1100, 1, RS, V
113.8, 1167, 1, IB, V
113.8, 1176, 1, IB, V
113.8, 1297, 1, LTS, IV
113.8, 2154, 2, RS, III
113.9, 1048, 1, RS, V
113.9, 1072, 1, RS, V
113.9, 1075, 1, RS, V
113.9, 1080, 1, RS, V
113.9, 1085, 1, RS, V
113.9, 1090, 1, RS, V
113.9, 1096, 1, RS, V
113.9, 1105, 1, RS, V
113.9, 1108, 1, RS, V
113.9, 1183, 1, IB, V
113.9, 1191, 1, IB, V
113.9, 1192, 1, IB, V
113.9, 2204, 2, RS, III
113.9, 2256, 2, FS, III
113.9, 2259, 2, FS, III
114, 730, 0, FS, III
114, 735, 0, FS, III
114, 1034, 1, RS, V
114, 1035, 1, RS, V
114, 1099, 1, RS, V
114, 2240, 2, FS, III
114, 2241, 2, FS, III
114, 2261, 2, FS, III
114.1, 721, 0, FS, III
114.1, 1041, 1, RS, V
114.1, 1109, 1, RS, V
114.1, 1110, 1, RS, V
114.1, 1172, 1, IB, V
114.1, 1186, 1, IB, V
114.1, 1302, 1, LTS, IV
114.2, 1047, 1, RS, V
114.2, 1079, 1, RS, V
114.2, 1086, 1, RS, V
114.2, 1185, 1, IB, V
114.2, 1189, 1, IB, V
114.2, 2263, 2, FS, III
114.3, 570, 0, RS, III
114.3, 727, 0, FS, III
114.3, 1040, 1, RS, V
114.3, 1045, 1, RS, V
114.3, 1060, 1, RS, V
114.3, 1061, 1, RS, V
114.3, 1089, 1, RS, V
114.3, 1103, 1, RS, V
114.3, 1114, 1, RS, V
114.3, 1173, 1, IB, V
114.3, 1174, 1, IB, V
114.3, 2101, 2, RS, III
114.3, 2243, 2, FS, III
114.3, 2257, 2, FS, III
114.3, 2260, 2, FS, III
114.4, 1044, 1, RS, V
114.4, 1300, 1, LTS, IV
114.5, 1093, 1, RS, V
114.5, 1104, 1, RS, V
114.5, 1112, 1, RS, V
114.5, 1177, 1, IB, V
114.5, 1181, 1, IB, V
114.5, 2176, 2, RS, III
114.6, 1054, 1, RS, V
114.6, 1113, 1, RS, V
114.6, 2253, 2, FS, III
114.7, 708, 0, RS, III
114.8, 690, 0, RS, III
114.8, 718, 0, FS, III
114.8, 1458, 1, RS, III
114.8, 3302, 4, LTS, VI
114.9, 1064, 1, RS, V
114.9, 1396, 1, RS, III
114.9, 1459, 1, RS, III
114.9, 2249, 2, FS, III
115, 677, 0, RS, III
115, 1319, 1, RS, III
115, 1370, 1, RS, III
115, 1371, 1, RS, III
115, 1380, 1, RS, III
115, 1387, 1, RS, III
115, 3000, 3, FS, III
115, 3002, 3, FS, III
115.1, 1322, 1, RS, III
115.1, 1333, 1, RS, III
115.1, 1430, 1, RS, III
115.1, 1484, 1, FS, III
115.1, 2209, 2, RS, III
115.1, 2998, 3, FS, III
115.1, 3011, 3, FS, III
115.2, 542, 0, LTS, IV
115.2, 604, 0, RS, III
115.2, 638, 0, RS, III
115.2, 1091, 1, RS, V
115.2, 1313, 1, RS, III
115.2, 1336, 1, RS, III
115.2, 1369, 1, RS, III
115.2, 1383, 1, RS, III
115.2, 1388, 1, RS, III
115.2, 1457, 1, RS, III
115.2, 2103, 2, RS, III
115.3, 565, 0, RS, III
115.3, 597, 0, RS, III
115.3, 600, 0, RS, III
115.3, 1321, 1, RS, III
115.3, 1366, 1, RS, III
115.3, 1385, 1, RS, III
115.3, 1427, 1, RS, III
115.3, 1447, 1, RS, III
115.3, 1498, 1, FS, III
115.3, 2804, 3, FS, IV
115.4, 567, 0, RS, III
115.4, 1309, 1, RS, III
115.4, 1325, 1, RS, III
115.4, 1367, 1, RS, III
115.4, 1409, 1, RS, III
115.4, 1419, 1, RS, III
115.5, 678, 0, RS, III
115.5, 1294, 1, LTS, IV
115.5, 1397, 1, RS, III
115.5, 1420, 1, RS, III
115.5, 1421, 1, RS, III
115.5, 1452, 1, RS, III
115.5, 1456, 1, RS, III
115.6, 707, 0, RS, III
115.6, 711, 0, RS, III
115.6, 1039, 1, RS, V
115.6, 1348, 1, RS, III
115.6, 1358, 1, RS, III
115.6, 1362, 1, RS, III
115.6, 1372, 1, RS, III
115.6, 1412, 1, RS, III
115.6, 1417, 1, RS, III
115.6, 1433, 1, RS, III
115.6, 1444, 1, RS, III
115.6, 1471, 1, RS, III
115.6, 1475, 1, RS, III
115.6, 2179, 2, RS, III
115.7, 728, 0, FS, III
115.7, 1310, 1, RS, III
115.7, 1339, 1, RS, III
115.7, 1365, 1, RS, III
115.7, 1418, 1, RS, III
115.7, 1439, 1, RS, III
115.7, 1455, 1, RS, III
115.7, 1460, 1, RS, III
115.7, 1468, 1, RS, III
115.8, 722, 0, FS, III
115.8, 723, 0, FS, III
115.8, 1175, 1, IB, V
115.8, 1323, 1, RS, III
115.8, 1373, 1, RS, III
115.8, 1375, 1, RS, III
115.8, 1408, 1, RS, III
115.8, 1425, 1, RS, III
115.8, 1432, 1, RS, III
115.9, 1118, 1, FS, V
115.9, 1357, 1, RS, III
115.9, 1360, 1, RS, III
115.9, 1363, 1, RS, III
115.9, 1379, 1, RS, III
115.9, 1391, 1, RS, III
115.9, 1394, 1, RS, III
115.9, 1399, 1, RS, III
115.9, 1423, 1, RS, III
115.9, 1426, 1, RS, III
115.9, 1437, 1, RS, III
115.9, 1438, 1, RS, III
115.9, 1472, 1, RS, III
115.9, 1473, 1, RS, III
115.9, 3001, 3, FS, III
116, 729, 0, FS, III
116, 1121, 1, FS, V
116, 1126, 1, FS, V
116, 1138, 1, FS, V
116, 1170, 1, IB, V
116, 1329, 1, RS, III
116, 1352, 1, RS, III
116, 1361, 1, RS, III
116, 1416, 1, RS, III
116, 1443, 1, RS, III
116, 1445, 1, RS, III
116, 1449, 1, RS, III
116, 1461, 1, RS, III
116, 1465, 1, RS, III
116, 3006, 3, FS, III
116, 3018, 3, FS, III
116.1, 726, 0, FS, III
116.1, 733, 0, FS, III
116.1, 737, 0, FS, III
116.1, 740, 0, FS, III
116.1, 1116, 1, FS, V
116.1, 1131, 1, FS, V
116.1, 1132, 1, FS, V
116.1, 1137, 1, FS, V
116.1, 1140, 1, FS, V
116.1, 1142, 1, FS, V
116.1, 1171, 1, IB, V
116.1, 1332, 1, RS, III
116.1, 1335, 1, RS, III
116.1, 1346, 1, RS, III
116.1, 1368, 1, RS, III
116.1, 1377, 1, RS, III
116.1, 1381, 1, RS, III
116.1, 1411, 1, RS, III
116.1, 1413, 1, RS, III
116.1, 1415, 1, RS, III
116.1, 1431, 1, RS, III
116.1, 1434, 1, RS, III
116.2, 719, 0, FS, III
116.2, 1117, 1, FS, V
116.2, 1119, 1, FS, V
116.2, 1124, 1, FS, V
116.2, 1136, 1, FS, V
116.2, 1141, 1, FS, V
116.2, 1143, 1, FS, V
116.2, 1146, 1, FS, V
116.2, 1164, 1, IB, V
116.2, 1320, 1, RS, III
116.2, 1328, 1, RS, III
116.2, 1347, 1, RS, III
116.2, 1359, 1, RS, III
116.2, 1378, 1, RS, III
116.2, 1393, 1, RS, III
116.2, 1406, 1, RS, III
116.2, 1435, 1, RS, III
116.2, 2248, 2, FS, III
116.3, 731, 0, FS, III
116.3, 738, 0, FS, III
116.3, 1115, 1, FS, V
116.3, 1122, 1, FS, V
116.3, 1128, 1, FS, V
116.3, 1129, 1, FS, V
116.3, 1130, 1, FS, V
116.3, 1133, 1, FS, V
116.3, 1135, 1, FS, V
116.3, 1139, 1, FS, V
116.3, 1144, 1, FS, V
116.3, 1178, 1, IB, V
116.3, 1180, 1, IB, V
116.3, 1326, 1, RS, III
116.3, 1350, 1, RS, III
116.3, 1355, 1, RS, III
116.3, 1382, 1, RS, III
116.3, 1442, 1, RS, III
116.3, 2242, 2, FS, III
116.3, 2262, 2, FS, III
116.3, 2264, 2, FS, III
116.3, 3024, 3, FS, III
116.4, 357, 0, FS, V
116.4, 363, 0, FS, V
116.4, 1120, 1, FS, V
116.4, 1123, 1, FS, V
116.4, 1327, 1, RS, III
116.4, 1338, 1, RS, III
116.4, 1345, 1, RS, III
116.4, 1356, 1, RS, III
116.4, 1404, 1, RS, III
116.4, 1405, 1, RS, III
116.4, 1410, 1, RS, III
116.4, 1424, 1, RS, III
116.4, 1463, 1, RS, III
116.4, 1470, 1, RS, III
116.4, 1883, 2, FS, V
116.4, 1885, 2, FS, V
116.4, 2252, 2, FS, III
116.4, 3010, 3, FS, III
116.5, 736, 0, FS, III
116.5, 1125, 1, FS, V
116.5, 1127, 1, FS, V
116.5, 1145, 1, FS, V
116.5, 1168, 1, IB, V
116.5, 1184, 1, IB, V
116.5, 1190, 1, IB, V
116.5, 1308, 1, RS, III
116.5, 1343, 1, RS, III
116.5, 1451, 1, RS, III
116.5, 1466, 1, RS, III
116.5, 2247, 2, FS, III
116.5, 3003, 3, FS, III
116.6, 1134, 1, FS, V
116.6, 1165, 1, IB, V
116.6, 1187, 1, IB, V
116.6, 1331, 1, RS, III
116.6, 1354, 1, RS, III
116.6, 1374, 1, RS, III
116.6, 1422, 1, RS, III
116.6, 1440, 1, RS, III
116.6, 1450, 1, RS, III
116.6, 1515, 1, LTS, III
116.6, 1888, 2, FS, V
116.6, 1907, 2, FS, V
116.6, 2237, 2, FS, III
116.6, 3016, 3, FS, III
116.7, 360, 0, FS, V
116.7, 370, 0, FS, V
116.7, 376, 0, FS, V
116.7, 385, 0, FS, V
116.7, 1182, 1, IB, V
116.7, 1315, 1, RS, III
116.7, 1318, 1, RS, III
116.7, 1324, 1, RS, III
116.7, 1467, 1, RS, III
116.7, 1881, 2, FS, V
116.7, 1884, 2, FS, V
116.7, 1893, 2, FS, V
116.7, 1905, 2, FS, V
116.8, 362, 0, FS, V
116.8, 378, 0, FS, V
116.8, 381, 0, FS, V
116.8, 383, 0, FS, V
116.8, 724, 0, FS, III
116.8, 1166, 1, IB, V
116.8, 1169, 1, IB, V
116.8, 1403, 1, RS, III
116.8, 1446, 1, RS, III
116.8, 1878, 2, FS, V
116.8, 1897, 2, FS, V
116.8, 1900, 2, FS, V
116.8, 1904, 2, FS, V
116.8, 2259, 2, FS, III
116.8, 3007, 3, FS, III
116.8, 3020, 3, FS, III
116.9, 359, 0, FS, V
116.9, 371, 0, FS, V
116.9, 380, 0, FS, V
116.9, 717, 0, FS, III
116.9, 1163, 1, IB, V
116.9, 1188, 1, IB, V
116.9, 1330, 1, RS, III
116.9, 1349, 1, RS, III
116.9, 1876, 2, FS, V
116.9, 1887, 2, FS, V
117, 356, 0, FS, V
117, 368, 0, FS, V
117, 375, 0, FS, V
117, 382, 0, FS, V
117, 384, 0, FS, V
117, 1337, 1, RS, III
117, 1340, 1, RS, III
117, 1392, 1, RS, III
117, 1402, 1, RS, III
117, 1877, 2, FS, V
117, 1889, 2, FS, V
117, 1895, 2, FS, V
117, 3014, 3, FS, III
117.1, 372, 0, FS, V
117.1, 1162, 1, IB, V
117.1, 1179, 1, IB, V
117.1, 1386, 1, RS, III
117.1, 3019, 3, FS, III
117.1, 3025, 3, FS, III
117.2, 354, 0, FS, V
117.2, 361, 0, FS, V
117.2, 373, 0, FS, V
117.2, 1167, 1, IB, V
117.2, 1176, 1, IB, V
117.2, 1316, 1, RS, III
117.2, 1389, 1, RS, III
117.2, 1892, 2, FS, V
117.2, 1896, 2, FS, V
117.2, 1899, 2, FS, V
117.2, 1901, 2, FS, V
117.2, 1902, 2, FS, V
117.2, 2245, 2, FS, III
117.2, 3023, 3, FS, III
117.3, 358, 0, FS, V
117.3, 364, 0, FS, V
117.3, 365, 0, FS, V
117.3, 366, 0, FS, V
117.3, 374, 0, FS, V
117.3, 377, 0, FS, V
117.3, 742, 0, FS, III
117.3, 1183, 1, IB, V
117.3, 1191, 1, IB, V
117.3, 1192, 1, IB, V
117.3, 1307, 1, RS, III
117.3, 1428, 1, RS, III
117.3, 1882, 2, FS, V
117.3, 1886, 2, FS, V
117.3, 1890, 2, FS, V
117.3, 1891, 2, FS, V
117.3, 3009, 3, FS, III
117.4, 355, 0, FS, V
117.4, 367, 0, FS, V
117.4, 1384, 1, RS, III
117.5, 369, 0, FS, V
117.5, 379, 0, FS, V
117.5, 1172, 1, IB, V
117.5, 1186, 1, IB, V
117.5, 1351, 1, RS, III
117.5, 1492, 1, FS, III
117.5, 1879, 2, FS, V
117.5, 1880, 2, FS, V
117.5, 1894, 2, FS, V
117.5, 1903, 2, FS, V
117.5, 3012, 3, FS, III
117.5, 3015, 3, FS, III
117.6, 1185, 1, IB, V
117.6, 1189, 1, IB, V
117.6, 1334, 1, RS, III
117.6, 1469, 1, RS, III
117.6, 1898, 2, FS, V
117.6, 1906, 2, FS, V
117.7, 699, 0, RS, III
117.7, 1173, 1, IB, V
117.7, 1174, 1, IB, V
117.7, 1441, 1, RS, III
117.7, 3022, 3, FS, III
117.8, 402, 0, IB, V
117.8, 1077, 1, RS, V
117.8, 1479, 1, FS, III
117.8, 1488, 1, FS, III
117.8, 2239, 2, FS, III
117.8, 3005, 3, FS, III
117.9, 1177, 1, IB, V
117.9, 1181, 1, IB, V
117.9, 1477, 1, FS, III
118, 3013, 3, FS, III
118.1, 1304, 1, LTS, IV
118.1, 1494, 1, FS, III
118.2, 1342, 1, RS, III
118.2, 1376, 1, RS, III
118.2, 1398, 1, RS, III
118.2, 2254, 2, FS, III
118.2, 3004, 3, FS, III
118.3, 1081, 1, RS, V
118.3, 3008, 3, FS, III
118.4, 1462, 1, RS, III
118.4, 1482, 1, FS, III
118.4, 1503, 1, FS, III
118.5, 1485, 1, FS, III
118.5, 1486, 1, FS, III
118.5, 1490, 1, FS, III
118.5, 1496, 1, FS, III
118.6, 1297, 1, LTS, IV
118.6, 1299, 1, LTS, IV
118.6, 1478, 1, FS, III
118.6, 1521, 1, LTS, III
118.7, 1502, 1, FS, III
118.8, 1118, 1, FS, V
118.8, 1484, 1, FS, III
118.8, 1497, 1, FS, III
118.8, 1506, 1, LTS, III
118.8, 1937, 2, IB, V
118.9, 1121, 1, FS, V
118.9, 1126, 1, FS, V
118.9, 1138, 1, FS, V
118.9, 1302, 1, LTS, IV
118.9, 1491, 1, FS, III
118.9, 1500, 1, FS, III
119, 407, 0, IB, V
119, 416, 0, IB, V
119, 1107, 1, RS, V
119, 1116, 1, FS, V
119, 1131, 1, FS, V
119, 1132, 1, FS, V
119, 1137, 1, FS, V
119, 1140, 1, FS, V
119, 1142, 1, FS, V
119, 1489, 1, FS, III
119, 1499, 1, FS, III
119, 1513, 1, LTS, III
119.1, 1098, 1, RS, V
119.1, 1117, 1, FS, V
119.1, 1119, 1, FS, V
119.1, 1124, 1, FS, V
119.1, 1136, 1, FS, V
119.1, 1141, 1, FS, V
119.1, 1143, 1, FS, V
119.1, 1146, 1, FS, V
119.1, 1495, 1, FS, III
119.2, 408, 0, IB, V
119.2, 1073, 1, RS, V
119.2, 1074, 1, RS, V
119.2, 1115, 1, FS, V
119.2, 1122, 1, FS, V
119.2, 1128, 1, FS, V
119.2, 1129, 1, FS, V
119.2, 1130, 1, FS, V
119.2, 1133, 1, FS, V
119.2, 1135, 1, FS, V
119.2, 1139, 1, FS, V
119.2, 1144, 1, FS, V
119.2, 1175, 1, IB, V
119.2, 1300, 1, LTS, IV
119.2, 1483, 1, FS, III
119.2, 1933, 2, IB, V
119.2, 2666, 3, FS, V
119.3, 357, 0, FS, V
119.3, 363, 0, FS, V
119.3, 397, 0, LTS, V
119.3, 1055, 1, RS, V
119.3, 1067, 1, RS, V
119.3, 1092, 1, RS, V
119.3, 1106, 1, RS, V
119.3, 1120, 1, FS, V
119.3, 1123, 1, FS, V
119.3, 1295, 1, LTS, IV
119.3, 1476, 1, FS, III
119.3, 1480, 1, FS, III
119.3, 1481, 1, FS, III
119.3, 1883, 2, FS, V
119.3, 1885, 2, FS, V
119.4, 417, 0, IB, V
119.4, 766, 1, RS, VI
119.4, 1088, 1, RS, V
119.4, 1125, 1, FS, V
119.4, 1127, 1, FS, V
119.4, 1145, 1, FS, V
119.4, 1170, 1, IB, V
119.4, 1498, 1, FS, III
119.4, 1505, 1, LTS, III
119.5, 1037, 1, RS, V
119.5, 1042, 1, RS, V
119.5, 1053, 1, RS, V
119.5, 1057, 1, RS, V
119.5, 1076, 1, RS, V
119.5, 1102, 1, RS, V
119.5, 1134, 1, FS, V
119.5, 1171, 1, IB, V
119.5, 1303, 1, LTS, IV
119.5, 1501, 1, FS, III
119.5, 1888, 2, FS, V
119.5, 1907, 2, FS, V
119.5, 2640, 3, FS, V
119.5, 3011, 3, FS, III
119.6, 360, 0, FS, V
119.6, 370, 0, FS, V
119.6, 376, 0, FS, V
119.6, 385, 0, FS, V
119.6, 1036, 1, RS, V
119.6, 1049, 1, RS, V
119.6, 1095, 1, RS, V
119.6, 1164, 1, IB, V
119.6, 1881, 2, FS, V
119.6, 1884, 2, FS, V
119.6, 1893, 2, FS, V
119.6, 1905, 2, FS, V
119.7, 362, 0, FS, V
119.7, 378, 0, FS, V
119.7, 381, 0, FS, V
119.7, 383, 0, FS, V
119.7, 1065, 1, RS, V
119.7, 1071, 1, RS, V
119.7, 1087, 1, RS, V
119.7, 1097, 1, RS, V
119.7, 1111, 1, RS, V
119.7, 1178, 1, IB, V
119.7, 1180, 1, IB, V
119.7, 1878, 2, FS, V
119.7, 1897, 2, FS, V
119.7, 1900, 2, FS, V
119.7, 1904, 2, FS, V
119.7, 2681, 3, LTS, V
119.8, 359, 0, FS, V
119.8, 371, 0, FS, V
119.8, 380, 0, FS, V
119.8, 423, 0, IB, V
119.8, 1051, 1, RS, V
119.8, 1101, 1, RS, V
119.8, 1876, 2, FS, V
119.8, 1887, 2, FS, V
119.8, 1934, 2, IB, V
119.8, 1946, 2, IB, V
119.9, 299, 0, RS, V
119.9, 356, 0, FS, V
119.9, 368, 0, FS, V
119.9, 375, 0, FS, V
119.9, 382, 0, FS, V
119.9, 384, 0, FS, V
119.9, 411, 0, IB, V
119.9, 1050, 1, RS, V
119.9, 1059, 1, RS, V
119.9, 1070, 1, RS, V
119.9, 1082, 1, RS, V
119.9, 1084, 1, RS, V
119.9, 1168, 1, IB, V
119.9, 1184, 1, IB, V
119.9, 1190, 1, IB, V
119.9, 1305, 1, LTS, IV
119.9, 1390, 1, RS, III
119.9, 1520, 1, LTS, III
119.9, 1877, 2, FS, V
119.9, 1889, 2, FS, V
119.9, 1895, 2, FS, V
120, 272, 0, RS, V
120, 372, 0, FS, V
120, 403, 0, IB, V
120, 1038, 1, RS, V
120, 1056, 1, RS, V
120, 1058, 1, RS, V
120, 1062, 1, RS, V
120, 1069, 1, RS, V
120, 1083, 1, RS, V
120, 1094, 1, RS, V
120, 1165, 1, IB, V
120, 1187, 1, IB, V
120, 1517, 1, LTS, III
120.1, 354, 0, FS, V
120.1, 361, 0, FS, V
120.1, 373, 0, FS, V
120.1, 418, 0, IB, V
120.1, 1033, 1, RS, V
120.1, 1043, 1, RS, V
120.1, 1046, 1, RS, V
120.1, 1052, 1, RS, V
120.1, 1063, 1, RS, V
120.1, 1066, 1, RS, V
120.1, 1068, 1, RS, V
120.1, 1078, 1, RS, V
120.1, 1100, 1, RS, V
120.1, 1182, 1, IB, V
120.1, 1306, 1, LTS, IV
120.1, 1892, 2, FS, V
120.1, 1896, 2, FS, V
120.1, 1899, 2, FS, V
120.1, 1901, 2, FS, V
120.2, 314, 0, RS, V
120.2, 364, 0, FS, V
120.2, 365, 0, FS, V
120.2, 366, 0, FS, V
120.2, 374, 0, FS, V
120.2, 377, 0, FS, V
120.2, 1048, 1, RS, V
120.2, 1072, 1, RS, V
120.2, 1075, 1, RS, V
120.2, 1080, 1, RS, V
120.2, 1085, 1, RS, V
120.2, 1090, 1, RS, V
120.2, 1096, 1, RS, V
120.2, 1105, 1, RS, V
120.2, 1108, 1, RS, V
120.2, 1166, 1, IB, V
120.2, 1169, 1, IB, V
120.2, 1882, 2, FS, V
120.2, 1886, 2, FS, V
120.2, 1890, 2, FS, V
120.2, 1891, 2, FS, V
120.2, 2644, 3, FS, V
120.3, 355, 0, FS, V
120.3, 367, 0, FS, V
120.3, 422, 0, IB, V
120.3, 955, 1, RS, VI
120.3, 1034, 1, RS, V
120.3, 1035, 1, RS, V
120.3, 1099, 1, RS, V
120.3, 1163, 1, IB, V
120.3, 1188, 1, IB, V
120.3, 1294, 1, LTS, IV
120.3, 2664, 3, FS, V
120.4, 379, 0, FS, V
120.4, 1041, 1, RS, V
120.4, 1109, 1, RS, V
120.4, 1110, 1, RS, V
120.4, 1492, 1, FS, III
120.4, 1879, 2, FS, V
120.4, 1880, 2, FS, V
120.4, 1894, 2, FS, V
120.4, 1903, 2, FS, V
120.5, 426, 0, IB, V
120.5, 430, 0, IB, V
120.5, 431, 0, IB, V
120.5, 1047, 1, RS, V
120.5, 1079, 1, RS, V
120.5, 1086, 1, RS, V
120.5, 1162, 1, IB, V
120.5, 1179, 1, IB, V
120.5, 1898, 2, FS, V
120.5, 1906, 2, FS, V
120.5, 1941, 2, IB, V
120.5, 2638, 3, FS, V
120.5, 2660, 3, FS, V
120.6, 412, 0, IB, V
120.6, 1040, 1, RS, V
120.6, 1045, 1, RS, V
120.6, 1060, 1, RS, V
120.6, 1061, 1, RS, V
120.6, 1089, 1, RS, V
120.6, 1103, 1, RS, V
120.6, 1114, 1, RS, V
120.6, 1167, 1, IB, V
120.6, 1176, 1, IB, V
120.6, 1493, 1, FS, III
120.7, 827, 1, RS, VI
120.7, 1044, 1, RS, V
120.7, 1183, 1, IB, V
120.7, 1191, 1, IB, V
120.7, 1192, 1, IB, V
120.7, 1479, 1, FS, III
120.7, 1488, 1, FS, III
120.8, 1093, 1, RS, V
120.8, 1104, 1, RS, V
120.8, 1112, 1, RS, V
120.8, 1293, 1, LTS, IV
120.8, 1477, 1, FS, III
120.8, 2648, 3, FS, V
120.8, 2656, 3, FS, V
120.8, 2658, 3, FS, V
120.9, 369, 0, FS, V
120.9, 409, 0, IB, V
120.9, 1054, 1, RS, V
120.9, 1113, 1, RS, V
120.9, 1172, 1, IB, V
120.9, 1186, 1, IB, V
121, 1185, 1, IB, V
121, 1189, 1, IB, V
121, 1494, 1, FS, III
121, 1925, 2, IB, V
121.1, 1173, 1, IB, V
121.1, 1174, 1, IB, V
121.1, 2668, 3, FS, V
121.2, 402, 0, IB, V
121.2, 419, 0, IB, V
121.2, 761, 1, RS, VI
121.2, 1064, 1, RS, V
121.2, 1396, 1, RS, III
121.2, 2639, 3, FS, V
121.2, 2653, 3, FS, V
121.2, 2654, 3, FS, V
121.3, 428, 0, IB, V
121.3, 957, 1, RS, VI
121.3, 1177, 1, IB, V
121.3, 1181, 1, IB, V
121.3, 1296, 1, LTS, IV
121.3, 1319, 1, RS, III
121.3, 1370, 1, RS, III
121.3, 1429, 1, RS, III
121.3, 1482, 1, FS, III
121.3, 1503, 1, FS, III
121.4, 800, 1, RS, VI
121.4, 1485, 1, FS, III
121.4, 1486, 1, FS, III
121.4, 1490, 1, FS, III
121.4, 1496, 1, FS, III
121.4, 1515, 1, LTS, III
121.5, 891, 1, RS, VI
121.5, 1091, 1, RS, V
121.5, 1311, 1, RS, III
121.5, 1317, 1, RS, III
121.5, 1478, 1, FS, III
121.5, 1509, 1, LTS, III
121.5, 2663, 3, FS, V
121.5, 2693, 3, IB, V
121.6, 343, 0, RS, V
121.6, 1502, 1, FS, III
121.6, 2652, 3, FS, V
121.7, 1118, 1, FS, V
121.7, 1427, 1, RS, III
121.7, 1484, 1, FS, III
121.7, 1487, 1, FS, III
121.7, 1497, 1, FS, III
121.7, 1508, 1, LTS, III
121.7, 2650, 3, FS, V
121.8, 1121, 1, FS, V
121.8, 1126, 1, FS, V
121.8, 1138, 1, FS, V
121.8, 1491, 1, FS, III
121.8, 1500, 1, FS, III
121.9, 297, 0, RS, V
121.9, 892, 1, RS, VI
121.9, 1039, 1, RS, V
121.9, 1116, 1, FS, V
121.9, 1131, 1, FS, V
121.9, 1132, 1, FS, V
121.9, 1137, 1, FS, V
121.9, 1140, 1, FS, V
121.9, 1142, 1, FS, V
121.9, 1433, 1, RS, III
121.9, 1489, 1, FS, III
121.9, 1499, 1, FS, III
121.9, 2647, 3, FS, V
121.9, 2657, 3, FS, V
122, 1117, 1, FS, V
122, 1119, 1, FS, V
122, 1124, 1, FS, V
122, 1136, 1, FS, V
122, 1141, 1, FS, V
122, 1143, 1, FS, V
122, 1146, 1, FS, V
122, 1495, 1, FS, III
122, 1945, 2, IB, V
122, 2641, 3, FS, V
122, 2699, 3, IB, V
122.1, 767, 1, RS, VI
122.1, 1115, 1, FS, V
122.1, 1122, 1, FS, V
122.1, 1128, 1, FS, V
122.1, 1129, 1, FS, V
122.1, 1130, 1, FS, V
122.1, 1133, 1, FS, V
122.1, 1135, 1, FS, V
122.1, 1139, 1, FS, V
122.1, 1144, 1, FS, V
122.1, 1323, 1, RS, III
122.1, 1425, 1, RS, III
122.1, 1432, 1, RS, III
122.1, 2649, 3, FS, V
122.1, 2662, 3, FS, V
122.1, 2666, 3, FS, V
122.2, 1120, 1, FS, V
122.2, 1123, 1, FS, V
122.2, 1357, 1, RS, III
122.2, 1423, 1, RS, III
122.2, 1448, 1, RS, III
122.3, 401, 0, IB, V
122.3, 1125, 1, FS, V
122.3, 1127, 1, FS, V
122.3, 1145, 1, FS, V
122.3, 1280, 1, FS, IV
122.3, 1372, 1, RS, III
122.3, 1465, 1, RS, III
122.3, 2642, 3, FS, V
122.4, 1134, 1, FS, V
122.4, 1335, 1, RS, III
122.4, 1346, 1, RS, III
122.4, 1368, 1, RS, III
122.4, 1411, 1, RS, III
122.4, 1413, 1, RS, III
122.4, 1498, 1, FS, III
122.4, 1792, 2, LTS, VI
122.4, 1926, 2, IB, V
122.4, 2651, 3, FS, V
122.5, 406, 0, IB, V
122.5, 987, 1, RS, VI
122.5, 1359, 1, RS, III
122.5, 1435, 1, RS, III
122.5, 1453, 1, RS, III
122.6, 653, 0, RS, III
122.6, 1175, 1, IB, V
122.6, 1355, 1, RS, III
122.7, 421, 0, IB, V
122.7, 865, 1, RS, VI
122.7, 930, 1, RS, VI
122.7, 1385, 1, RS, III
122.7, 1405, 1, RS, III
122.7, 1930, 2, IB, V
122.7, 2643, 3, FS, V
122.8, 1170, 1, IB, V
122.8, 2640, 3, FS, V
122.9, 371, 0, FS, V
122.9, 776, 1, RS, VI
122.9, 879, 1, RS, VI
122.9, 1171, 1, IB, V
122.9, 1304, 1, LTS, IV
122.9, 1480, 1, FS, III
122.9, 1514, 1, LTS, III
122.9, 2248, 2, FS, III
122.9, 2646, 3, FS, V
123, 870, 1, RS, VI
123, 872, 1, RS, VI
123, 1164, 1, IB, V
123, 1483, 1, FS, III
123, 2714, 3, IB, V
123.1, 420, 0, IB, V
123.1, 981, 1, RS, VI
123.1, 1178, 1, IB, V
123.1, 1180, 1, IB, V
123.2, 1456, 1, RS, III
123.3, 1168, 1, IB, V
123.3, 1184, 1, IB, V
123.3, 1190, 1, IB, V
123.3, 1492, 1, FS, III
123.3, 2661, 3, FS, V
123.4, 769, 1, RS, VI
123.4, 862, 1, RS, VI
123.4, 1165, 1, IB, V
123.4, 1187, 1, IB, V
123.4, 1297, 1, LTS, IV
123.4, 1299, 1, LTS, IV
123.4, 1521, 1, LTS, III
123.4, 1878, 2, FS, V
123.5, 1182, 1, IB, V
123.6, 783, 1, RS, VI
123.6, 1166, 1, IB, V
123.6, 1169, 1, IB, V
123.6, 1301, 1, LTS, IV
123.6, 1488, 1, FS, III
123.6, 1506, 1, LTS, III
123.6, 1905, 2, FS, V
123.6, 3301, 4, LTS, VI
123.7, 363, 0, FS, V
123.7, 1163, 1, IB, V
123.7, 1188, 1, IB, V
123.7, 1302, 1, LTS, IV
123.7, 1384, 1, RS, III
123.7, 1883, 2, FS, V
123.8, 355, 0, FS, V
123.8, 408, 0, IB, V
123.8, 797, 1, RS, VI
123.8, 818, 1, RS, VI
123.8, 1477, 1, FS, III
123.8, 1513, 1, LTS, III
123.9, 374, 0, FS, V
123.9, 1162, 1, IB, V
123.9, 1179, 1, IB, V
123.9, 1494, 1, FS, III
124, 942, 1, RS, VI
124, 1167, 1, IB, V
124, 1176, 1, IB, V
124, 1300, 1, LTS, IV
124, 1441, 1, RS, III
124, 1510, 1, LTS, III
124.1, 370, 0, FS, V
124.1, 853, 1, RS, VI
124.1, 1077, 1, RS, V
124.1, 1183, 1, IB, V
124.1, 1191, 1, IB, V
124.1, 1192, 1, IB, V
124.1, 1295, 1, LTS, IV
124.1, 1893, 2, FS, V
124.2, 377, 0, FS, V
124.2, 1476, 1, FS, III
124.2, 1481, 1, FS, III
124.2, 1505, 1, LTS, III
124.3, 847, 1, RS, VI
124.3, 1172, 1, IB, V
124.3, 1186, 1, IB, V
124.3, 1303, 1, LTS, IV
124.3, 1485, 1, FS, III
124.3, 1486, 1, FS, III
124.3, 1490, 1, FS, III
124.4, 376, 0, FS, V
124.4, 988, 1, RS, VI
124.4, 1185, 1, IB, V
124.4, 1189, 1, IB, V
124.4, 2637, 3, FS, V
124.5, 878, 1, RS, VI
124.5, 934, 1, RS, VI
124.5, 1173, 1, IB, V
124.5, 1174, 1, IB, V
124.5, 1482, 1, FS, III
124.6, 813, 1, RS, VI
124.6, 875, 1, RS, VI
124.6, 1081, 1, RS, V
124.6, 1118, 1, FS, V
124.6, 1484, 1, FS, III
124.7, 907, 1, RS, VI
124.7, 1121, 1, FS, V
124.7, 1126, 1, FS, V
124.7, 1138, 1, FS, V
124.7, 1177, 1, IB, V
124.7, 1181, 1, IB, V
124.7, 1305, 1, LTS, IV
124.7, 1479, 1, FS, III
124.7, 1520, 1, LTS, III
124.8, 359, 0, FS, V
124.8, 1116, 1, FS, V
124.8, 1131, 1, FS, V
124.8, 1132, 1, FS, V
124.8, 1137, 1, FS, V
124.8, 1140, 1, FS, V
124.8, 1142, 1, FS, V
124.8, 1512, 1, LTS, III
124.8, 1517, 1, LTS, III
124.8, 2702, 3, IB, V
124.9, 837, 1, RS, VI
124.9, 882, 1, RS, VI
124.9, 897, 1, RS, VI
124.9, 947, 1, RS, VI
124.9, 1117, 1, FS, V
124.9, 1119, 1, FS, V
124.9, 1124, 1, FS, V
124.9, 1136, 1, FS, V
124.9, 1141, 1, FS, V
124.9, 1143, 1, FS, V
124.9, 1146, 1, FS, V
124.9, 1306, 1, LTS, IV
124.9, 1884, 2, FS, V
124.9, 2648, 3, FS, V
124.9, 2668, 3, FS, V
124.9, 2693, 3, IB, V
125, 861, 1, RS, VI
125, 916, 1, RS, VI
125, 966, 1, RS, VI
125, 1115, 1, FS, V
125, 1122, 1, FS, V
125, 1128, 1, FS, V
125, 1129, 1, FS, V
125, 1130, 1, FS, V
125, 1133, 1, FS, V
125, 1135, 1, FS, V
125, 1139, 1, FS, V
125, 1144, 1, FS, V
125, 1501, 1, FS, III
125, 1503, 1, FS, III
125.1, 885, 1, RS, VI
125.1, 1120, 1, FS, V
125.1, 1123, 1, FS, V
125.1, 1294, 1, LTS, IV
125.1, 1298, 1, LTS, IV
125.1, 1882, 2, FS, V
125.2, 360, 0, FS, V
125.2, 380, 0, FS, V
125.2, 385, 0, FS, V
125.2, 779, 1, RS, VI
125.2, 1125, 1, FS, V
125.2, 1127, 1, FS, V
125.2, 1145, 1, FS, V
125.2, 1881, 2, FS, V
125.3, 354, 0, FS, V
125.3, 402, 0, IB, V
125.3, 1107, 1, RS, V
125.3, 1134, 1, FS, V
125.3, 1499, 1, FS, III
125.3, 1877, 2, FS, V
125.4, 1098, 1, RS, V
125.4, 2655, 3, FS, V
125.4, 2660, 3, FS, V
125.5, 372, 0, FS, V
125.5, 984, 1, RS, VI
125.5, 1073, 1, RS, V
125.5, 1074, 1, RS, V
125.5, 1391, 1, RS, III
125.5, 1880, 2, FS, V
125.6, 996, 1, RS, VI
125.6, 1055, 1, RS, V
125.6, 1067, 1, RS, V
125.6, 1092, 1, RS, V
125.6, 1106, 1, RS, V
125.6, 1293, 1, LTS, IV
125.6, 1894, 2, FS, V
125.6, 2656, 3, FS, V
125.7, 384, 0, FS, V
125.7, 839, 1, RS, VI
125.7, 895, 1, RS, VI
125.7, 936, 1, RS, VI
125.7, 963, 1, RS, VI
125.7, 986, 1, RS, VI
125.7, 997, 1, RS, VI
125.7, 1088, 1, RS, V
125.7, 1497, 1, FS, III
125.8, 371, 0, FS, V
125.8, 383, 0, FS, V
125.8, 1037, 1, RS, V
125.8, 1042, 1, RS, V
125.8, 1053, 1, RS, V
125.8, 1057, 1, RS, V
125.8, 1076, 1, RS, V
125.8, 1102, 1, RS, V
125.8, 1495, 1, FS, III
125.8, 1518, 1, LTS, III
125.9, 356, 0, FS, V
125.9, 860, 1, RS, VI
125.9, 962, 1, RS, VI
125.9, 1036, 1, RS, V
125.9, 1049, 1, RS, V
125.9, 1095, 1, RS, V
125.9, 1401, 1, RS, III
126, 782, 1, RS, VI
126, 906, 1, RS, VI
126, 1065, 1, RS, V
126, 1071, 1, RS, V
126, 1087, 1, RS, V
126, 1097, 1, RS, V
126, 1111, 1, RS, V
126, 1175, 1, IB, V
126, 1885, 2, FS, V
126, 1888, 2, FS, V
126.1, 1051, 1, RS, V
126.1, 1101, 1, RS, V
126.1, 1296, 1, LTS, IV
126.2, 417, 0, IB, V
126.2, 873, 1, RS, VI
126.2, 1050, 1, RS, V
126.2, 1059, 1, RS, V
126.2, 1070, 1, RS, V
126.2, 1082, 1, RS, V
126.2, 1084, 1, RS, V
126.2, 1170, 1, IB, V
126.2, 1390, 1, RS, III
126.2, 1492, 1, FS, III
126.2, 1515, 1, LTS, III
126.2, 1906, 2, FS, V
126.3, 935, 1, RS, VI
126.3, 964, 1, RS, VI
126.3, 982, 1, RS, VI
126.3, 1038, 1, RS, V
126.3, 1056, 1, RS, V
126.3, 1058, 1, RS, V
126.3, 1062, 1, RS, V
126.3, 1069, 1, RS, V
126.3, 1083, 1, RS, V
126.3, 1094, 1, RS, V
126.3, 1171, 1, IB, V
126.3, 1491, 1, FS, III
126.3, 1509, 1, LTS, III
126.3, 1878, 2, FS, V
126.3, 1897, 2, FS, V
126.4, 762, 1, RS, VI
126.4, 788, 1, RS, VI
126.4, 1033, 1, RS, V
126.4, 1043, 1, RS, V
126.4, 1046, 1, RS, V
126.4, 1052, 1, RS, V
126.4, 1063, 1, RS, V
126.4, 1066, 1, RS, V
126.4, 1068, 1, RS, V
126.4, 1078, 1, RS, V
126.4, 1100, 1, RS, V
126.4, 1164, 1, IB, V
126.5, 1048, 1, RS, V
126.5, 1072, 1, RS, V
126.5, 1075, 1, RS, V
126.5, 1080, 1, RS, V
126.5, 1085, 1, RS, V
126.5, 1090, 1, RS, V
126.5, 1096, 1, RS, V
126.5, 1105, 1, RS, V
126.5, 1108, 1, RS, V
126.5, 1178, 1, IB, V
126.5, 1180, 1, IB, V
126.5, 1280, 1, FS, IV
126.5, 1905, 2, FS, V
126.6, 357, 0, FS, V
126.6, 363, 0, FS, V
126.6, 840, 1, RS, VI
126.6, 956, 1, RS, VI
126.6, 1034, 1, RS, V
126.6, 1035, 1, RS, V
126.6, 1099, 1, RS, V
126.6, 1883, 2, FS, V
126.7, 355, 0, FS, V
126.7, 368, 0, FS, V
126.7, 379, 0, FS, V
126.7, 1041, 1, RS, V
126.7, 1109, 1, RS, V
126.7, 1110, 1, RS, V
126.7, 1168, 1, IB, V
126.7, 1184, 1, IB, V
126.7, 1190, 1, IB, V
126.7, 1445, 1, RS, III
126.8, 264, 0, LTS, VI
126.8, 362, 0, FS, V
126.8, 364, 0, FS, V
126.8, 374, 0, FS, V
126.8, 979, 1, RS, VI
126.8, 1047, 1, RS, V
126.8, 1079, 1, RS, V
126.8, 1086, 1, RS, V
126.8, 1165, 1, IB, V
126.8, 1187, 1, IB, V
126.9, 1040, 1, RS, V
126.9, 1045, 1, RS, V
126.9, 1060, 1, RS, V
126.9, 1061, 1, RS, V
126.9, 1089, 1, RS, V
126.9, 1103, 1, RS, V
126.9, 1114, 1, RS, V
126.9, 1182, 1, IB, V
126.9, 1876, 2, FS, V
126.9, 1899, 2, FS, V
127, 370, 0, FS, V
127, 375, 0, FS, V
127, 857, 1, RS, VI
127, 1044, 1, RS, V
127, 1166, 1, IB, V
127, 1169, 1, IB, V
127, 1889, 2, FS, V
127, 1891, 2, FS, V
127, 1893, 2, FS, V
127, 1900, 2, FS, V
127.1, 367, 0, FS, V
127.1, 377, 0, FS, V
127.1, 913, 1, RS, VI
127.1, 1093, 1, RS, V
127.1, 1104, 1, RS, V
127.1, 1112, 1, RS, V
127.1, 1163, 1, IB, V
127.1, 1188, 1, IB, V
127.2, 793, 1, RS, VI
127.2, 1054, 1, RS, V
127.2, 1113, 1, RS, V
127.2, 1478, 1, FS, III
127.2, 1490, 1, FS, III
127.3, 376, 0, FS, V
127.3, 887, 1, RS, VI
127.3, 998, 1, RS, VI
127.3, 1162, 1, IB, V
127.3, 1179, 1, IB, V
127.3, 1780, 2, LTS, VI
127.4, 1167, 1, IB, V
127.4, 1176, 1, IB, V
127.4, 1438, 1, RS, III
127.5, 993, 1, RS, VI
127.5, 1064, 1, RS, V
127.5, 1118, 1, FS, V
127.5, 1183, 1, IB, V
127.5, 1191, 1, IB, V
127.5, 1192, 1, IB, V
127.6, 415, 0, IB, V
127.6, 1121, 1, FS, V
127.6, 1126, 1, FS, V
127.6, 1138, 1, FS, V
127.6, 1928, 2, IB, V
127.7, 359, 0, FS, V
127.7, 949, 1, RS, VI
127.7, 1116, 1, FS, V
127.7, 1131, 1, FS, V
127.7, 1132, 1, FS, V
127.7, 1137, 1, FS, V
127.7, 1140, 1, FS, V
127.7, 1142, 1, FS, V
127.7, 1172, 1, IB, V
127.7, 1186, 1, IB, V
127.7, 1304, 1, LTS, IV
127.8, 796, 1, RS, VI
127.8, 841, 1, RS, VI
127.8, 864, 1, RS, VI
127.8, 893, 1, RS, VI
127.8, 910, 1, RS, VI
127.8, 972, 1, RS, VI
127.8, 992, 1, RS, VI
127.8, 1091, 1, RS, V
127.8, 1117, 1, FS, V
127.8, 1119, 1, FS, V
127.8, 1124, 1, FS, V
127.8, 1136, 1, FS, V
127.8, 1141, 1, FS, V
127.8, 1143, 1, FS, V
127.8, 1146, 1, FS, V
127.8, 1185, 1, IB, V
127.8, 1189, 1, IB, V
127.8, 1317, 1, RS, III
127.9, 369, 0, FS, V
127.9, 1115, 1, FS, V
127.9, 1122, 1, FS, V
127.9, 1128, 1, FS, V
127.9, 1129, 1, FS, V
127.9, 1130, 1, FS, V
127.9, 1133, 1, FS, V
127.9, 1135, 1, FS, V
127.9, 1139, 1, FS, V
127.9, 1144, 1, FS, V
127.9, 1173, 1, IB, V
127.9, 1174, 1, IB, V
128, 378, 0, FS, V
128, 765, 1, RS, VI
128, 1120, 1, FS, V
128, 1123, 1, FS, V
128, 1882, 2, FS, V
128, 2691, 3, IB, V
128.1, 360, 0, FS, V
128.1, 380, 0, FS, V
128.1, 385, 0, FS, V
128.1, 408, 0, IB, V
128.1, 968, 1, RS, VI
128.1, 1125, 1, FS, V
128.1, 1127, 1, FS, V
128.1, 1145, 1, FS, V
128.1, 1177, 1, IB, V
128.1, 1181, 1, IB, V
128.1, 1364, 1, RS, III
128.1, 1516, 1, LTS, III
128.1, 1881, 2, FS, V
128.1, 1904, 2, FS, V
128.2, 354, 0, FS, V
128.2, 365, 0, FS, V
128.2, 922, 1, RS, VI
128.2, 1039, 1, RS, V
128.2, 1134, 1, FS, V
128.2, 1297, 1, LTS, IV
128.2, 1299, 1, LTS, IV
128.2, 1521, 1, LTS, III
128.2, 1877, 2, FS, V
128.2, 1884, 2, FS, V
128.2, 1896, 2, FS, V
128.3, 785, 1, RS, VI
128.3, 798, 1, RS, VI
128.3, 937, 1, RS, VI
128.4, 366, 0, FS, V
128.4, 372, 0, FS, V
128.4, 833, 1, RS, VI
128.4, 967, 1, RS, VI
128.4, 1301, 1, LTS, IV
128.4, 1880, 2, FS, V
128.5, 381, 0, FS, V
128.5, 791, 1, RS, VI
128.5, 816, 1, RS, VI
128.5, 828, 1, RS, VI
128.5, 1302, 1, LTS, IV
128.5, 1389, 1, RS, III
128.5, 1894, 2, FS, V
128.6, 772, 1, RS, VI
128.6, 951, 1, RS, VI
128.6, 1513, 1, LTS, III
128.7, 371, 0, FS, V
128.7, 383, 0, FS, V
128.7, 944, 1, RS, VI
128.7, 1025, 1, LTS, VI
128.7, 1335, 1, RS, III
128.7, 1368, 1, RS, III
128.7, 1411, 1, RS, III
128.7, 1952, 2, IB, V
128.8, 356, 0, FS, V
128.8, 814, 1, RS, VI
128.8, 834, 1, RS, VI
128.8, 987, 1, RS, VI
128.8, 1453, 1, RS, III
128.8, 1500, 1, FS, III
128.9, 384, 0, FS, V
128.9, 1295, 1, LTS, IV
128.9, 1885, 2, FS, V
128.9, 1888, 2, FS, V
129, 810, 1, RS, VI
129, 1312, 1, RS, III
129, 1405, 1, RS, III
129, 1505, 1, LTS, III
129, 1901, 2, FS, V
129, 1903, 2, FS, V
129.1, 831, 1, RS, VI
129.1, 868, 1, RS, VI
129.1, 1303, 1, LTS, IV
129.1, 1508, 1, LTS, III
129.1, 1895, 2, FS, V
129.1, 1906, 2, FS, V
129.2, 373, 0, FS, V
129.2, 1300, 1, LTS, IV
129.2, 1323, 1, RS, III
129.2, 1878, 2, FS, V
129.2, 1897, 2, FS, V
129.3, 1002, 1, FS, VI
129.4, 974, 1, RS, VI
129.4, 1031, 1, LTS, VI
129.4, 1175, 1, IB, V
129.4, 1892, 2, FS, V
129.4, 1905, 2, FS, V
129.5, 357, 0, FS, V
129.5, 363, 0, FS, V
129.5, 1520, 1, LTS, III
129.5, 1879, 2, FS, V
129.5, 1883, 2, FS, V
129.5, 1890, 2, FS, V
129.6, 355, 0, FS, V
129.6, 368, 0, FS, V
129.6, 379, 0, FS, V
129.6, 1170, 1, IB, V
129.7, 362, 0, FS, V
129.7, 364, 0, FS, V
129.7, 374, 0, FS, V
129.7, 877, 1, RS, VI
129.7, 912, 1, RS, VI
129.7, 926, 1, RS, VI
129.7, 1171, 1, IB, V
129.7, 1887, 2, FS, V
129.7, 1898, 2, FS, V
129.7, 1931, 2, IB, V
129.8, 382, 0, FS, V
129.8, 1164, 1, IB, V
129.8, 1305, 1, LTS, IV
129.8, 1876, 2, FS, V
129.8, 1899, 2, FS, V
129.8, 1907, 2, FS, V
129.9, 370, 0, FS, V
129.9, 375, 0, FS, V
129.9, 838, 1, RS, VI
129.9, 927, 1, RS, VI
129.9, 977, 1, RS, VI
129.9, 1178, 1, IB, V
129.9, 1180, 1, IB, V
129.9, 1889, 2, FS, V
129.9, 1891, 2, FS, V
129.9, 1893, 2, FS, V
129.9, 1900, 2, FS, V
130, 367, 0, FS, V
130, 377, 0, FS, V
130, 421, 0, IB, V
130, 955, 1, RS, VI
130.1, 361, 0, FS, V
130.1, 931, 1, RS, VI
130.1, 1168, 1, IB, V
130.1, 1184, 1, IB, V
130.1, 1190, 1, IB, V
130.1, 1902, 2, FS, V
130.2, 376, 0, FS, V
130.2, 902, 1, RS, VI
130.2, 1165, 1, IB, V
130.2, 1187, 1, IB, V
130.2, 1886, 2, FS, V
130.3, 1182, 1, IB, V
130.3, 1485, 1, FS, III
130.4, 965, 1, RS, VI
130.4, 1077, 1, RS, V
130.4, 1118, 1, FS, V
130.4, 1166, 1, IB, V
130.4, 1169, 1, IB, V
130.5, 773, 1, RS, VI
130.5, 851, 1, RS, VI
130.5, 1121, 1, FS, V
130.5, 1126, 1, FS, V
130.5, 1138, 1, FS, V
130.5, 1163, 1, IB, V
130.5, 1188, 1, IB, V
130.5, 1488, 1, FS, III
130.6, 359, 0, FS, V
130.6, 652, 0, RS, III
130.6, 1022, 1, LTS, VI
130.6, 1116, 1, FS, V
130.6, 1131, 1, FS, V
130.6, 1132, 1, FS, V
130.6, 1137, 1, FS, V
130.6, 1140, 1, FS, V
130.6, 1142, 1, FS, V
130.6, 1460, 1, RS, III
130.7, 1117, 1, FS, V
130.7, 1119, 1, FS, V
130.7, 1124, 1, FS, V
130.7, 1136, 1, FS, V
130.7, 1141, 1, FS, V
130.7, 1143, 1, FS, V
130.7, 1146, 1, FS, V
130.7, 1162, 1, IB, V
130.7, 1179, 1, IB, V
130.7, 1298, 1, LTS, IV
130.7, 3579, 4, LTS, IV
130.8, 358, 0, FS, V
130.8, 369, 0, FS, V
130.8, 1019, 1, LTS, VI
130.8, 1115, 1, FS, V
130.8, 1122, 1, FS, V
130.8, 1128, 1, FS, V
130.8, 1129, 1, FS, V
130.8, 1130, 1, FS, V
130.8, 1133, 1, FS, V
130.8, 1135, 1, FS, V
130.8, 1139, 1, FS, V
130.8, 1144, 1, FS, V
130.8, 1167, 1, IB, V
130.8, 1176, 1, IB, V
130.9, 378, 0, FS, V
130.9, 805, 1, RS, VI
130.9, 995, 1, RS, VI
130.9, 1081, 1, RS, V
130.9, 1120, 1, FS, V
130.9, 1123, 1, FS, V
130.9, 1183, 1, IB, V
130.9, 1191, 1, IB, V
130.9, 1192, 1, IB, V
130.9, 1882, 2, FS, V
131, 360, 0, FS, V
131, 380, 0, FS, V
131, 385, 0, FS, V
131, 983, 1, RS, VI
131, 1125, 1, FS, V
131, 1127, 1, FS, V
131, 1145, 1, FS, V
131, 1881, 2, FS, V
131, 1904, 2, FS, V
131, 3410, 4, FS, V
131, 3430, 4, LTS, V
131.1, 354, 0, FS, V
131.1, 365, 0, FS, V
131.1, 845, 1, RS, VI
131.1, 946, 1, RS, VI
131.1, 1134, 1, FS, V
131.1, 1172, 1, IB, V
131.1, 1186, 1, IB, V
131.1, 1306, 1, LTS, IV
131.1, 1484, 1, FS, III
131.1, 1494, 1, FS, III
131.1, 1877, 2, FS, V
131.1, 1884, 2, FS, V
131.1, 1896, 2, FS, V
131.2, 629, 0, RS, III
131.2, 1185, 1, IB, V
131.2, 1189, 1, IB, V
131.2, 1451, 1, RS, III
131.2, 2668, 3, FS, V
131.3, 366, 0, FS, V
131.3, 372, 0, FS, V
131.3, 918, 1, RS, VI
131.3, 1000, 1, FS, VI
131.3, 1029, 1, LTS, VI
131.3, 1173, 1, IB, V
131.3, 1174, 1, IB, V
131.3, 1473, 1, RS, III
131.3, 1880, 2, FS, V
131.4, 258, 0, LTS, VI
131.4, 381, 0, FS, V
131.4, 1293, 1, LTS, IV
131.4, 1482, 1, FS, III
131.4, 1894, 2, FS, V
131.5, 1177, 1, IB, V
131.5, 1181, 1, IB, V
131.6, 371, 0, FS, V
131.6, 383, 0, FS, V
131.6, 894, 1, RS, VI
131.6, 1107, 1, RS, V
131.6, 1294, 1, LTS, IV
131.6, 3419, 4, FS, V
131.7, 356, 0, FS, V
131.7, 803, 1, RS, VI
131.7, 898, 1, RS, VI
131.7, 915, 1, RS, VI
131.7, 1098, 1, RS, V
131.7, 1465, 1, RS, III
131.8, 384, 0, FS, V
131.8, 1073, 1, RS, V
131.8, 1074, 1, RS, V
131.8, 1280, 1, FS, IV
131.8, 1512, 1, LTS, III
131.8, 1885, 2, FS, V
131.8, 1888, 2, FS, V
131.9, 1027, 1, LTS, VI
131.9, 1055, 1, RS, V
131.9, 1067, 1, RS, V
131.9, 1092, 1, RS, V
131.9, 1106, 1, RS, V
131.9, 1515, 1, LTS, III
131.9, 1518, 1, LTS, III
131.9, 1901, 2, FS, V
131.9, 1903, 2, FS, V
132, 948, 1, RS, VI
132, 1088, 1, RS, V
132, 1492, 1, FS, III
132, 1506, 1, LTS, III
132, 1895, 2, FS, V
132, 1906, 2, FS, V
132, 2267, 2, LTS, III
132.1, 373, 0, FS, V
132.1, 858, 1, RS, VI
132.1, 1037, 1, RS, V
132.1, 1042, 1, RS, V
132.1, 1053, 1, RS, V
132.1, 1057, 1, RS, V
132.1, 1076, 1, RS, V
132.1, 1102, 1, RS, V
132.1, 1479, 1, FS, III
132.1, 1878, 2, FS, V
132.1, 1897, 2, FS, V
132.2, 1036, 1, RS, V
132.2, 1049, 1, RS, V
132.2, 1095, 1, RS, V
132.2, 1507, 1, LTS, III
132.2, 1509, 1, LTS, III
132.3, 1028, 1, LTS, VI
132.3, 1065, 1, RS, V
132.3, 1071, 1, RS, V
132.3, 1087, 1, RS, V
132.3, 1097, 1, RS, V
132.3, 1111, 1, RS, V
132.3, 1892, 2, FS, V
132.3, 1905, 2, FS, V
132.4, 357, 0, FS, V
132.4, 363, 0, FS, V
132.4, 958, 1, RS, VI
132.4, 1026, 1, LTS, VI
132.4, 1051, 1, RS, V
132.4, 1101, 1, RS, V
132.4, 1343, 1, RS, III
132.4, 1879, 2, FS, V
132.4, 1883, 2, FS, V
132.4, 1890, 2, FS, V
132.5, 355, 0, FS, V
132.5, 368, 0, FS, V
132.5, 379, 0, FS, V
132.5, 924, 1, RS, VI
132.5, 1050, 1, RS, V
132.5, 1059, 1, RS, V
132.5, 1070, 1, RS, V
132.5, 1082, 1, RS, V
132.5, 1084, 1, RS, V
132.5, 1304, 1, LTS, IV
132.5, 1390, 1, RS, III
132.5, 1425, 1, RS, III
132.5, 1439, 1, RS, III
132.5, 1448, 1, RS, III
132.6, 362, 0, FS, V
132.6, 364, 0, FS, V
132.6, 374, 0, FS, V
132.6, 1015, 1, FS, VI
132.6, 1038, 1, RS, V
132.6, 1056, 1, RS, V
132.6, 1058, 1, RS, V
132.6, 1062, 1, RS, V
132.6, 1069, 1, RS, V
132.6, 1083, 1, RS, V
132.6, 1094, 1, RS, V
132.6, 1887, 2, FS, V
132.6, 1898, 2, FS, V
132.7, 382, 0, FS, V
132.7, 827, 1, RS, VI
132.7, 1030, 1, LTS, VI
132.7, 1033, 1, RS, V
132.7, 1043, 1, RS, V
132.7, 1046, 1, RS, V
132.7, 1052, 1, RS, V
132.7, 1063, 1, RS, V
132.7, 1066, 1, RS, V
132.7, 1068, 1, RS, V
132.7, 1078, 1, RS, V
132.7, 1100, 1, RS, V
132.7, 1876, 2, FS, V
132.7, 1899, 2, FS, V
132.7, 1907, 2, FS, V
132.7, 2640, 3, FS, V
132.8, 370, 0, FS, V
132.8, 375, 0, FS, V
132.8, 1048, 1, RS, V
132.8, 1072, 1, RS, V
132.8, 1075, 1, RS, V
132.8, 1080, 1, RS, V
132.8, 1085, 1, RS, V
132.8, 1090, 1, RS, V
132.8, 1096, 1, RS, V
132.8, 1105, 1, RS, V
132.8, 1108, 1, RS, V
132.8, 1175, 1, IB, V
132.8, 1889, 2, FS, V
132.8, 1891, 2, FS, V
132.8, 1893, 2, FS, V
132.8, 1900, 2, FS, V
132.9, 367, 0, FS, V
132.9, 377, 0, FS, V
132.9, 821, 1, RS, VI
132.9, 881, 1, RS, VI
132.9, 1024, 1, LTS, VI
132.9, 1034, 1, RS, V
132.9, 1035, 1, RS, V
132.9, 1099, 1, RS, V
132.9, 1455, 1, RS, III
132.9, 1516, 1, LTS, III
133, 361, 0, FS, V
133, 1041, 1, RS, V
133, 1109, 1, RS, V
133, 1110, 1, RS, V
133, 1170, 1, IB, V
133, 1297, 1, LTS, IV
133, 1299, 1, LTS, IV
133, 1475, 1, RS, III
133, 1521, 1, LTS, III
133, 1902, 2, FS, V
133.1, 376, 0, FS, V
133.1, 541, 0, LTS, IV
133.1, 789, 1, RS, VI
133.1, 1047, 1, RS, V
133.1, 1079, 1, RS, V
133.1, 1086, 1, RS, V
133.1, 1171, 1, IB, V
133.1, 1886, 2, FS, V
133.2, 771, 1, RS, VI
133.2, 1040, 1, RS, V
133.2, 1045, 1, RS, V
133.2, 1060, 1, RS, V
133.2, 1061, 1, RS, V
133.2, 1089, 1, RS, V
133.2, 1103, 1, RS, V
133.2, 1114, 1, RS, V
133.2, 1164, 1, IB, V
133.2, 1301, 1, LTS, IV
133.3, 1044, 1, RS, V
133.3, 1118, 1, FS, V
133.3, 1178, 1, IB, V
133.3, 1180, 1, IB, V
133.3, 1302, 1, LTS, IV
133.4, 1093, 1, RS, V
133.4, 1104, 1, RS, V
133.4, 1112, 1, RS, V
133.4, 1121, 1, FS, V
133.4, 1126, 1, FS, V
133.4, 1138, 1, FS, V
133.4, 1296, 1, LTS, IV
133.4, 1513, 1, LTS, III
133.5, 359, 0, FS, V
133.5, 775, 1, RS, VI
133.5, 832, 1, RS, VI
133.5, 1054, 1, RS, V
133.5, 1113, 1, RS, V
133.5, 1116, 1, FS, V
133.5, 1131, 1, FS, V
133.5, 1132, 1, FS, V
133.5, 1137, 1, FS, V
133.5, 1140, 1, FS, V
133.5, 1142, 1, FS, V
133.5, 1168, 1, IB, V
133.5, 1184, 1, IB, V
133.5, 1190, 1, IB, V
133.5, 1284, 1, FS, IV
133.5, 2666, 3, FS, V
133.6, 543, 0, LTS, IV
133.6, 939, 1, RS, VI
133.6, 1117, 1, FS, V
133.6, 1119, 1, FS, V
133.6, 1124, 1, FS, V
133.6, 1136, 1, FS, V
133.6, 1141, 1, FS, V
133.6, 1143, 1, FS, V
133.6, 1146, 1, FS, V
133.6, 1165, 1, IB, V
133.6, 1187, 1, IB, V
133.6, 1358, 1, RS, III
133.6, 1477, 1, FS, III
133.6, 3305, 4, LTS, VI
133.7, 1115, 1, FS, V
133.7, 1122, 1, FS, V
133.7, 1128, 1, FS, V
133.7, 1129, 1, FS, V
133.7, 1130, 1, FS, V
133.7, 1133, 1, FS, V
133.7, 1135, 1, FS, V
133.7, 1139, 1, FS, V
133.7, 1144, 1, FS, V
133.7, 1182, 1, IB, V
133.7, 1401, 1, RS, III
133.7, 1438, 1, RS, III
133.8, 378, 0, FS, V
133.8, 846, 1, RS, VI
133.8, 952, 1, RS, VI
133.8, 1064, 1, RS, V
133.8, 1120, 1, FS, V
133.8, 1123, 1, FS, V
133.8, 1166, 1, IB, V
133.8, 1169, 1, IB, V
133.8, 1505, 1, LTS, III
133.8, 1882, 2, FS, V
133.9, 360, 0, FS, V
133.9, 380, 0, FS, V
133.9, 385, 0, FS, V
133.9, 1021, 1, LTS, VI
133.9, 1125, 1, FS, V
133.9, 1127, 1, FS, V
133.9, 1145, 1, FS, V
133.9, 1163, 1, IB, V
133.9, 1188, 1, IB, V
133.9, 1354, 1, RS, III
133.9, 1447, 1, RS, III
133.9, 1485, 1, FS, III
133.9, 1508, 1, LTS, III
133.9, 1881, 2, FS, V
133.9, 1904, 2, FS, V
134, 354, 0, FS, V
134, 365, 0, FS, V
134, 856, 1, RS, VI
134, 884, 1, RS, VI
134, 1134, 1, FS, V
134, 1303, 1, LTS, IV
134, 1446, 1, RS, III
134, 1877, 2, FS, V
134, 1884, 2, FS, V
134, 1896, 2, FS, V
134.1, 369, 0, FS, V
134.1, 943, 1, RS, VI
134.1, 1002, 1, FS, VI
134.1, 1162, 1, IB, V
134.1, 1179, 1, IB, V
134.1, 2668, 3, FS, V
134.2, 372, 0, FS, V
134.2, 886, 1, RS, VI
134.2, 1167, 1, IB, V
134.2, 1176, 1, IB, V
134.2, 1384, 1, RS, III
134.2, 1880, 2, FS, V
134.3, 381, 0, FS, V
134.3, 960, 1, RS, VI
134.3, 1023, 1, LTS, VI
134.3, 1183, 1, IB, V
134.3, 1191, 1, IB, V
134.3, 1192, 1, IB, V
134.3, 1295, 1, LTS, IV
134.3, 1481, 1, FS, III
134.3, 1520, 1, LTS, III
134.3, 1894, 2, FS, V
134.3, 2660, 3, FS, V
134.4, 2648, 3, FS, V
134.4, 2656, 3, FS, V
134.5, 371, 0, FS, V
134.5, 383, 0, FS, V
134.5, 850, 1, RS, VI
134.5, 1018, 1, LTS, VI
134.5, 1039, 1, RS, V
134.5, 1172, 1, IB, V
134.5, 1186, 1, IB, V
134.5, 1454, 1, RS, III
134.5, 2652, 3, FS, V
134.6, 356, 0, FS, V
134.6, 799, 1, RS, VI
134.6, 1185, 1, IB, V
134.6, 1189, 1, IB, V
134.6, 1317, 1, RS, III
134.6, 3584, 4, LTS, IV
134.7, 384, 0, FS, V
134.7, 1173, 1, IB, V
134.7, 1174, 1, IB, V
134.7, 1885, 2, FS, V
134.7, 1888, 2, FS, V
134.7, 2641, 3, FS, V
134.7, 2658, 3, FS, V
134.7, 2662, 3, FS, V
134.8, 865, 1, RS, VI
134.8, 1901, 2, FS, V
134.8, 1903, 2, FS, V
134.9, 855, 1, RS, VI
134.9, 908, 1, RS, VI
134.9, 1177, 1, IB, V
134.9, 1181, 1, IB, V
134.9, 1895, 2, FS, V
134.9, 1906, 2, FS, V
134.9, 2278, 2, LTS, III
135, 373, 0, FS, V
135, 806, 1, RS, VI
135, 854, 1, RS, VI
135, 1330, 1, RS, III
135, 1364, 1, RS, III
135, 1411, 1, RS, III
135, 1878, 2, FS, V
135, 1897, 2, FS, V
135.1, 772, 1, RS, VI
135.1, 1305, 1, LTS, IV
135.1, 1429, 1, RS, III
135.1, 1453, 1, RS, III
135.1, 1490, 1, FS, III
135.1, 2544, 3, LTS, VI
135.1, 2642, 3, FS, V
135.2, 366, 0, FS, V
135.2, 1281, 1, FS, IV
135.2, 1892, 2, FS, V
135.2, 1905, 2, FS, V
135.3, 357, 0, FS, V
135.3, 363, 0, FS, V
135.3, 1032, 1, LTS, VI
135.3, 1441, 1, RS, III
135.3, 1883, 2, FS, V
135.3, 1890, 2, FS, V
135.4, 355, 0, FS, V
135.4, 368, 0, FS, V
135.4, 379, 0, FS, V
135.4, 836, 1, RS, VI
135.4, 2638, 3, FS, V
135.5, 362, 0, FS, V
135.5, 364, 0, FS, V
135.5, 374, 0, FS, V
135.5, 940, 1, RS, VI
135.5, 1323, 1, RS, III
135.5, 1488, 1, FS, III
135.5, 1887, 2, FS, V
135.6, 382, 0, FS, V
135.6, 1368, 1, RS, III
135.6, 1876, 2, FS, V
135.6, 1899, 2, FS, V
135.7, 370, 0, FS, V
135.7, 790, 1, RS, VI
135.7, 1889, 2, FS, V
135.7, 1891, 2, FS, V
135.7, 1893, 2, FS, V
135.7, 1898, 2, FS, V
135.7, 1900, 2, FS, V
135.7, 2653, 3, FS, V
135.8, 367, 0, FS, V
135.8, 377, 0, FS, V
135.8, 2640, 3, FS, V
135.9, 358, 0, FS, V
135.9, 1879, 2, FS, V
135.9, 2237, 2, FS, III
135.9, 3428, 4, FS, V
136, 361, 0, FS, V
136, 376, 0, FS, V
136, 1020, 1, LTS, VI
136, 1886, 2, FS, V
136, 1902, 2, FS, V
136, 1907, 2, FS, V
136.1, 375, 0, FS, V
136.1, 1494, 1, FS, III
136.2, 1118, 1, FS, V
136.2, 1175, 1, IB, V
136.2, 1484, 1, FS, III
136.2, 2643, 3, FS, V
136.3, 988, 1, RS, VI
136.3, 1121, 1, FS, V
136.3, 1126, 1, FS, V
136.3, 1138, 1, FS, V
136.4, 248, 0, FS, VI
136.4, 359, 0, FS, V
136.4, 1116, 1, FS, V
136.4, 1131, 1, FS, V
136.4, 1132, 1, FS, V
136.4, 1137, 1, FS, V
136.4, 1140, 1, FS, V
136.4, 1142, 1, FS, V
136.4, 1170, 1, IB, V
136.4, 2666, 3, FS, V
136.5, 863, 1, RS, VI
136.5, 1117, 1, FS, V
136.5, 1119, 1, FS, V
136.5, 1124, 1, FS, V
136.5, 1136, 1, FS, V
136.5, 1141, 1, FS, V
136.5, 1143, 1, FS, V
136.5, 1146, 1, FS, V
136.5, 1171, 1, IB, V
136.5, 2274, 2, LTS, III
136.5, 2639, 3, FS, V
136.6, 1115, 1, FS, V
136.6, 1122, 1, FS, V
136.6, 1128, 1, FS, V
136.6, 1129, 1, FS, V
136.6, 1130, 1, FS, V
136.6, 1133, 1, FS, V
136.6, 1135, 1, FS, V
136.6, 1139, 1, FS, V
136.6, 1144, 1, FS, V
136.6, 1164, 1, IB, V
136.6, 1280, 1, FS, IV
136.6, 1321, 1, RS, III
136.7, 378, 0, FS, V
136.7, 1077, 1, RS, V
136.7, 1120, 1, FS, V
136.7, 1123, 1, FS, V
136.7, 1178, 1, IB, V
136.7, 1180, 1, IB, V
136.7, 1486, 1, FS, III
136.7, 1492, 1, FS, III
136.7, 1882, 2, FS, V
136.7, 2654, 3, FS, V
136.8, 360, 0, FS, V
136.8, 380, 0, FS, V
136.8, 385, 0, FS, V
136.8, 1125, 1, FS, V
136.8, 1127, 1, FS, V
136.8, 1145, 1, FS, V
136.8, 1445, 1, RS, III
136.8, 1485, 1, FS, III
136.8, 1497, 1, FS, III
136.8, 1512, 1, LTS, III
136.8, 1881, 2, FS, V
136.8, 1904, 2, FS, V
136.8, 2650, 3, FS, V
136.9, 354, 0, FS, V
136.9, 365, 0, FS, V
136.9, 970, 1, RS, VI
136.9, 1134, 1, FS, V
136.9, 1168, 1, IB, V
136.9, 1184, 1, IB, V
136.9, 1190, 1, IB, V
136.9, 1493, 1, FS, III
136.9, 1877, 2, FS, V
136.9, 1884, 2, FS, V
136.9, 1896, 2, FS, V
137, 369, 0, FS, V
137, 1165, 1, IB, V
137, 1187, 1, IB, V
137, 1298, 1, LTS, IV
137, 1507, 1, LTS, III
137, 1509, 1, LTS, III
137, 2649, 3, FS, V
137, 2668, 3, FS, V
137.1, 372, 0, FS, V
137.1, 1182, 1, IB, V
137.1, 1518, 1, LTS, III
137.1, 1880, 2, FS, V
137.2, 381, 0, FS, V
137.2, 1081, 1, RS, V
137.2, 1166, 1, IB, V
137.2, 1169, 1, IB, V
137.2, 1428, 1, RS, III
137.2, 1489, 1, FS, III
137.2, 1894, 2, FS, V
137.3, 1163, 1, IB, V
137.3, 1188, 1, IB, V
137.3, 1481, 1, FS, III
137.3, 1491, 1, FS, III
137.3, 1499, 1, FS, III
137.3, 2648, 3, FS, V
137.4, 371, 0, FS, V
137.4, 383, 0, FS, V
137.4, 1325, 1, RS, III
137.4, 2656, 3, FS, V
137.5, 356, 0, FS, V
137.5, 1162, 1, IB, V
137.5, 1179, 1, IB, V
137.5, 1480, 1, FS, III
137.5, 1482, 1, FS, III
137.5, 1517, 1, LTS, III
137.5, 2652, 3, FS, V
137.6, 384, 0, FS, V
137.6, 1167, 1, IB, V
137.6, 1176, 1, IB, V
137.6, 1332, 1, RS, III
137.6, 1885, 2, FS, V
137.6, 1888, 2, FS, V
137.7, 1183, 1, IB, V
137.7, 1191, 1, IB, V
137.7, 1192, 1, IB, V
137.7, 1386, 1, RS, III
137.7, 1516, 1, LTS, III
137.7, 1901, 2, FS, V
137.7, 1903, 2, FS, V
137.8, 1521, 1, LTS, III
137.8, 1895, 2, FS, V
137.8, 1906, 2, FS, V
137.9, 373, 0, FS, V
137.9, 750, 0, LTS, III
137.9, 1107, 1, RS, V
137.9, 1172, 1, IB, V
137.9, 1186, 1, IB, V
137.9, 1311, 1, RS, III
137.9, 1495, 1, FS, III
137.9, 1878, 2, FS, V
137.9, 1897, 2, FS, V
138, 1098, 1, RS, V
138, 1185, 1, IB, V
138, 1189, 1, IB, V
138, 2665, 3, FS, V
138.1, 366, 0, FS, V
138.1, 1073, 1, RS, V
138.1, 1074, 1, RS, V
138.1, 1174, 1, IB, V
138.1, 1281, 1, FS, IV
138.1, 1490, 1, FS, III
138.1, 1892, 2, FS, V
138.1, 1905, 2, FS, V
138.2, 357, 0, FS, V
138.2, 363, 0, FS, V
138.2, 1055, 1, RS, V
138.2, 1067, 1, RS, V
138.2, 1092, 1, RS, V
138.2, 1106, 1, RS, V
138.2, 1301, 1, LTS, IV
138.2, 1513, 1, LTS, III
138.2, 1883, 2, FS, V
138.2, 1890, 2, FS, V
138.2, 2265, 2, LTS, III
138.2, 2658, 3, FS, V
138.3, 355, 0, FS, V
138.3, 368, 0, FS, V
138.3, 379, 0, FS, V
138.3, 1088, 1, RS, V
138.3, 1177, 1, IB, V
138.3, 1181, 1, IB, V
138.3, 2419, 3, RS, VI
138.4, 362, 0, FS, V
138.4, 364, 0, FS, V
138.4, 374, 0, FS, V
138.4, 1037, 1, RS, V
138.4, 1042, 1, RS, V
138.4, 1053, 1, RS, V
138.4, 1057, 1, RS, V
138.4, 1076, 1, RS, V
138.4, 1102, 1, RS, V
138.4, 1284, 1, FS, IV
138.4, 1333, 1, RS, III
138.4, 1488, 1, FS, III
138.4, 1887, 2, FS, V
138.4, 2664, 3, FS, V
138.5, 382, 0, FS, V
138.5, 1036, 1, RS, V
138.5, 1049, 1, RS, V
138.5, 1876, 2, FS, V
138.5, 1899, 2, FS, V
138.6, 370, 0, FS, V
138.6, 1065, 1, RS, V
138.6, 1087, 1, RS, V
138.6, 1097, 1, RS, V
138.6, 1111, 1, RS, V
138.6, 1334, 1, RS, III
138.6, 1500, 1, FS, III
138.6, 1790, 2, LTS, VI
138.6, 1889, 2, FS, V
138.6, 1891, 2, FS, V
138.6, 1893, 2, FS, V
138.6, 1898, 2, FS, V
138.6, 1900, 2, FS, V
138.7, 367, 0, FS, V
138.7, 377, 0, FS, V
138.7, 1101, 1, RS, V
138.7, 1287, 1, FS, IV
138.7, 1297, 1, LTS, IV
138.7, 1508, 1, LTS, III
138.7, 2640, 3, FS, V
138.7, 2641, 3, FS, V
138.8, 358, 0, FS, V
138.8, 1059, 1, RS, V
138.8, 1070, 1, RS, V
138.8, 1082, 1, RS, V
138.8, 1390, 1, RS, III
138.8, 1439, 1, RS, III
138.8, 1448, 1, RS, III
138.8, 1879, 2, FS, V
138.9, 361, 0, FS, V
138.9, 376, 0, FS, V
138.9, 1038, 1, RS, V
138.9, 1056, 1, RS, V
138.9, 1058, 1, RS, V
138.9, 1069, 1, RS, V
138.9, 1083, 1, RS, V
138.9, 1094, 1, RS, V
138.9, 1306, 1, LTS, IV
138.9, 1498, 1, FS, III
138.9, 1886, 2, FS, V
138.9, 1907, 2, FS, V
138.9, 2399, 3, RS, VI
139, 375, 0, FS, V
139, 1025, 1, LTS, VI
139, 1033, 1, RS, V
139, 1046, 1, RS, V
139, 1052, 1, RS, V
139, 1063, 1, RS, V
139, 1068, 1, RS, V
139, 1078, 1, RS, V
139, 1283, 1, FS, IV
139, 1300, 1, LTS, IV
139, 1304, 1, LTS, IV
139, 1355, 1, RS, III
139, 1477, 1, FS, III
139, 1494, 1, FS, III
139, 2638, 3, FS, V
139.1, 1048, 1, RS, V
139.1, 1075, 1, RS, V
139.1, 1105, 1, RS, V
139.1, 1108, 1, RS, V
139.1, 1118, 1, FS, V
139.1, 1294, 1, LTS, IV
139.1, 1309, 1, RS, III
139.1, 1483, 1, FS, III
139.1, 1484, 1, FS, III
139.1, 1520, 1, LTS, III
139.1, 2642, 3, FS, V
139.2, 1034, 1, RS, V
139.2, 1035, 1, RS, V
139.2, 1121, 1, FS, V
139.2, 1126, 1, FS, V
139.2, 1138, 1, FS, V
139.2, 1359, 1, RS, III
139.2, 2660, 3, FS, V
139.3, 359, 0, FS, V
139.3, 1109, 1, RS, V
139.3, 1110, 1, RS, V
139.3, 1116, 1, FS, V
139.3, 1131, 1, FS, V
139.3, 1132, 1, FS, V
139.3, 1137, 1, FS, V
139.3, 1140, 1, FS, V
139.3, 1142, 1, FS, V
139.3, 1327, 1, RS, III
139.3, 1416, 1, RS, III
139.3, 1502, 1, FS, III
139.4, 1047, 1, RS, V
139.4, 1086, 1, RS, V
139.4, 1117, 1, FS, V
139.4, 1119, 1, FS, V
139.4, 1124, 1, FS, V
139.4, 1136, 1, FS, V
139.4, 1141, 1, FS, V
139.4, 1143, 1, FS, V
139.4, 1146, 1, FS, V
139.4, 1299, 1, LTS, IV
139.5, 1040, 1, RS, V
139.5, 1045, 1, RS, V
139.5, 1060, 1, RS, V
139.5, 1114, 1, RS, V
139.5, 1115, 1, FS, V
139.5, 1122, 1, FS, V
139.5, 1128, 1, FS, V
139.5, 1129, 1, FS, V
139.5, 1130, 1, FS, V
139.5, 1133, 1, FS, V
139.5, 1135, 1, FS, V
139.5, 1139, 1, FS, V
139.5, 1144, 1, FS, V
139.5, 1173, 1, IB, V
139.5, 1293, 1, LTS, IV
139.5, 1303, 1, LTS, IV
139.5, 1457, 1, RS, III
139.5, 1479, 1, FS, III
139.5, 1511, 1, LTS, III
139.6, 378, 0, FS, V
139.6, 1044, 1, RS, V
139.6, 1120, 1, FS, V
139.6, 1123, 1, FS, V
139.6, 1175, 1, IB, V
139.6, 1478, 1, FS, III
139.6, 1492, 1, FS, III
139.6, 1882, 2, FS, V
139.7, 380, 0, FS, V
139.7, 385, 0, FS, V
139.7, 537, 0, LTS, IV
139.7, 1104, 1, RS, V
139.7, 1112, 1, RS, V
139.7, 1125, 1, FS, V
139.7, 1127, 1, FS, V
139.7, 1145, 1, FS, V
139.7, 1295, 1, LTS, IV
139.7, 1485, 1, FS, III
139.7, 1497, 1, FS, III
139.7, 1881, 2, FS, V
139.7, 1904, 2, FS, V
139.8, 354, 0, FS, V
139.8, 1054, 1, RS, V
139.8, 1134, 1, FS, V
139.8, 1170, 1, IB, V
139.8, 1877, 2, FS, V
139.8, 1884, 2, FS, V
139.8, 1896, 2, FS, V
139.8, 2663, 3, FS, V
139.8, 2666, 3, FS, V
139.9, 360, 0, FS, V
139.9, 369, 0, FS, V
139.9, 745, 0, LTS, III
139.9, 1171, 1, IB, V
139.9, 2668, 3, FS, V
140, 372, 0, FS, V
140, 1280, 1, FS, IV
140, 1438, 1, RS, III
140, 1880, 2, FS, V
140.1, 365, 0, FS, V
140.1, 381, 0, FS, V
140.1, 1178, 1, IB, V
140.1, 1180, 1, IB, V
140.1, 1894, 2, FS, V
140.3, 371, 0, FS, V
140.3, 383, 0, FS, V
140.3, 1168, 1, IB, V
140.3, 1184, 1, IB, V
140.3, 1190, 1, IB, V
140.3, 1290, 1, FS, IV
140.3, 1493, 1, FS, III
140.4, 356, 0, FS, V
140.4, 1165, 1, IB, V
140.4, 1187, 1, IB, V
140.5, 384, 0, FS, V
140.5, 1182, 1, IB, V
140.5, 1401, 1, RS, III
140.5, 1885, 2, FS, V
140.5, 1888, 2, FS, V
140.6, 1166, 1, IB, V
140.6, 1169, 1, IB, V
140.6, 1903, 2, FS, V
140.6, 2662, 3, FS, V
140.7, 1163, 1, IB, V
140.7, 1906, 2, FS, V
140.8, 373, 0, FS, V
140.8, 1878, 2, FS, V
140.8, 1897, 2, FS, V
140.9, 1179, 1, IB, V
140.9, 2259, 2, FS, III
141, 1176, 1, IB, V
141, 1491, 1, FS, III
141, 1901, 2, FS, V
141, 1905, 2, FS, V
141.1, 357, 0, FS, V
141.1, 363, 0, FS, V
141.1, 1183, 1, IB, V
141.1, 1191, 1, IB, V
141.1, 1192, 1, IB, V
141.1, 1286, 1, FS, IV
141.1, 1883, 2, FS, V
141.1, 1890, 2, FS, V
141.2, 355, 0, FS, V
141.2, 368, 0, FS, V
141.2, 379, 0, FS, V
141.2, 1892, 2, FS, V
141.2, 1895, 2, FS, V
141.3, 254, 0, FS, VI
141.3, 362, 0, FS, V
141.3, 364, 0, FS, V
141.3, 374, 0, FS, V
141.3, 1172, 1, IB, V
141.3, 1186, 1, IB, V
141.4, 382, 0, FS, V
141.4, 1185, 1, IB, V
141.4, 1189, 1, IB, V
141.4, 1899, 2, FS, V
141.5, 370, 0, FS, V
141.5, 1174, 1, IB, V
141.5, 1486, 1, FS, III
141.5, 1876, 2, FS, V
141.5, 1889, 2, FS, V
141.5, 1891, 2, FS, V
141.5, 1893, 2, FS, V
141.5, 1900, 2, FS, V
141.5, 1902, 2, FS, V
141.5, 2273, 2, LTS, III
141.6, 367, 0, FS, V
141.6, 377, 0, FS, V
141.6, 1167, 1, IB, V
141.6, 1512, 1, LTS, III
141.6, 1887, 2, FS, V
141.7, 1162, 1, IB, V
141.7, 1181, 1, IB, V
141.8, 361, 0, FS, V
141.8, 376, 0, FS, V
141.8, 1507, 1, LTS, III
141.8, 1509, 1, LTS, III
141.8, 1898, 2, FS, V
141.9, 1518, 1, LTS, III
141.9, 1907, 2, FS, V
142, 1118, 1, FS, V
142, 1352, 1, RS, III
142, 1423, 1, RS, III
142.1, 366, 0, FS, V
142.1, 1121, 1, FS, V
142.1, 1126, 1, FS, V
142.1, 1138, 1, FS, V
142.2, 359, 0, FS, V
142.2, 375, 0, FS, V
142.2, 1116, 1, FS, V
142.2, 1131, 1, FS, V
142.2, 1132, 1, FS, V
142.2, 1137, 1, FS, V
142.2, 1140, 1, FS, V
142.2, 1142, 1, FS, V
142.3, 607, 0, RS, III
142.3, 1117, 1, FS, V
142.3, 1119, 1, FS, V
142.3, 1124, 1, FS, V
142.3, 1136, 1, FS, V
142.3, 1141, 1, FS, V
142.3, 1143, 1, FS, V
142.3, 1146, 1, FS, V
142.3, 1424, 1, RS, III
142.3, 1476, 1, FS, III
142.4, 1115, 1, FS, V
142.4, 1122, 1, FS, V
142.4, 1128, 1, FS, V
142.4, 1129, 1, FS, V
142.4, 1130, 1, FS, V
142.4, 1133, 1, FS, V
142.4, 1135, 1, FS, V
142.4, 1139, 1, FS, V
142.4, 1144, 1, FS, V
142.5, 378, 0, FS, V
142.5, 1120, 1, FS, V
142.5, 1123, 1, FS, V
142.5, 1516, 1, LTS, III
142.5, 1882, 2, FS, V
142.5, 1886, 2, FS, V
142.6, 380, 0, FS, V
142.6, 385, 0, FS, V
142.6, 1125, 1, FS, V
142.6, 1127, 1, FS, V
142.6, 1145, 1, FS, V
142.6, 1521, 1, LTS, III
142.6, 1881, 2, FS, V
142.6, 1904, 2, FS, V
142.7, 354, 0, FS, V
142.7, 1134, 1, FS, V
142.7, 1387, 1, RS, III
142.7, 1877, 2, FS, V
142.7, 1884, 2, FS, V
142.7, 1896, 2, FS, V
142.8, 360, 0, FS, V
142.9, 372, 0, FS, V
142.9, 1487, 1, FS, III
142.9, 1880, 2, FS, V
142.9, 2280, 2, LTS, III
143, 365, 0, FS, V
143, 381, 0, FS, V
143, 1175, 1, IB, V
143, 1492, 1, FS, III
143, 1894, 2, FS, V
143.1, 1488, 1, FS, III
143.1, 1879, 2, FS, V
143.2, 369, 0, FS, V
143.2, 371, 0, FS, V
143.2, 383, 0, FS, V
143.2, 1170, 1, IB, V
143.3, 356, 0, FS, V
143.3, 358, 0, FS, V
143.3, 1171, 1, IB, V
143.4, 384, 0, FS, V
143.4, 1885, 2, FS, V
143.4, 1888, 2, FS, V
143.4, 2276, 2, LTS, III
143.5, 1499, 1, FS, III
143.5, 1903, 2, FS, V
143.6, 941, 1, RS, VI
143.6, 1906, 2, FS, V
143.7, 373, 0, FS, V
143.7, 1184, 1, IB, V
143.7, 1878, 2, FS, V
143.7, 1897, 2, FS, V
143.8, 1165, 1, IB, V
143.8, 1187, 1, IB, V
143.9, 1182, 1, IB, V
143.9, 1481, 1, FS, III
143.9, 1901, 2, FS, V
143.9, 1905, 2, FS, V
144, 357, 0, FS, V
144, 363, 0, FS, V
144, 1166, 1, IB, V
144, 1480, 1, FS, III
144, 1508, 1, LTS, III
144, 1513, 1, LTS, III
144, 1883, 2, FS, V
144, 1890, 2, FS, V
144.1, 355, 0, FS, V
144.1, 368, 0, FS, V
144.1, 379, 0, FS, V
144.1, 1163, 1, IB, V
144.1, 1892, 2, FS, V
144.1, 1895, 2, FS, V
144.1, 3791, 4, LTS, III
144.2, 362, 0, FS, V
144.2, 364, 0, FS, V
144.2, 374, 0, FS, V
144.2, 1482, 1, FS, III
144.3, 382, 0, FS, V
144.3, 728, 0, FS, III
144.3, 1179, 1, IB, V
144.3, 1490, 1, FS, III
144.3, 1899, 2, FS, V
144.4, 370, 0, FS, V
144.4, 1074, 1, RS, V
144.4, 1876, 2, FS, V
144.4, 1889, 2, FS, V
144.4, 1893, 2, FS, V
144.4, 1900, 2, FS, V
144.4, 2277, 2, LTS, III
144.5, 367, 0, FS, V
144.5, 377, 0, FS, V
144.5, 1183, 1, IB, V
144.5, 1192, 1, IB, V
144.5, 1491, 1, FS, III
144.5, 1891, 2, FS, V
144.6, 1088, 1, RS, V
144.6, 1494, 1, FS, III
144.6, 2640, 3, FS, V
144.7, 361, 0, FS, V
144.7, 376, 0, FS, V
144.7, 724, 0, FS, III
144.7, 1172, 1, IB, V
144.7, 1484, 1, FS, III
144.7, 2064, 2, LTS, IV
144.8, 1168, 1, IB, V
144.8, 1169, 1, IB, V
144.8, 1189, 1, IB, V
144.8, 1907, 2, FS, V
144.9, 715, 0, FS, III
144.9, 1118, 1, FS, V
145, 366, 0, FS, V
145, 1101, 1, RS, V
145, 1121, 1, FS, V
145, 1126, 1, FS, V
145, 1138, 1, FS, V
145, 1174, 1, IB, V
145, 1887, 2, FS, V
145, 2668, 3, FS, V
145.1, 359, 0, FS, V
145.1, 1116, 1, FS, V
145.1, 1131, 1, FS, V
145.1, 1132, 1, FS, V
145.1, 1137, 1, FS, V
145.1, 1140, 1, FS, V
145.1, 1142, 1, FS, V
145.1, 1181, 1, IB, V
145.2, 1058, 1, RS, V
145.2, 1094, 1, RS, V
145.2, 1117, 1, FS, V
145.2, 1119, 1, FS, V
145.2, 1124, 1, FS, V
145.2, 1136, 1, FS, V
145.2, 1141, 1, FS, V
145.2, 1143, 1, FS, V
145.2, 1146, 1, FS, V
145.2, 1898, 2, FS, V
145.3, 535, 0, LTS, IV
145.3, 760, 0, LTS, III
145.3, 1115, 1, FS, V
145.3, 1122, 1, FS, V
145.3, 1128, 1, FS, V
145.3, 1129, 1, FS, V
145.3, 1130, 1, FS, V
145.3, 1133, 1, FS, V
145.3, 1135, 1, FS, V
145.3, 1139, 1, FS, V
145.3, 1144, 1, FS, V
145.3, 1456, 1, RS, III
145.4, 1120, 1, FS, V
145.4, 1123, 1, FS, V
145.4, 1882, 2, FS, V
145.4, 1886, 2, FS, V
145.5, 380, 0, FS, V
145.5, 385, 0, FS, V
145.5, 1125, 1, FS, V
145.5, 1127, 1, FS, V
145.5, 1145, 1, FS, V
145.5, 1881, 2, FS, V
145.5, 1904, 2, FS, V
145.5, 2661, 3, FS, V
145.6, 354, 0, FS, V
145.6, 1134, 1, FS, V
145.7, 360, 0, FS, V
145.7, 757, 0, LTS, III
145.8, 372, 0, FS, V
145.8, 375, 0, FS, V
145.8, 748, 0, LTS, III
145.8, 758, 0, LTS, III
145.8, 1497, 1, FS, III
145.8, 1880, 2, FS, V
145.9, 365, 0, FS, V
145.9, 381, 0, FS, V
145.9, 1044, 1, RS, V
145.9, 1894, 2, FS, V
146.1, 371, 0, FS, V
146.1, 759, 0, LTS, III
146.1, 1280, 1, FS, IV
146.1, 1498, 1, FS, III
146.1, 1520, 1, LTS, III
146.2, 356, 0, FS, V
146.2, 749, 0, LTS, III
146.2, 1879, 2, FS, V
146.3, 800, 1, RS, VI
146.3, 1888, 2, FS, V
146.4, 378, 0, FS, V
146.4, 717, 0, FS, III
146.4, 755, 0, LTS, III
146.4, 1512, 1, LTS, III
146.4, 1903, 2, FS, V
146.5, 1906, 2, FS, V
146.6, 373, 0, FS, V
146.6, 732, 0, FS, III
146.6, 1495, 1, FS, III
146.6, 1501, 1, FS, III
146.6, 1507, 1, LTS, III
146.6, 1878, 2, FS, V
146.6, 1897, 2, FS, V
146.6, 2269, 2, LTS, III
146.8, 1343, 1, RS, III
146.8, 1896, 2, FS, V
146.8, 1901, 2, FS, V
146.8, 1902, 2, FS, V
146.8, 1905, 2, FS, V
146.9, 357, 0, FS, V
146.9, 1883, 2, FS, V
146.9, 1884, 2, FS, V
146.9, 1885, 2, FS, V
146.9, 2281, 2, LTS, III
146.9, 2660, 3, FS, V
147, 355, 0, FS, V
147, 368, 0, FS, V
147, 1892, 2, FS, V
147.1, 363, 0, FS, V
147.1, 374, 0, FS, V
147.2, 1165, 1, IB, V
147.2, 1485, 1, FS, III
147.2, 1877, 2, FS, V
147.2, 1899, 2, FS, V
147.3, 370, 0, FS, V
147.3, 743, 0, LTS, III
147.3, 1516, 1, LTS, III
147.3, 1889, 2, FS, V
147.4, 377, 0, FS, V
147.4, 754, 0, LTS, III
147.5, 1890, 2, FS, V
147.6, 367, 0, FS, V
147.6, 376, 0, FS, V
147.6, 382, 0, FS, V
147.6, 1900, 2, FS, V
147.7, 361, 0, FS, V
147.8, 383, 0, FS, V
147.8, 1118, 1, FS, V
147.9, 1121, 1, FS, V
147.9, 1126, 1, FS, V
147.9, 1138, 1, FS, V
147.9, 2270, 2, LTS, III
147.9, 2658, 3, FS, V
148, 359, 0, FS, V
148, 751, 0, LTS, III
148, 1116, 1, FS, V
148, 1131, 1, FS, V
148, 1132, 1, FS, V
148, 1137, 1, FS, V
148, 1140, 1, FS, V
148, 1142, 1, FS, V
148, 2666, 3, FS, V
148.1, 362, 0, FS, V
148.1, 753, 0, LTS, III
148.1, 1117, 1, FS, V
148.1, 1119, 1, FS, V
148.1, 1124, 1, FS, V
148.1, 1136, 1, FS, V
148.1, 1141, 1, FS, V
148.1, 1143, 1, FS, V
148.1, 1146, 1, FS, V
148.1, 1893, 2, FS, V
148.1, 2237, 2, FS, III
148.2, 384, 0, FS, V
148.2, 756, 0, LTS, III
148.2, 1115, 1, FS, V
148.2, 1128, 1, FS, V
148.2, 1129, 1, FS, V
148.2, 1130, 1, FS, V
148.2, 1133, 1, FS, V
148.2, 1135, 1, FS, V
148.2, 1139, 1, FS, V
148.2, 1144, 1, FS, V
148.3, 1120, 1, FS, V
148.3, 1123, 1, FS, V
148.4, 1125, 1, FS, V
148.4, 1127, 1, FS, V
148.4, 1145, 1, FS, V
148.4, 1881, 2, FS, V
148.4, 1891, 2, FS, V
148.4, 2641, 3, FS, V
148.5, 354, 0, FS, V
148.5, 366, 0, FS, V
148.5, 722, 0, FS, III
148.5, 1134, 1, FS, V
148.5, 2259, 2, FS, III
148.6, 2271, 2, LTS, III
148.7, 380, 0, FS, V
148.8, 364, 0, FS, V
148.8, 381, 0, FS, V
148.9, 385, 0, FS, V
148.9, 2823, 3, LTS, IV
149, 360, 0, FS, V
149, 372, 0, FS, V
149.1, 356, 0, FS, V
149.1, 1880, 2, FS, V
149.1, 1882, 2, FS, V
149.1, 1894, 2, FS, V
149.1, 2650, 3, FS, V
149.2, 2640, 3, FS, V
149.2, 2668, 3, FS, V
149.3, 371, 0, FS, V
149.3, 1903, 2, FS, V
149.4, 1906, 2, FS, V
149.5, 1897, 2, FS, V
149.6, 1122, 1, FS, V
149.6, 1904, 2, FS, V
149.6, 2638, 3, FS, V
149.6, 2656, 3, FS, V
149.7, 379, 0, FS, V
149.8, 1886, 2, FS, V
149.9, 355, 0, FS, V
149.9, 2648, 3, FS, V
150, 358, 0, FS, V
150.1, 2664, 3, FS, V
150.2, 1888, 2, FS, V
150.2, 3031, 3, LTS, III
150.4, 365, 0, FS, V
150.6, 373, 0, FS, V
150.7, 1118, 1, FS, V
150.7, 2652, 3, FS, V
150.8, 367, 0, FS, V
150.8, 1121, 1, FS, V
150.8, 1126, 1, FS, V
150.9, 1116, 1, FS, V
150.9, 1137, 1, FS, V
150.9, 1140, 1, FS, V
151, 1119, 1, FS, V
151, 1141, 1, FS, V
151, 1146, 1, FS, V
151.1, 1128, 1, FS, V
151.1, 1142, 1, FS, V
151.2, 377, 0, FS, V
151.3, 1120, 1, FS, V
151.3, 1138, 1, FS, V
151.3, 1144, 1, FS, V
151.6, 2639, 3, FS, V
151.6, 3017, 3, FS, III
151.8, 374, 0, FS, V
151.9, 357, 0, FS, V
151.9, 1136, 1, FS, V
152.1, 1876, 2, FS, V
152.2, 1133, 1, FS, V
152.2, 1879, 2, FS, V
152.4, 1131, 1, FS, V
152.4, 2647, 3, FS, V
152.4, 3792, 4, LTS, III
152.5, 3314, 4, LTS, VI
152.6, 376, 0, FS, V
152.7, 752, 0, LTS, III
153.2, 369, 0, FS, V
153.2, 2654, 3, FS, V
153.2, 3037, 3, LTS, III
153.7, 2056, 2, LTS, IV
153.7, 2642, 3, FS, V
153.9, 1898, 2, FS, V
153.9, 3028, 3, LTS, III
154.1, 2662, 3, FS, V
154.9, 3038, 3, LTS, III
155.2, 3032, 3, LTS, III
155.4, 2668, 3, FS, V
156.4, 3310, 4, LTS, VI
156.5, 3033, 3, LTS, III
156.8, 2265, 2, LTS, III
156.8, 2660, 3, FS, V
157.1, 3040, 3, LTS, III
161.3, 2062, 2, LTS, IV
168.1, 544, 0, LTS, IV
171.2, 3312, 4, LTS, VI
175.7, 3586, 4, LTS, IV
178.5, 1909, 2, LTS, V
178.6, 2817, 3, LTS, IV
179, 386, 0, LTS, V
179.2, 261, 0, LTS, VI
179.4, 1157, 1, LTS, V
179.6, 399, 0, LTS, V
179.8, 391, 0, LTS, V
179.8, 1917, 2, LTS, V
179.9, 1920, 2, LTS, V
180.1, 396, 0, LTS, V
180.1, 3578, 4, LTS, IV
180.3, 1912, 2, LTS, V
180.3, 1918, 2, LTS, V
180.4, 393, 0, LTS, V
180.6, 390, 0, LTS, V
180.6, 1148, 1, LTS, V
180.8, 395, 0, LTS, V
180.9, 392, 0, LTS, V
181.1, 1922, 2, LTS, V
181.4, 397, 0, LTS, V
181.4, 398, 0, LTS, V
181.4, 1910, 2, LTS, V
181.6, 387, 0, LTS, V
181.6, 1156, 1, LTS, V
181.7, 1160, 1, LTS, V
181.7, 1908, 2, LTS, V
181.9, 388, 0, LTS, V
181.9, 1147, 1, LTS, V
181.9, 1158, 1, LTS, V
181.9, 1161, 1, LTS, V
182, 1154, 1, LTS, V
182.1, 389, 0, LTS, V
182.9, 1159, 1, LTS, V
183.1, 1153, 1, LTS, V
183.1, 1911, 2, LTS, V
183.2, 3308, 4, LTS, VI
183.3, 400, 0, LTS, V
183.3, 1149, 1, LTS, V
183.6, 1151, 1, LTS, V
183.7, 1913, 2, LTS, V
183.9, 1914, 2, LTS, V
184, 1921, 2, LTS, V
184.3, 1155, 1, LTS, V
184.4, 394, 0, LTS, V
184.4, 1152, 1, LTS, V
184.4, 2818, 3, LTS, IV
185, 1919, 2, LTS, V
185.7, 3442, 4, LTS, V
185.8, 2669, 3, LTS, V
186, 1915, 2, LTS, V
186, 2680, 3, LTS, V
186.5, 2678, 3, LTS, V
188.9, 2054, 2, LTS, IV
189, 2063, 2, LTS, IV
189.6, 1150, 1, LTS, V
190.7, 3798, 4, LTS, III
191.2, 2670, 3, LTS, V
191.3, 2057, 2, LTS, IV
191.3, 2679, 3, LTS, V
191.8, 2933, 3, RS, III
193, 2683, 3, LTS, V
193.4, 2673, 3, LTS, V
194.5, 1148, 1, LTS, V
195.6, 1504, 1, LTS, III
195.7, 1519, 1, LTS, III
197.2, 2674, 3, LTS, V
197.4, 2058, 2, LTS, IV
199.9, 3309, 4, LTS, VI
200.7, 1510, 1, LTS, III
206.2, 3648, 4, RS, III
207.7, 1158, 1, LTS, V
208.2, 2275, 2, LTS, III
209, 2707, 3, IB, V
210.2, 1790, 2, LTS, VI
211.9, 2547, 3, LTS, VI
215.4, 3041, 3, LTS, III
216.5, 3613, 4, RS, III
216.9, 2540, 3, LTS, VI
217.2, 2270, 2, LTS, III
217.6, 2277, 2, LTS, III
218.8, 3316, 4, RS, V
219, 2553, 3, LTS, VI
219.2, 268, 0, LTS, VI
219.6, 2549, 3, LTS, VI
220.3, 2690, 3, IB, V
221.5, 540, 0, LTS, IV
221.8, 3802, 4, LTS, III
224.2, 2747, 3, RS, IV
226.9, 3359, 4, RS, V
227.6, 2820, 3, LTS, IV
228.9, 1157, 1, LTS, V
229.4, 257, 0, LTS, VI
232.3, 1161, 1, LTS, V
234.9, 3336, 4, RS, V
238.6, 2065, 2, LTS, IV
239.6, 1022, 1, LTS, VI
240.8, 3630, 4, RS, III
241.3, 3437, 4, LTS, V
241.6, 754, 0, LTS, III
241.6, 755, 0, LTS, III
242.2, 1831, 2, RS, V
244.3, 1864, 2, RS, V
244.7, 3305, 4, LTS, VI
250.2, 1909, 2, LTS, V
250.5, 165, 0, RS, VI
250.8, 3589, 4, LTS, IV
251.4, 3699, 4, RS, III
252.3, 3040, 3, LTS, III
254.6, 1147, 1, LTS, V
255.2, 746, 0, LTS, III
255.9, 387, 0, LTS, V
255.9, 2681, 3, LTS, V
257.7, 1519, 1, LTS, III
258.5, 758, 0, LTS, III
258.5, 1913, 2, LTS, V
259.2, 1917, 2, LTS, V
259.4, 1820, 2, RS, V
260.3, 1792, 2, LTS, VI
263.4, 2840, 3, RS, III
263.8, 395, 0, LTS, V
265, 3801, 4, LTS, III
268.1, 264, 0, LTS, VI
268.2, 542, 0, LTS, IV
269.2, 3431, 4, LTS, V
269.7, 3032, 3, LTS, III
272.2, 3034, 3, LTS, III
272.9, 396, 0, LTS, V
273.4, 2780, 3, RS, IV
274, 3278, 4, RS, VI
274.5, 261, 0, LTS, VI
276.4, 2544, 3, LTS, VI
279.8, 1915, 2, LTS, V
282, 1790, 2, LTS, VI
284.3, 3504, 4, RS, IV
284.6, 2268, 2, LTS, III
285.6, 2825, 3, LTS, IV
286.3, 1148, 1, LTS, V
287.1, 1250, 1, RS, IV
291.5, 2543, 3, LTS, VI
293, 3430, 4, LTS, V
293.7, 1303, 1, LTS, IV
295, 1515, 1, LTS, III
295.4, 1025, 1, LTS, VI
296.2, 2055, 2, LTS, IV
296.5, 3308, 4, LTS, VI
298.4, 270, 0, LTS, VI
298.6, 1786, 2, LTS, VI
299.3, 2817, 3, LTS, IV
299.4, 1298, 1, LTS, IV
300.5, 2555, 3, RS, V
302.8, 1021, 1, LTS, VI
304.3, 1031, 1, LTS, VI
305.8, 3753, 4, RS, III
306.8, 1302, 1, LTS, IV
307.4, 266, 0, LTS, VI
307.4, 2547, 3, LTS, VI
310.1, 2130, 2, RS, III
313.2, 3037, 3, LTS, III
313.9, 2818, 3, LTS, IV
314.1, 1509, 1, LTS, III
315, 397, 0, LTS, V
318.2, 2280, 2, LTS, III
319.5, 2678, 3, LTS, V
320.8, 2279, 2, LTS, III
321.1, 3799, 4, LTS, III
321.8, 1783, 2, LTS, VI
321.9, 2540, 3, LTS, VI
323.5, 400, 0, LTS, V
323.8, 2549, 3, LTS, VI
324.2, 3581, 4, LTS, IV
324.9, 3375, 4, RS, V
326.1, 3314, 4, LTS, VI
327.2, 1920, 2, LTS, V
328.2, 1922, 2, LTS, V
331.4, 3301, 4, LTS, VI
332.9, 3579, 4, LTS, IV
334.2, 953, 1, RS, VI
334.7, 3440, 4, LTS, V
334.9, 2553, 3, LTS, VI
335.4, 1779, 2, LTS, VI
338.9, 1519, 1, LTS, III
338.9, 2545, 3, LTS, VI
339.5, 1788, 2, LTS, VI
341.6, 3673, 4, RS, III
341.9, 3792, 4, LTS, III
344.4, 2824, 3, LTS, IV
345.5, 259, 0, LTS, VI
347.2, 713, 0, RS, III
349.6, 1156, 1, LTS, V
351, 1293, 1, LTS, IV
354.5, 2270, 2, LTS, III
355, 2349, 3, RS, VI
355.1, 3578, 4, LTS, IV
357.7, 2683, 3, LTS, V
361.2, 3228, 4, RS, VI
363.5, 1518, 1, LTS, III
363.7, 268, 0, LTS, VI
365.9, 3586, 4, LTS, IV
366.8, 1018, 1, LTS, VI
368.8, 2271, 2, LTS, III
370.6, 2552, 3, LTS, VI
371.6, 757, 0, LTS, III
371.7, 2681, 3, LTS, V
371.9, 2056, 2, LTS, IV
373.9, 257, 0, LTS, VI
377.7, 2669, 3, LTS, V
378, 1603, 2, RS, VI
379.1, 2064, 2, LTS, IV
380, 2670, 3, LTS, V
381.3, 1792, 2, LTS, VI
382.9, 398, 0, LTS, V
382.9, 3312, 4, LTS, VI
387.6, 2544, 3, LTS, VI
389.3, 264, 0, LTS, VI
389.8, 1554, 2, RS, VI
390.1, 535, 0, LTS, IV
394.4, 270, 0, LTS, VI
394.4, 3441, 4, LTS, V
395.7, 1510, 1, LTS, III
395.7, 3580, 4, LTS, IV
398.8, 2551, 3, LTS, VI
399.7, 2815, 3, LTS, IV
401.3, 2676, 3, LTS, V
402.5, 2674, 3, LTS, V
402.7, 3717, 4, RS, III
404.7, 1855, 2, RS, V
405.1, 2679, 3, LTS, V
405.8, 1161, 1, LTS, V
406.5, 2124, 2, RS, III
406.6, 1025, 1, LTS, VI
409.1, 1148, 1, LTS, V
409.6, 1515, 1, LTS, III
409.6, 1635, 2, RS, VI
412.2, 265, 0, LTS, VI
414.5, 3041, 3, LTS, III
416, 1851, 2, RS, V
419.4, 2280, 2, LTS, III
419.7, 2553, 3, LTS, VI
420.4, 3037, 3, LTS, III
422, 2281, 2, LTS, III
422.4, 1779, 2, LTS, VI
423.1, 754, 0, LTS, III
423.6, 1516, 1, LTS, III
425.8, 750, 0, LTS, III
425.8, 3101, 4, RS, VI
426.4, 1295, 1, LTS, IV
428.4, 1519, 1, LTS, III
429.3, 2079, 2, RS, III
432, 537, 0, LTS, IV
432.9, 3039, 3, LTS, III
433.2, 1780, 2, LTS, VI
439.2, 1938, 2, IB, V
440.3, 2816, 3, LTS, IV
442.2, 1022, 1, LTS, VI
443.6, 3362, 4, RS, V
443.8, 755, 0, LTS, III
444.1, 1031, 1, LTS, VI
444.2, 748, 0, LTS, III
444.6, 258, 0, LTS, VI
447, 3431, 4, LTS, V
452.1, 1920, 2, LTS, V
452.6, 1783, 2, LTS, VI
453.9, 95, 0, RS, VI
455, 1909, 2, LTS, V
455.2, 3314, 4, LTS, VI
456, 3442, 4, LTS, V
456.2, 1786, 2, LTS, VI
457.2, 306, 0, RS, V
457.6, 2823, 3, LTS, IV
458.5, 3301, 4, LTS, VI
458.9, 268, 0, LTS, VI
461, 758, 0, LTS, III
462.5, 1301, 1, LTS, IV
465.1, 3793, 4, LTS, III
466, 2278, 2, LTS, III
467.1, 1018, 1, LTS, VI
467.2, 1023, 1, LTS, VI
467.6, 2880, 3, RS, III
468.4, 1913, 2, LTS, V
469, 3523, 4, RS, IV
469.7, 2276, 2, LTS, III
470.8, 1294, 1, LTS, IV
470.9, 2825, 3, LTS, IV
471.7, 3305, 4, LTS, VI
472, 3308, 4, LTS, VI
472, 3802, 4, LTS, III
475.9, 1019, 1, LTS, VI
476.1, 3578, 4, LTS, IV
477.5, 543, 0, LTS, IV
477.9, 2602, 3, RS, V
478.2, 2389, 3, RS, VI
479.4, 1159, 1, LTS, V
482.4, 3033, 3, LTS, III
483.1, 2547, 3, LTS, VI
484.6, 3579, 4, LTS, IV
484.7, 1915, 2, LTS, V
485.1, 3794, 4, LTS, III
486.4, 3589, 4, LTS, IV
489.7, 2572, 3, RS, V
490.1, 3041, 3, LTS, III
491.1, 2679, 3, LTS, V
493.9, 2819, 3, LTS, IV
494.8, 1086, 1, RS, V
498.1, 1917, 2, LTS, V
503.4, 2670, 3, LTS, V
505.8, 1296, 1, LTS, IV
508.5, 257, 0, LTS, VI
508.6, 1792, 2, LTS, VI
509.4, 393, 0, LTS, V
511.7, 264, 0, LTS, VI
512.3, 2541, 3, LTS, VI
513.6, 2669, 3, LTS, V
515.2, 1779, 2, LTS, VI
515.7, 261, 0, LTS, VI
516.3, 260, 0, LTS, VI
517.4, 387, 0, LTS, V
518.4, 3038, 3, LTS, III
523, 396, 0, LTS, V
524, 1111, 1, RS, V
524.1, 1509, 1, LTS, III
524.4, 1691, 2, RS, VI
524.8, 1518, 1, LTS, III
529.9, 1318, 1, RS, III
534.7, 1027, 1, LTS, VI
535.5, 757, 0, LTS, III
535.9, 1317, 1, RS, III
536.2, 258, 0, LTS, VI
536.4, 1090, 1, RS, V
536.9, 3586, 4, LTS, IV
537.9, 3798, 4, LTS, III
538.1, 1018, 1, LTS, VI
538.6, 3584, 4, LTS, IV
540.6, 270, 0, LTS, VI
544, 1033, 1, RS, V
544.3, 3576, 4, LTS, IV
544.5, 1810, 2, RS, V
544.7, 1303, 1, LTS, IV
548.6, 1191, 1, IB, V
552, 1295, 1, LTS, IV
552.1, 1097, 1, RS, V
552.3, 3441, 4, LTS, V
553.7, 2277, 2, LTS, III
556.4, 1908, 2, LTS, V
556.7, 1786, 2, LTS, VI
556.8, 1780, 2, LTS, VI
557.9, 3799, 4, LTS, III
558, 1022, 1, LTS, VI
558.1, 1405, 1, RS, III
558.8, 1920, 2, LTS, V
560.2, 2054, 2, LTS, IV
561.7, 2056, 2, LTS, IV
562.3, 1031, 1, LTS, VI
564.2, 1909, 2, LTS, V
566.4, 2057, 2, LTS, IV
567.1, 400, 0, LTS, V
567.5, 747, 0, LTS, III
571.4, 1918, 2, LTS, V
574.4, 3309, 4, LTS, VI
575.6, 2064, 2, LTS, IV
575.8, 1085, 1, RS, V
577.9, 1465, 1, RS, III
578.6, 1515, 1, LTS, III
579.3, 1029, 1, LTS, VI
581.9, 2553, 3, LTS, VI
582, 1293, 1, LTS, IV
583.7, 1081, 1, RS, V
585.4, 2820, 3, LTS, IV
586.4, 754, 0, LTS, III
586.4, 2681, 3, LTS, V
589.3, 1092, 1, RS, V
589.6, 1516, 1, LTS, III
597.7, 2679, 3, LTS, V
599.3, 266, 0, LTS, VI
601, 3040, 3, LTS, III
601.2, 2552, 3, LTS, VI
601.8, 104, 0, RS, VI
602.8, 3310, 4, LTS, VI
603.4, 3308, 4, LTS, VI
608, 396, 0, LTS, V
609.8, 3041, 3, LTS, III
615.5, 1792, 2, LTS, VI
619.5, 585, 0, RS, III
619.6, 2549, 3, LTS, VI
620, 748, 0, LTS, III
620.6, 1917, 2, LTS, V
625, 2540, 3, LTS, VI
626.3, 257, 0, LTS, VI
626.9, 1018, 1, LTS, VI
627.2, 3305, 4, LTS, VI
629.6, 3031, 3, LTS, III
630.1, 2280, 2, LTS, III
630.7, 330, 0, RS, V
633.4, 756, 0, LTS, III
634.2, 2276, 2, LTS, III
634.9, 3580, 4, LTS, IV
637.5, 1306, 1, LTS, IV
638.7, 532, 0, LTS, IV
639.4, 265, 0, LTS, VI
639.5, 270, 0, LTS, VI
639.5, 3798, 4, LTS, III
641.6, 809, 1, RS, VI
641.6, 1689, 2, RS, VI
642.8, 2123, 2, RS, III
643.5, 2270, 2, LTS, III
644.5, 3792, 4, LTS, III
646.4, 1519, 1, LTS, III
648.1, 3578, 4, LTS, IV
648.4, 1911, 2, LTS, V
649.1, 1031, 1, LTS, VI
649.3, 1506, 1, LTS, III
650.3, 261, 0, LTS, VI
650.8, 3314, 4, LTS, VI
654.6, 758, 0, LTS, III
655.5, 1863, 2, RS, V
657.1, 2551, 3, LTS, VI
658.6, 3440, 4, LTS, V
658.7, 3028, 3, LTS, III
660.5, 2544, 3, LTS, VI
662.4, 1019, 1, LTS, VI
663.1, 1023, 1, LTS, VI
664.1, 1787, 2, LTS, VI
667.9, 1022, 1, LTS, VI
671.2, 534, 0, LTS, IV
673.5, 1784, 2, LTS, VI
679.3, 3576, 4, LTS, IV
679.8, 3587, 4, LTS, IV
680.2, 2825, 3, LTS, IV
680.9, 1303, 1, LTS, IV
682.7, 1790, 2, LTS, VI
686.6, 1918, 2, LTS, V
689.8, 3301, 4, LTS, VI
691.1, 3037, 3, LTS, III
693, 2673, 3, LTS, V
693.1, 1156, 1, LTS, V
695, 1515, 1, LTS, III
697.6, 2816, 3, LTS, IV
698.7, 533, 0, LTS, IV
700.7, 3302, 4, LTS, VI
702.4, 1520, 1, LTS, III
702.8, 387, 0, LTS, V
705.8, 2004, 2, RS, IV
706.8, 755, 0, LTS, III
707.6, 3437, 4, LTS, V
708.4, 2821, 3, LTS, IV
708.4, 3308, 4, LTS, VI
710.3, 2823, 3, LTS, IV
711, 3802, 4, LTS, III
711.5, 601, 0, RS, III
714.5, 2268, 2, LTS, III
715.4, 1786, 2, LTS, VI
715.4, 1998, 2, RS, IV
716, 3040, 3, LTS, III
716.3, 266, 0, LTS, VI
716.6, 754, 0, LTS, III
717.5, 2548, 3, LTS, VI
718.1, 1509, 1, LTS, III
719.3, 2216, 2, RS, III
720.1, 2269, 2, LTS, III
720.6, 3305, 4, LTS, VI
721.3, 1298, 1, LTS, IV
721.3, 3801, 4, LTS, III
721.6, 1780, 2, LTS, VI
722.2, 264, 0, LTS, VI
724, 2817, 3, LTS, IV
726.8, 1779, 2, LTS, VI
727.1, 2680, 3, LTS, V
728.3, 2062, 2, LTS, IV
729.6, 1783, 2, LTS, VI
731.2, 1302, 1, LTS, IV
731.5, 1161, 1, LTS, V
731.6, 2818, 3, LTS, IV
733.1, 2057, 2, LTS, IV
733.3, 2540, 3, LTS, VI
734.7, 2265, 2, LTS, III
735.1, 2065, 2, LTS, IV
736.2, 441, 0, RS, IV
736.2, 3031, 3, LTS, III
739.6, 542, 0, LTS, IV
739.8, 2676, 3, LTS, V
744.3, 1018, 1, LTS, VI
745.2, 1147, 1, LTS, V
747.1, 3439, 4, LTS, V
747.7, 1301, 1, LTS, IV
748.4, 3038, 3, LTS, III
748.7, 309, 0, RS, V
749.4, 3032, 3, LTS, III
752.6, 1031, 1, LTS, VI
752.6, 1792, 2, LTS, VI
752.9, 2670, 3, LTS, V
754, 966, 1, RS, VI
755.8, 3309, 4, LTS, VI
756.2, 660, 0, RS, III
757.3, 2541, 3, LTS, VI
758, 3619, 4, RS, III
760.6, 1593, 2, RS, VI
763.1, 3578, 4, LTS, IV
767.5, 212, 0, RS, VI
767.9, 2277, 2, LTS, III
769.2, 2683, 3, LTS, V
769.6, 2553, 3, LTS, VI
770.8, 3041, 3, LTS, III
771.1, 1514, 1, LTS, III
772.8, 2056, 2, LTS, IV
776.1, 1228, 1, RS, IV
777.7, 819, 1, RS, VI
779.9, 1515, 1, LTS, III
781.4, 3431, 4, LTS, V
781.8, 2280, 2, LTS, III
782.1, 398, 0, LTS, V
782.7, 3335, 4, RS, V
783.9, 3798, 4, LTS, III
787.8, 2275, 2, LTS, III
788.7, 1155, 1, LTS, V
788.9, 1150, 1, LTS, V
789.2, 257, 0, LTS, VI
792.3, 3301, 4, LTS, VI
792.7, 1296, 1, LTS, IV
795.7, 1909, 2, LTS, V
795.9, 2185, 2, RS, III
800.1, 1385, 1, RS, III
800.3, 1025, 1, LTS, VI
800.4, 757, 0, LTS, III
801, 1158, 1, LTS, V
801.4, 395, 0, LTS, V
801.5, 3586, 4, LTS, IV
801.6, 1023, 1, LTS, VI
804.8, 3314, 4, LTS, VI
805.1, 3305, 4, LTS, VI
806, 1299, 1, LTS, IV
806.3, 387, 0, LTS, V
806.6, 753, 0, LTS, III
808.9, 396, 0, LTS, V
809.7, 1148, 1, LTS, V
811.6, 3063, 4, RS, VI
812.2, 3037, 3, LTS, III
813.7, 1788, 2, LTS, VI
814, 1948, 2, IB, V
818.9, 270, 0, LTS, VI
821, 1786, 2, LTS, VI
822.3, 1918, 2, LTS, V
826, 2175, 2, RS, III
826.1, 2679, 3, LTS, V
826.7, 2054, 2, LTS, IV
829.7, 1157, 1, LTS, V
832.1, 3802, 4, LTS, III
832.6, 2279, 2, LTS, III
832.9, 758, 0, LTS, III
836.1, 747, 0, LTS, III
837, 2540, 3, LTS, VI
837.5, 386, 0, LTS, V
837.9, 1092, 1, RS, V
838, 1513, 1, LTS, III
840.4, 3799, 4, LTS, III
841.5, 2949, 3, RS, III
849.4, 391, 0, LTS, V
849.6, 540, 0, LTS, IV
849.9, 2670, 3, LTS, V
851, 2544, 3, LTS, VI
851.4, 2064, 2, LTS, IV
856.4, 3791, 4, LTS, III
857.6, 2570, 3, RS, V
859.6, 754, 0, LTS, III
862.3, 3312, 4, LTS, VI
864.9, 537, 0, LTS, IV
865.7, 1303, 1, LTS, IV
867.3, 1022, 1, LTS, VI
869.8, 1783, 2, LTS, VI
870.7, 3041, 3, LTS, III
871, 2680, 3, LTS, V
872.3, 3110, 4, RS, VI
873.8, 1832, 2, RS, V
876.9, 1230, 1, RS, IV
879.4, 3440, 4, LTS, V
880.7, 2673, 3, LTS, V
881.4, 261, 0, LTS, VI
885.1, 1779, 2, LTS, VI
885.3, 1332, 1, RS, III
886.6, 1911, 2, LTS, V
887.5, 2551, 3, LTS, VI
889.3, 2276, 2, LTS, III
890.5, 1301, 1, LTS, IV
892.2, 2681, 3, LTS, V
892.9, 3441, 4, LTS, V
895.1, 1791, 2, LTS, VI
896.8, 1018, 1, LTS, VI
897.4, 1408, 1, RS, III
897.8, 1294, 1, LTS, IV
898.7, 1515, 1, LTS, III
899.1, 2678, 3, LTS, V
899.6, 2547, 3, LTS, VI
899.7, 1792, 2, LTS, VI
899.8, 2271, 2, LTS, III
903.9, 2057, 2, LTS, IV
905.1, 257, 0, LTS, VI
908.1, 755, 0, LTS, III
909.1, 3801, 4, LTS, III
909.3, 2058, 2, LTS, IV
910.2, 1516, 1, LTS, III
911.2, 2818, 3, LTS, IV
911.4, 266, 0, LTS, VI
911.9, 1025, 1, LTS, VI
916, 3586, 4, LTS, IV
917.8, 1519, 1, LTS, III
918.1, 397, 0, LTS, V
919.2, 749, 0, LTS, III
919.4, 2067, 2, LTS, IV
921.9, 1784, 2, LTS, VI
923, 3435, 4, LTS, V
923.5, 270, 0, LTS, VI
924.8, 1909, 2, LTS, V
926, 3308, 4, LTS, VI
928.6, 1913, 2, LTS, V
929.3, 535, 0, LTS, IV
929.6, 1724, 2, RS, VI
931.6, 3301, 4, LTS, VI
934.1, 1915, 2, LTS, V
934.6, 396, 0, LTS, V
934.6, 2825, 3, LTS, IV
934.7, 1518, 1, LTS, III
935.6, 3040, 3, LTS, III
935.6, 3314, 4, LTS, VI
937.9, 3439, 4, LTS, V
939.4, 1509, 1, LTS, III
940.6, 1293, 1, LTS, IV
940.6, 1780, 2, LTS, VI
941.2, 2065, 2, LTS, IV
941.4, 237, 0, RS, VI
942.3, 1790, 2, LTS, VI
942.9, 1917, 2, LTS, V
945.1, 1151, 1, LTS, V
946.2, 3309, 4, LTS, VI
947.5, 430, 0, IB, V
948.3, 3787, 4, LTS, III
948.7, 2674, 3, LTS, V
951.3, 203, 0, RS, VI
951.4, 1787, 2, LTS, VI
955.1, 2815, 3, LTS, IV
957.8, 2544, 3, LTS, VI
957.9, 1782, 2, LTS, VI
960.4, 2280, 2, LTS, III
963.4, 534, 0, LTS, IV
964.1, 1516, 1, LTS, III
965.8, 2670, 3, LTS, V
966.9, 3798, 4, LTS, III
967.5, 2276, 2, LTS, III
973.8, 400, 0, LTS, V
975.5, 1779, 2, LTS, VI
977.3, 427, 0, IB, V
981.5, 3302, 4, LTS, VI
985.9, 2676, 3, LTS, V
986.6, 2680, 3, LTS, V
989.3, 748, 0, LTS, III
989.6, 389, 0, LTS, V
995, 1148, 1, LTS, V
995.8, 532, 0, LTS, IV
995.9, 2540, 3, LTS, VI
996.8, 2549, 3, LTS, VI
998.9, 262, 0, LTS, VI
999.6, 1788, 2, LTS, VI
