9.3, 393, 0, LTS, V
14.5, 2673, 3, LTS, V
17.3, 3430, 4, LTS, V
18.7, 1147, 1, LTS, V
19.9, 1916, 2, LTS, V
21.9, 2670, 3, LTS, V
24.7, 1921, 2, LTS, V
27.5, 2678, 3, LTS, V
33.8, 390, 0, LTS, V
34.6, 3434, 4, LTS, V
37.3, 1914, 2, LTS, V
37.8, 1908, 2, LTS, V
42.8, 2682, 3, LTS, V
42.9, 2676, 3, LTS, V
47.4, 1915, 2, LTS, V
49.1, 2669, 3, LTS, V
51, 2681, 3, LTS, V
54.9, 1854, 2, RS, V
58.5, 2570, 3, RS, V
62.8, 1059, 1, RS, V
66.4, 399, 0, LTS, V
67.2, 1062, 1, RS, V
68.8, 1154, 1, LTS, V
69.6, 1176, 1, IB, V
71, 1909, 2, LTS, V
71.6, 2597, 3, RS, V
72.8, 1873, 2, RS, V
73.1, 3435, 4, LTS, V
74, 1153, 1, LTS, V
75.2, 1919, 2, LTS, V
76.4, 1912, 2, LTS, V
78.2, 1148, 1, LTS, V
79, 1101, 1, RS, V
79.3, 2692, 3, IB, V
80.5, 1156, 1, LTS, V
81.1, 1092, 1, RS, V
81.8, 2677, 3, LTS, V
83.3, 2675, 3, LTS, V
83.6, 1806, 2, RS, V
83.8, 1050, 1, RS, V
87.2, 2563, 3, RS, V
88.9, 1929, 2, IB, V
89.5, 2580, 3, RS, V
91.9, 1910, 2, LTS, V
92.5, 404, 0, IB, V
93.2, 1161, 1, IB, V
94.8, 1833, 2, RS, V
95.4, 274, 0, RS, V
96.3, 3445, 4, IB, V
97.1, 420, 0, IB, V
97.9, 3330, 4, RS, V
99.3, 1931, 2, IB, V
99.4, 290, 0, RS, V
100.6, 1178, 1, IB, V
100.8, 405, 0, IB, V
101.9, 394, 0, LTS, V
102.2, 315, 0, RS, V
102.6, 3339, 4, RS, V
103.3, 1147, 1, LTS, V
103.4, 1172, 1, IB, V
104.2, 1183, 1, IB, V
106, 3356, 4, RS, V
106.7, 1928, 2, IB, V
107.2, 3438, 4, LTS, V
108.1, 2619, 3, RS, V
108.3, 3474, 4, IB, V
110, 1039, 1, RS, V
110.1, 2620, 3, RS, V
111, 1926, 2, IB, V
111.3, 3441, 4, LTS, V
111.5, 1160, 1, LTS, V
112.4, 411, 0, IB, V
112.4, 1100, 1, RS, V
113.3, 3386, 4, RS, V
114.3, 1872, 2, RS, V
114.5, 272, 0, RS, V
116.6, 334, 0, RS, V
117, 398, 0, LTS, V
117.1, 1825, 2, RS, V
117.3, 1081, 1, RS, V
117.5, 2673, 3, LTS, V
117.5, 2685, 3, IB, V
118.6, 1168, 1, IB, V
118.7, 2699, 3, IB, V
119.3, 280, 0, RS, V
119.4, 1164, 1, IB, V
119.6, 3450, 4, IB, V
120.6, 1911, 2, LTS, V
120.8, 1126, 1, FS, V
121.3, 1073, 1, RS, V
121.3, 3439, 4, LTS, V
121.5, 304, 0, RS, V
121.5, 2567, 3, RS, V
121.9, 2634, 3, RS, V
122.3, 1074, 1, RS, V
122.7, 1840, 2, RS, V
123.3, 1179, 1, IB, V
123.5, 1077, 1, RS, V
123.5, 1090, 1, RS, V
123.8, 2612, 3, RS, V
124.3, 2632, 3, RS, V
124.4, 2596, 3, RS, V
124.5, 1052, 1, RS, V
124.6, 2573, 3, RS, V
126.3, 1809, 2, RS, V
126.4, 1128, 1, FS, V
126.6, 1084, 1, RS, V
126.9, 1890, 2, FS, V
126.9, 2594, 3, RS, V
127.1, 1170, 1, IB, V
127.2, 1127, 1, FS, V
127.3, 1831, 2, RS, V
127.7, 1165, 1, IB, V
127.9, 2707, 3, IB, V
128.1, 1142, 1, FS, V
128.4, 2710, 3, IB, V
128.6, 1865, 2, RS, V
128.7, 3457, 4, IB, V
128.8, 1185, 1, IB, V
128.8, 1856, 2, RS, V
128.8, 2568, 3, RS, V
128.9, 3453, 4, IB, V
129, 1808, 2, RS, V
129.2, 363, 0, FS, V
129.3, 1803, 2, RS, V
129.5, 1921, 2, LTS, V
129.9, 1118, 1, FS, V
129.9, 1897, 2, FS, V
129.9, 3434, 4, LTS, V
130.2, 1875, 2, RS, V
130.2, 2625, 3, RS, V
130.2, 3443, 4, LTS, V
130.3, 3341, 4, RS, V
130.5, 3436, 4, LTS, V
130.6, 1036, 1, RS, V
130.8, 1080, 1, RS, V
131.2, 291, 0, RS, V
131.8, 2639, 3, FS, V
132, 1068, 1, RS, V
132.1, 3337, 4, RS, V
132.3, 2651, 3, FS, V
132.4, 1848, 2, RS, V
132.7, 1103, 1, RS, V
133, 1901, 2, FS, V
133.1, 2664, 3, FS, V
133.2, 3437, 4, LTS, V
133.3, 2653, 3, FS, V
133.5, 273, 0, RS, V
133.5, 1874, 2, RS, V
133.7, 1886, 2, FS, V
133.8, 2660, 3, FS, V
133.9, 1805, 2, RS, V
133.9, 1837, 2, RS, V
134.1, 2592, 3, RS, V
134.1, 2648, 3, FS, V
134.2, 393, 0, LTS, V
134.2, 1826, 2, RS, V
134.3, 1802, 2, RS, V
134.3, 2616, 3, RS, V
134.7, 1161, 1, IB, V
134.8, 1861, 2, RS, V
134.8, 2558, 3, RS, V
134.8, 2587, 3, RS, V
135, 2591, 3, RS, V
135.1, 1139, 1, FS, V
135.1, 1927, 2, IB, V
135.2, 1797, 2, RS, V
135.2, 2605, 3, RS, V
135.3, 3332, 4, RS, V
135.5, 1144, 1, FS, V
135.5, 1828, 2, RS, V
135.5, 2578, 3, RS, V
135.6, 1893, 2, FS, V
135.8, 1900, 2, FS, V
135.8, 2665, 3, FS, V
135.8, 2714, 3, IB, V
136.1, 3458, 4, IB, V
136.4, 1131, 1, FS, V
136.5, 2666, 3, FS, V
136.6, 1898, 2, FS, V
136.6, 2672, 3, LTS, V
136.8, 324, 0, RS, V
136.8, 1116, 1, FS, V
136.8, 1884, 2, FS, V
137, 1904, 2, FS, V
137.1, 1892, 2, FS, V
137.2, 1894, 2, FS, V
137.5, 345, 0, RS, V
137.5, 1812, 2, RS, V
137.8, 2640, 3, FS, V
137.8, 2712, 3, IB, V
137.9, 1099, 1, RS, V
137.9, 3391, 4, RS, V
138, 1916, 2, LTS, V
138.1, 1941, 2, IB, V
138.1, 3377, 4, RS, V
138.3, 1869, 2, RS, V
138.4, 3360, 4, RS, V
138.6, 2557, 3, RS, V
138.9, 424, 0, IB, V
138.9, 1942, 2, IB, V
139, 1889, 2, FS, V
139, 2645, 3, FS, V
139.2, 1815, 2, RS, V
139.2, 1879, 2, FS, V
139.3, 1887, 2, FS, V
139.4, 1158, 1, LTS, V
139.5, 1108, 1, RS, V
139.8, 2668, 3, FS, V
139.9, 1907, 2, FS, V
139.9, 2647, 3, FS, V
140, 2652, 3, FS, V
140.1, 1906, 2, FS, V
140.4, 1145, 1, FS, V
140.4, 2684, 3, IB, V
140.4, 3431, 4, LTS, V
140.5, 1813, 2, RS, V
140.6, 414, 0, IB, V
140.7, 2696, 3, IB, V
140.7, 3415, 4, FS, V
140.8, 1102, 1, RS, V
141, 1899, 2, FS, V
141, 3358, 4, RS, V
141.3, 1818, 2, RS, V
141.3, 1952, 2, IB, V
141.3, 2618, 3, RS, V
141.3, 2663, 3, FS, V
141.4, 340, 0, RS, V
141.5, 1902, 2, FS, V
141.6, 2601, 3, RS, V
141.7, 2713, 3, IB, V
141.8, 3417, 4, FS, V
142, 1909, 2, LTS, V
142, 2595, 3, RS, V
142, 3461, 4, IB, V
142.1, 1953, 2, IB, V
142.4, 309, 0, RS, V
142.4, 1891, 2, FS, V
142.4, 2641, 3, FS, V
142.6, 1123, 1, FS, V
142.7, 2576, 3, RS, V
142.8, 1163, 1, IB, V
142.8, 1888, 2, FS, V
142.9, 1890, 2, FS, V
142.9, 1892, 2, FS, V
142.9, 1944, 2, IB, V
143.7, 1857, 2, RS, V
143.8, 320, 0, RS, V
143.8, 1852, 2, RS, V
144, 1795, 2, RS, V
144, 2679, 3, LTS, V
144.2, 371, 0, FS, V
144.2, 1187, 1, IB, V
144.2, 1867, 2, RS, V
144.2, 1903, 2, FS, V
144.2, 2705, 3, IB, V
144.3, 283, 0, RS, V
144.3, 1883, 2, FS, V
144.3, 2643, 3, FS, V
144.4, 1064, 1, RS, V
144.4, 1804, 2, RS, V
144.4, 2646, 3, FS, V
144.4, 3387, 4, RS, V
144.5, 3412, 4, FS, V
144.6, 1897, 2, FS, V
144.6, 1937, 2, IB, V
144.6, 2669, 3, LTS, V
144.7, 2662, 3, FS, V
144.8, 1948, 2, IB, V
144.8, 2656, 3, FS, V
144.9, 374, 0, FS, V
144.9, 3367, 4, RS, V
145, 3400, 4, FS, V
145.3, 1146, 1, FS, V
145.3, 1880, 2, FS, V
145.4, 2581, 3, RS, V
145.4, 3414, 4, FS, V
145.6, 1834, 2, RS, V
145.6, 3404, 4, FS, V
145.8, 1878, 2, FS, V
146.1, 1889, 2, FS, V
146.4, 1133, 1, FS, V
146.5, 1135, 1, FS, V
146.5, 2658, 3, FS, V
146.7, 1121, 1, FS, V
146.7, 2638, 3, FS, V
146.8, 2585, 3, RS, V
146.9, 1935, 2, IB, V
147.1, 2598, 3, RS, V
147.1, 2657, 3, FS, V
147.3, 3423, 4, FS, V
147.5, 2706, 3, IB, V
147.6, 1089, 1, RS, V
147.6, 2589, 3, RS, V
147.7, 1924, 2, IB, V
147.9, 2693, 3, IB, V
148, 1124, 1, FS, V
148.1, 3409, 4, FS, V
148.4, 3406, 4, FS, V
148.5, 3375, 4, RS, V
148.6, 1934, 2, IB, V
148.6, 3416, 4, FS, V
148.7, 2559, 3, RS, V
148.7, 2701, 3, IB, V
148.8, 1866, 2, RS, V
148.8, 1886, 2, FS, V
148.8, 2590, 3, RS, V
148.9, 357, 0, FS, V
149.2, 1143, 1, FS, V
149.2, 2610, 3, RS, V
149.2, 3382, 4, RS, V
149.3, 1119, 1, FS, V
149.3, 3449, 4, IB, V
149.4, 1162, 1, IB, V
149.6, 1900, 2, FS, V
149.7, 1936, 2, IB, V
149.8, 1947, 2, IB, V
149.9, 1184, 1, IB, V
149.9, 2642, 3, FS, V
149.9, 3459, 4, IB, V
150, 369, 0, FS, V
150, 1191, 1, IB, V
150, 1858, 2, RS, V
150.1, 1174, 1, IB, V
150.1, 1824, 2, RS, V
150.1, 2690, 3, IB, V
150.2, 1120, 1, FS, V
150.3, 2709, 3, IB, V
150.4, 339, 0, RS, V
150.4, 1896, 2, FS, V
150.4, 2683, 3, IB, V
150.5, 3418, 4, FS, V
150.6, 1932, 2, IB, V
150.7, 3354, 4, RS, V
150.8, 1138, 1, FS, V
150.8, 1871, 2, RS, V
150.8, 1925, 2, IB, V
150.9, 1071, 1, RS, V
151, 1134, 1, FS, V
151.1, 2630, 3, RS, V
151.2, 360, 0, FS, V
151.2, 1056, 1, RS, V
151.2, 1798, 2, RS, V
151.2, 1859, 2, RS, V
151.3, 2555, 3, RS, V
151.4, 1144, 1, FS, V
151.4, 1849, 2, RS, V
151.4, 2609, 3, RS, V
151.4, 2686, 3, IB, V
151.6, 1131, 1, FS, V
151.7, 317, 0, RS, V
151.7, 1076, 1, RS, V
151.7, 2688, 3, IB, V
151.8, 3334, 4, RS, V
151.9, 2636, 3, RS, V
152.1, 2702, 3, IB, V
152.4, 1933, 2, IB, V
152.5, 1924, 2, IB, V
152.5, 2649, 3, FS, V
152.6, 1855, 2, RS, V
152.6, 3419, 4, FS, V
152.7, 3345, 4, RS, V
152.8, 2663, 3, FS, V
152.9, 1190, 1, IB, V
152.9, 1868, 2, RS, V
152.9, 1934, 2, IB, V
153, 1105, 1, RS, V
153, 1839, 2, RS, V
153, 3321, 4, RS, V
153.1, 407, 0, IB, V
153.1, 1832, 2, RS, V
153.1, 2588, 3, RS, V
153.2, 2693, 3, IB, V
153.4, 1819, 2, RS, V
153.5, 3430, 4, LTS, V
153.6, 1938, 2, IB, V
153.6, 1950, 2, IB, V
153.6, 2694, 3, IB, V
153.6, 3359, 4, RS, V
153.8, 1842, 2, RS, V
153.9, 1940, 2, IB, V
153.9, 3420, 4, FS, V
154.1, 1891, 2, FS, V
154.2, 1169, 1, IB, V
154.2, 1881, 2, FS, V
154.2, 1932, 2, IB, V
154.2, 2691, 3, IB, V
154.3, 1796, 2, RS, V
154.3, 1860, 2, RS, V
154.4, 1051, 1, RS, V
154.5, 1885, 2, FS, V
154.6, 3467, 4, IB, V
154.9, 386, 0, LTS, V
154.9, 1035, 1, RS, V
154.9, 1820, 2, RS, V
154.9, 1838, 2, RS, V
155, 2566, 3, RS, V
155, 2627, 3, RS, V
155.2, 2556, 3, RS, V
155.3, 3468, 4, IB, V
155.4, 1898, 2, FS, V
155.4, 1923, 2, IB, V
155.5, 1931, 2, IB, V
155.5, 2683, 3, IB, V
155.6, 1907, 2, FS, V
155.6, 2574, 3, RS, V
155.7, 1882, 2, FS, V
155.7, 2645, 3, FS, V
155.7, 2667, 3, FS, V
155.7, 2700, 3, IB, V
155.8, 1883, 2, FS, V
155.8, 2651, 3, FS, V
155.9, 1042, 1, RS, V
156, 3424, 4, FS, V
156.1, 1835, 2, RS, V
156.1, 1879, 2, FS, V
156.1, 2658, 3, FS, V
156.1, 2702, 3, IB, V
156.2, 1175, 1, IB, V
156.3, 1905, 2, FS, V
156.3, 2662, 3, FS, V
156.5, 2617, 3, RS, V
156.6, 1173, 1, IB, V
156.6, 1844, 2, RS, V
156.6, 1895, 2, FS, V
156.6, 2697, 3, IB, V
156.6, 2708, 3, IB, V
156.6, 3471, 4, IB, V
156.7, 2650, 3, FS, V
156.8, 2639, 3, FS, V
156.8, 2641, 3, FS, V
156.8, 2666, 3, FS, V
156.8, 3349, 4, RS, V
156.8, 3463, 4, IB, V
156.9, 384, 0, FS, V
157, 1167, 1, IB, V
157, 1799, 2, RS, V
157, 1904, 2, FS, V
157, 3413, 4, FS, V
157.1, 2655, 3, FS, V
157.2, 1075, 1, RS, V
157.2, 1872, 2, RS, V
157.2, 2664, 3, FS, V
157.2, 2677, 3, LTS, V
157.3, 1877, 2, FS, V
157.3, 2640, 3, FS, V
157.3, 2643, 3, FS, V
157.3, 3376, 4, RS, V
157.4, 1876, 2, RS, V
157.4, 1940, 2, IB, V
157.4, 2653, 3, FS, V
157.5, 1180, 1, IB, V
157.5, 1814, 2, RS, V
157.5, 2597, 3, RS, V
157.5, 2613, 3, RS, V
157.5, 2689, 3, IB, V
157.6, 1851, 2, RS, V
157.6, 1922, 2, IB, V
157.6, 2580, 3, RS, V
157.6, 2695, 3, IB, V
157.7, 399, 0, LTS, V
157.7, 1893, 2, FS, V
157.7, 1944, 2, IB, V
157.7, 3452, 4, IB, V
157.8, 1892, 2, FS, V
157.9, 1924, 2, IB, V
157.9, 1943, 2, IB, V
157.9, 2569, 3, RS, V
157.9, 2648, 3, FS, V
158, 1066, 1, RS, V
158, 1902, 2, FS, V
158, 1932, 2, IB, V
158, 2687, 3, IB, V
158, 2703, 3, IB, V
158.1, 1083, 1, RS, V
158.1, 2575, 3, RS, V
158.1, 2642, 3, FS, V
158.1, 2652, 3, FS, V
158.1, 3444, 4, IB, V
158.1, 3470, 4, IB, V
158.2, 1889, 2, FS, V
158.2, 1929, 2, IB, V
158.2, 3347, 4, RS, V
158.2, 3464, 4, IB, V
158.3, 1057, 1, RS, V
158.3, 1928, 2, IB, V
158.3, 1949, 2, IB, V
158.3, 2654, 3, FS, V
158.3, 3454, 4, IB, V
158.4, 301, 0, RS, V
158.4, 1891, 2, FS, V
158.4, 1903, 2, FS, V
158.4, 2633, 3, RS, V
158.4, 2644, 3, FS, V
158.5, 394, 0, LTS, V
158.5, 1072, 1, RS, V
158.5, 1897, 2, FS, V
158.5, 2638, 3, FS, V
158.6, 1044, 1, RS, V
158.6, 1817, 2, RS, V
158.6, 1854, 2, RS, V
158.6, 1899, 2, FS, V
158.6, 2570, 3, RS, V
158.6, 2586, 3, RS, V
158.6, 2661, 3, FS, V
158.7, 1171, 1, IB, V
158.7, 2582, 3, RS, V
158.7, 2629, 3, RS, V
158.7, 2635, 3, RS, V
158.8, 1896, 2, FS, V
158.8, 3368, 4, RS, V
158.9, 1070, 1, RS, V
158.9, 1945, 2, IB, V
158.9, 2602, 3, RS, V
158.9, 2714, 3, IB, V
159, 1186, 1, IB, V
159, 1880, 2, FS, V
159, 1930, 2, IB, V
159, 2594, 3, RS, V
159, 2704, 3, IB, V
159, 3343, 4, RS, V
159, 3415, 4, FS, V
159.1, 428, 0, IB, V
159.1, 1827, 2, RS, V
159.1, 1886, 2, FS, V
159.1, 1923, 2, IB, V
159.1, 2668, 3, FS, V
159.2, 1841, 2, RS, V
159.2, 3401, 4, FS, V
159.3, 1906, 2, FS, V
159.4, 1846, 2, RS, V
159.4, 1885, 2, FS, V
159.4, 2628, 3, RS, V
159.4, 2665, 3, FS, V
159.4, 3378, 4, RS, V
159.5, 1082, 1, RS, V
159.5, 2683, 3, IB, V
159.6, 1096, 1, RS, V
159.6, 1123, 1, FS, V
159.6, 1128, 1, FS, V
159.6, 1800, 2, RS, V
159.6, 1890, 2, FS, V
159.6, 2603, 3, RS, V
159.6, 3317, 4, RS, V
159.6, 3421, 4, FS, V
159.7, 285, 0, RS, V
159.7, 1048, 1, RS, V
159.7, 1870, 2, RS, V
159.7, 2615, 3, RS, V
159.7, 2647, 3, FS, V
159.7, 3363, 4, RS, V
159.7, 3380, 4, RS, V
159.8, 1888, 2, FS, V
159.8, 1904, 2, FS, V
159.8, 2697, 3, IB, V
159.9, 1164, 1, IB, V
159.9, 1176, 1, IB, V
159.9, 1887, 2, FS, V
159.9, 1898, 2, FS, V
159.9, 1946, 2, IB, V
159.9, 2599, 3, RS, V
159.9, 2688, 3, IB, V
160, 415, 0, IB, V
160, 1794, 2, RS, V
160, 2663, 3, FS, V
160, 3451, 4, IB, V
160.1, 1060, 1, RS, V
160.1, 1873, 2, RS, V
160.1, 1894, 2, FS, V
160.1, 2656, 3, FS, V
160.1, 3338, 4, RS, V
160.1, 3396, 4, RS, V
160.2, 1111, 1, RS, V
160.2, 1864, 2, RS, V
160.2, 1900, 2, FS, V
160.2, 3383, 4, RS, V
160.3, 1907, 2, FS, V
160.5, 1878, 2, FS, V
160.5, 1882, 2, FS, V
160.5, 2577, 3, RS, V
160.5, 2711, 3, IB, V
160.6, 1049, 1, RS, V
160.6, 1055, 1, RS, V
160.6, 1182, 1, IB, V
160.6, 1939, 2, IB, V
160.7, 297, 0, RS, V
160.7, 2571, 3, RS, V
160.7, 2649, 3, FS, V
160.7, 3326, 4, RS, V
160.8, 1833, 2, RS, V
160.8, 1881, 2, FS, V
160.8, 1895, 2, FS, V
160.8, 2699, 3, IB, V
160.8, 3369, 4, RS, V
160.9, 1175, 1, IB, V
160.9, 2643, 3, FS, V
160.9, 2667, 3, FS, V
161, 408, 0, IB, V
161, 1883, 2, FS, V
161, 1884, 2, FS, V
161, 2579, 3, RS, V
161, 2678, 3, LTS, V
161, 3381, 4, RS, V
161, 3472, 4, IB, V
161.1, 1033, 1, RS, V
161.1, 2687, 3, IB, V
161.2, 1116, 1, FS, V
161.2, 1117, 1, FS, V
161.2, 1142, 1, FS, V
161.2, 1185, 1, IB, V
161.2, 3409, 4, FS, V
161.3, 1944, 2, IB, V
161.3, 2583, 3, RS, V
161.3, 2651, 3, FS, V
161.3, 2653, 3, FS, V
161.3, 2689, 3, IB, V
161.4, 1901, 2, FS, V
161.4, 2657, 3, FS, V
161.4, 2660, 3, FS, V
161.4, 3429, 4, FS, V
161.5, 1905, 2, FS, V
161.5, 1942, 2, IB, V
161.6, 1087, 1, RS, V
161.6, 1892, 2, FS, V
161.6, 3336, 4, RS, V
161.6, 3379, 4, RS, V
161.6, 3414, 4, FS, V
161.6, 3462, 4, IB, V
161.7, 1141, 1, FS, V
161.7, 1845, 2, RS, V
161.7, 1847, 2, RS, V
161.7, 1902, 2, FS, V
161.7, 1950, 2, IB, V
161.7, 1951, 2, IB, V
161.8, 1059, 1, RS, V
161.8, 2646, 3, FS, V
161.8, 3364, 4, RS, V
161.9, 1104, 1, RS, V
161.9, 1134, 1, FS, V
161.9, 1137, 1, FS, V
161.9, 2659, 3, FS, V
161.9, 2692, 3, IB, V
161.9, 3366, 4, RS, V
161.9, 3426, 4, FS, V
162, 382, 0, FS, V
162, 1038, 1, RS, V
162, 1893, 2, FS, V
162, 3471, 4, IB, V
162.1, 1136, 1, FS, V
162.1, 1825, 2, RS, V
162.1, 1831, 2, RS, V
162.1, 1862, 2, RS, V
162.1, 1879, 2, FS, V
162.1, 1943, 2, IB, V
162.1, 1953, 2, IB, V
162.2, 1093, 1, RS, V
162.2, 1098, 1, RS, V
162.2, 1821, 2, RS, V
162.2, 1843, 2, RS, V
162.2, 2638, 3, FS, V
162.2, 2652, 3, FS, V
162.2, 3456, 4, IB, V
162.3, 1124, 1, FS, V
162.3, 1877, 2, FS, V
162.3, 1903, 2, FS, V
162.3, 1952, 2, IB, V
162.3, 2607, 3, RS, V
162.3, 2624, 3, RS, V
162.4, 1045, 1, RS, V
162.4, 2584, 3, RS, V
162.4, 2621, 3, RS, V
162.4, 3325, 4, RS, V
162.5, 1113, 1, RS, V
162.5, 1166, 1, IB, V
162.5, 1885, 2, FS, V
162.5, 1947, 2, IB, V
162.5, 2606, 3, RS, V
162.5, 2644, 3, FS, V
162.5, 2648, 3, FS, V
162.5, 3374, 4, RS, V
162.5, 3448, 4, IB, V
162.5, 3473, 4, IB, V
162.6, 1180, 1, IB, V
162.6, 1863, 2, RS, V
162.6, 2642, 3, FS, V
162.6, 2661, 3, FS, V
162.6, 2714, 3, IB, V
162.6, 3410, 4, FS, V
162.7, 1121, 1, FS, V
162.7, 1809, 2, RS, V
162.7, 1926, 2, IB, V
162.7, 2710, 3, IB, V
162.7, 3411, 4, FS, V
162.7, 3466, 4, IB, V
162.8, 1085, 1, RS, V
162.8, 1110, 1, RS, V
162.8, 1119, 1, FS, V
162.8, 2614, 3, RS, V
162.8, 2641, 3, FS, V
162.9, 1074, 1, RS, V
162.9, 1131, 1, FS, V
162.9, 1132, 1, FS, V
162.9, 1135, 1, FS, V
162.9, 1173, 1, IB, V
162.9, 1823, 2, RS, V
162.9, 1897, 2, FS, V
162.9, 2665, 3, FS, V
162.9, 2712, 3, IB, V
162.9, 3324, 4, RS, V
162.9, 3398, 4, RS, V
162.9, 3402, 4, FS, V
162.9, 3403, 4, FS, V
162.9, 3458, 4, IB, V
163, 1122, 1, FS, V
163, 2647, 3, FS, V
163, 2658, 3, FS, V
163, 2664, 3, FS, V
163, 2698, 3, IB, V
163, 2700, 3, IB, V
163.1, 1138, 1, FS, V
163.1, 1178, 1, IB, V
163.1, 1906, 2, FS, V
163.1, 2593, 3, RS, V
163.1, 2662, 3, FS, V
163.1, 3425, 4, FS, V
163.2, 323, 0, RS, V
163.2, 1114, 1, RS, V
163.2, 1130, 1, FS, V
163.2, 1145, 1, FS, V
163.2, 1179, 1, IB, V
163.2, 1888, 2, FS, V
163.2, 2637, 3, RS, V
163.2, 2650, 3, FS, V
163.2, 3316, 4, RS, V
163.2, 3405, 4, FS, V
163.2, 3412, 4, FS, V
163.3, 406, 0, IB, V
163.3, 1125, 1, FS, V
163.3, 1801, 2, RS, V
163.3, 1810, 2, RS, V
163.3, 1899, 2, FS, V
163.3, 1904, 2, FS, V
163.3, 1946, 2, IB, V
163.3, 2705, 3, IB, V
163.3, 3407, 4, FS, V
163.3, 3423, 4, FS, V
163.3, 3428, 4, FS, V
163.4, 1159, 1, LTS, V
163.4, 1891, 2, FS, V
163.4, 1900, 2, FS, V
163.4, 2568, 3, RS, V
163.4, 3418, 4, FS, V
163.5, 1120, 1, FS, V
163.5, 1126, 1, FS, V
163.5, 1880, 2, FS, V
163.5, 1882, 2, FS, V
163.5, 3427, 4, FS, V
163.6, 1922, 2, IB, V
163.6, 1930, 2, IB, V
163.6, 1937, 2, IB, V
163.6, 2645, 3, FS, V
163.6, 2676, 3, LTS, V
163.6, 3420, 4, FS, V
163.6, 3422, 4, FS, V
163.7, 370, 0, FS, V
163.7, 378, 0, FS, V
163.7, 1133, 1, FS, V
163.7, 1881, 2, FS, V
163.7, 1890, 2, FS, V
163.7, 1898, 2, FS, V
163.7, 1907, 2, FS, V
163.7, 2619, 3, RS, V
163.7, 2639, 3, FS, V
163.7, 2666, 3, FS, V
163.7, 3350, 4, RS, V
163.7, 3421, 4, FS, V
163.7, 3469, 4, IB, V
163.8, 314, 0, RS, V
163.8, 1118, 1, FS, V
163.8, 1829, 2, RS, V
163.8, 1923, 2, IB, V
163.8, 2656, 3, FS, V
163.8, 3388, 4, RS, V
163.8, 3406, 4, FS, V
163.9, 376, 0, FS, V
163.9, 1140, 1, FS, V
163.9, 1142, 1, FS, V
163.9, 1182, 1, IB, V
163.9, 1887, 2, FS, V
163.9, 2592, 3, RS, V
163.9, 2684, 3, IB, V
163.9, 3331, 4, RS, V
163.9, 3446, 4, IB, V
164, 326, 0, RS, V
164, 385, 0, FS, V
164, 1065, 1, RS, V
164, 1069, 1, RS, V
164, 1095, 1, RS, V
164, 1112, 1, RS, V
164, 1127, 1, FS, V
164, 1139, 1, FS, V
164, 1850, 2, RS, V
164, 1865, 2, RS, V
164, 1889, 2, FS, V
164, 1927, 2, IB, V
164, 2655, 3, FS, V
164, 2668, 3, FS, V
164, 3404, 4, FS, V
164, 3416, 4, FS, V
164, 3419, 4, FS, V
164.1, 1812, 2, RS, V
164.1, 1830, 2, RS, V
164.1, 2667, 3, FS, V
164.1, 3394, 4, RS, V
164.1, 3399, 4, FS, V
164.2, 1117, 1, FS, V
164.2, 1836, 2, RS, V
164.2, 1839, 2, RS, V
164.2, 1896, 2, FS, V
164.2, 3408, 4, FS, V
164.2, 3417, 4, FS, V
164.3, 1177, 1, IB, V
164.3, 1895, 2, FS, V
164.3, 2649, 3, FS, V
164.3, 2654, 3, FS, V
164.3, 3475, 4, IB, V
164.4, 2623, 3, RS, V
164.4, 2640, 3, FS, V
164.4, 2653, 3, FS, V
164.4, 2699, 3, IB, V
164.4, 3327, 4, RS, V
164.4, 3328, 4, RS, V
164.4, 3393, 4, RS, V
164.4, 3400, 4, FS, V
164.5, 1041, 1, RS, V
164.5, 1143, 1, FS, V
164.5, 1144, 1, FS, V
164.5, 1878, 2, FS, V
164.5, 2578, 3, RS, V
164.5, 2657, 3, FS, V
164.5, 2696, 3, IB, V
164.5, 3329, 4, RS, V
164.5, 3424, 4, FS, V
164.6, 1062, 1, RS, V
164.6, 1146, 1, FS, V
164.6, 1185, 1, IB, V
164.6, 1806, 2, RS, V
164.6, 1883, 2, FS, V
164.6, 1905, 2, FS, V
164.6, 1936, 2, IB, V
164.6, 1941, 2, IB, V
164.6, 2563, 3, RS, V
164.6, 2620, 3, RS, V
164.6, 3353, 4, RS, V
164.7, 368, 0, FS, V
164.7, 1040, 1, RS, V
164.7, 1092, 1, RS, V
164.7, 1116, 1, FS, V
164.7, 1892, 2, FS, V
164.7, 2561, 3, RS, V
164.7, 2626, 3, RS, V
164.7, 3348, 4, RS, V
164.7, 3395, 4, RS, V
164.8, 1037, 1, RS, V
164.8, 1061, 1, RS, V
164.8, 1942, 2, IB, V
164.8, 2562, 3, RS, V
164.8, 3401, 4, FS, V
164.8, 3415, 4, FS, V
164.8, 3445, 4, IB, V
164.9, 1090, 1, RS, V
164.9, 1141, 1, FS, V
164.9, 1935, 2, IB, V
164.9, 2557, 3, RS, V
164.9, 2694, 3, IB, V
164.9, 3451, 4, IB, V
165, 1124, 1, FS, V
165, 1172, 1, IB, V
165, 1859, 2, RS, V
165, 1901, 2, FS, V
165, 2569, 3, RS, V
165, 2625, 3, RS, V
165, 2663, 3, FS, V
165, 3342, 4, RS, V
165.1, 1091, 1, RS, V
165.1, 1128, 1, FS, V
165.1, 1137, 1, FS, V
165.1, 1877, 2, FS, V
165.1, 2564, 3, RS, V
165.1, 2572, 3, RS, V
165.1, 2622, 3, RS, V
165.1, 2651, 3, FS, V
165.2, 329, 0, RS, V
165.2, 1846, 2, RS, V
165.2, 1879, 2, FS, V
165.2, 1884, 2, FS, V
165.2, 2596, 3, RS, V
165.2, 2634, 3, RS, V
165.2, 2659, 3, FS, V
165.3, 412, 0, IB, V
165.3, 1818, 2, RS, V
165.3, 1856, 2, RS, V
165.3, 1931, 2, IB, V
165.3, 1951, 2, IB, V
165.3, 2617, 3, RS, V
165.3, 3370, 4, RS, V
165.4, 1097, 1, RS, V
165.4, 1798, 2, RS, V
165.4, 1822, 2, RS, V
165.4, 2646, 3, FS, V
165.4, 2652, 3, FS, V
165.4, 3318, 4, RS, V
165.4, 3414, 4, FS, V
165.4, 3426, 4, FS, V
165.5, 2642, 3, FS, V
165.5, 2690, 3, IB, V
165.5, 3362, 4, RS, V
165.5, 3365, 4, RS, V
165.5, 3390, 4, RS, V
165.6, 1034, 1, RS, V
165.6, 1123, 1, FS, V
165.6, 1134, 1, FS, V
165.6, 1826, 2, RS, V
165.6, 1867, 2, RS, V
165.6, 1902, 2, FS, V
165.6, 1953, 2, IB, V
165.6, 2605, 3, RS, V
165.6, 2702, 3, IB, V
165.6, 3320, 4, RS, V
165.6, 3429, 4, FS, V
165.6, 3456, 4, IB, V
165.6, 3461, 4, IB, V
165.6, 3462, 4, IB, V
165.7, 357, 0, FS, V
165.7, 1165, 1, IB, V
165.7, 1166, 1, IB, V
165.7, 1925, 2, IB, V
165.7, 2567, 3, RS, V
165.7, 2660, 3, FS, V
165.7, 2665, 3, FS, V
165.7, 3448, 4, IB, V
165.7, 3472, 4, IB, V
165.8, 408, 0, IB, V
165.8, 1191, 1, IB, V
165.8, 1894, 2, FS, V
165.8, 2661, 3, FS, V
165.8, 2682, 3, LTS, V
165.8, 2708, 3, IB, V
165.9, 1079, 1, RS, V
165.9, 1131, 1, FS, V
165.9, 1135, 1, FS, V
165.9, 1180, 1, IB, V
165.9, 1885, 2, FS, V
165.9, 1897, 2, FS, V
165.9, 1928, 2, IB, V
165.9, 2558, 3, RS, V
165.9, 2590, 3, RS, V
165.9, 2658, 3, FS, V
166, 422, 0, IB, V
166, 431, 0, IB, V
166, 1170, 1, IB, V
166, 1888, 2, FS, V
166, 1904, 2, FS, V
166, 1906, 2, FS, V
166, 1950, 2, IB, V
166, 2600, 3, RS, V
166.1, 305, 0, RS, V
166.1, 1106, 1, RS, V
166.1, 1132, 1, FS, V
166.1, 1153, 1, LTS, V
166.1, 1858, 2, RS, V
166.1, 1886, 2, FS, V
166.1, 1899, 2, FS, V
166.1, 1947, 2, IB, V
166.1, 2638, 3, FS, V
166.1, 2644, 3, FS, V
166.1, 2686, 3, IB, V
166.1, 2710, 3, IB, V
166.2, 322, 0, RS, V
166.2, 1094, 1, RS, V
166.2, 1162, 1, IB, V
166.2, 1192, 1, IB, V
166.2, 1893, 2, FS, V
166.2, 2647, 3, FS, V
166.2, 3465, 4, IB, V
166.3, 366, 0, FS, V
166.3, 379, 0, FS, V
166.3, 403, 0, IB, V
166.3, 1115, 1, RS, V
166.3, 1121, 1, FS, V
166.3, 1122, 1, FS, V
166.3, 1130, 1, FS, V
166.3, 1136, 1, FS, V
166.3, 1827, 2, RS, V
166.3, 1890, 2, FS, V
166.3, 2576, 3, RS, V
166.3, 3421, 4, FS, V
166.3, 3425, 4, FS, V
166.4, 1058, 1, RS, V
166.4, 1067, 1, RS, V
166.4, 1081, 1, RS, V
166.4, 1900, 2, FS, V
166.4, 1903, 2, FS, V
166.4, 2643, 3, FS, V
166.4, 2692, 3, IB, V
166.4, 3412, 4, FS, V
166.5, 1120, 1, FS, V
166.5, 1147, 1, LTS, V
166.5, 2599, 3, RS, V
166.5, 2650, 3, FS, V
166.5, 2664, 3, FS, V
166.5, 2691, 3, IB, V
166.5, 3387, 4, RS, V
166.5, 3392, 4, RS, V
166.5, 3453, 4, IB, V
166.6, 1046, 1, RS, V
166.6, 1145, 1, FS, V
166.6, 1175, 1, IB, V
166.6, 1881, 2, FS, V
166.6, 3346, 4, RS, V
166.6, 3389, 4, RS, V
166.6, 3405, 4, FS, V
166.6, 3428, 4, FS, V
166.7, 343, 0, RS, V
166.7, 416, 0, IB, V
166.7, 1088, 1, RS, V
166.7, 1803, 2, RS, V
166.7, 1907, 2, FS, V
166.7, 3419, 4, FS, V
166.8, 1126, 1, FS, V
166.8, 1816, 2, RS, V
166.8, 1891, 2, FS, V
166.8, 1914, 2, LTS, V
166.8, 1948, 2, IB, V
166.8, 2565, 3, RS, V
166.8, 2641, 3, FS, V
166.8, 2645, 3, FS, V
166.8, 2656, 3, FS, V
166.8, 2714, 3, IB, V
166.9, 296, 0, RS, V
166.9, 381, 0, FS, V
166.9, 1083, 1, RS, V
166.9, 1119, 1, FS, V
166.9, 1138, 1, FS, V
166.9, 1882, 2, FS, V
166.9, 1898, 2, FS, V
166.9, 2705, 3, IB, V
166.9, 2712, 3, IB, V
166.9, 3420, 4, FS, V
166.9, 3422, 4, FS, V
167, 1139, 1, FS, V
167, 1804, 2, RS, V
167, 1887, 2, FS, V
167, 2579, 3, RS, V
167, 2655, 3, FS, V
167, 2667, 3, FS, V
167, 2668, 3, FS, V
167, 3399, 4, FS, V
167, 3409, 4, FS, V
167, 3447, 4, IB, V
167.1, 383, 0, FS, V
167.1, 1118, 1, FS, V
167.1, 1813, 2, RS, V
167.1, 1889, 2, FS, V
167.1, 2649, 3, FS, V
167.1, 2688, 3, IB, V
167.1, 3411, 4, FS, V
167.2, 365, 0, FS, V
167.2, 371, 0, FS, V
167.2, 1117, 1, FS, V
167.2, 1188, 1, IB, V
167.2, 1927, 2, IB, V
167.2, 2608, 3, RS, V
167.2, 2640, 3, FS, V
167.2, 2648, 3, FS, V
167.2, 3357, 4, RS, V
167.2, 3450, 4, IB, V
167.3, 287, 0, RS, V
167.3, 306, 0, RS, V
167.3, 330, 0, RS, V
167.3, 341, 0, RS, V
167.3, 395, 0, LTS, V
167.3, 1086, 1, RS, V
167.3, 1129, 1, FS, V
167.3, 1895, 2, FS, V
167.3, 1896, 2, FS, V
167.3, 1922, 2, IB, V
167.3, 2560, 3, RS, V
167.3, 2662, 3, FS, V
167.3, 2666, 3, FS, V
167.3, 2685, 3, IB, V
167.3, 3319, 4, RS, V
167.3, 3404, 4, FS, V
167.3, 3410, 4, FS, V
167.3, 3423, 4, FS, V
167.3, 3474, 4, IB, V
167.4, 1140, 1, FS, V
167.4, 1142, 1, FS, V
167.4, 2577, 3, RS, V
167.4, 2653, 3, FS, V
167.4, 3400, 4, FS, V
167.4, 3413, 4, FS, V
167.4, 3418, 4, FS, V
167.5, 372, 0, FS, V
167.5, 1050, 1, RS, V
167.5, 1056, 1, RS, V
167.5, 1100, 1, RS, V
167.5, 1107, 1, RS, V
167.5, 1133, 1, FS, V
167.5, 1873, 2, RS, V
167.5, 1878, 2, FS, V
167.5, 2654, 3, FS, V
167.5, 3446, 4, IB, V
167.6, 413, 0, IB, V
167.6, 1883, 2, FS, V
167.6, 1905, 2, FS, V
167.6, 1944, 2, IB, V
167.6, 2684, 3, IB, V
167.6, 2698, 3, IB, V
167.6, 3356, 4, RS, V
167.6, 3402, 4, FS, V
167.7, 1036, 1, RS, V
167.7, 1063, 1, RS, V
167.7, 1125, 1, FS, V
167.7, 1892, 2, FS, V
167.7, 2657, 3, FS, V
167.7, 2663, 3, FS, V
167.7, 3416, 4, FS, V
167.8, 278, 0, RS, V
167.8, 349, 0, RS, V
167.8, 427, 0, IB, V
167.8, 1143, 1, FS, V
167.8, 1146, 1, FS, V
167.8, 1795, 2, RS, V
167.8, 1926, 2, IB, V
167.8, 1936, 2, IB, V
167.8, 2651, 3, FS, V
167.8, 3407, 4, FS, V
167.8, 3408, 4, FS, V
167.8, 3427, 4, FS, V
167.8, 3459, 4, IB, V
167.9, 356, 0, FS, V
167.9, 1080, 1, RS, V
167.9, 1124, 1, FS, V
167.9, 1177, 1, IB, V
167.9, 1187, 1, IB, V
167.9, 1941, 2, IB, V
167.9, 3332, 4, RS, V
167.9, 3403, 4, FS, V
167.9, 3442, 4, LTS, V
168, 1077, 1, RS, V
168, 1116, 1, FS, V
168, 1144, 1, FS, V
168, 1879, 2, FS, V
168, 1880, 2, FS, V
168, 1901, 2, FS, V
168, 2699, 3, IB, V
168, 3406, 4, FS, V
168, 3437, 4, LTS, V
168, 3460, 4, IB, V
168.1, 313, 0, RS, V
168.1, 336, 0, RS, V
168.1, 401, 0, IB, V
168.1, 1102, 1, RS, V
168.1, 1141, 1, FS, V
168.1, 1853, 2, RS, V
168.1, 1871, 2, RS, V
168.1, 2646, 3, FS, V
168.1, 3417, 4, FS, V
168.1, 3424, 4, FS, V
168.1, 3438, 4, LTS, V
168.2, 375, 0, FS, V
168.2, 1127, 1, FS, V
168.2, 1128, 1, FS, V
168.2, 1148, 1, LTS, V
168.2, 1189, 1, IB, V
168.2, 2639, 3, FS, V
168.2, 3352, 4, RS, V
168.2, 3386, 4, RS, V
168.3, 1054, 1, RS, V
168.3, 1902, 2, FS, V
168.3, 2660, 3, FS, V
168.3, 2697, 3, IB, V
168.3, 2700, 3, IB, V
168.3, 3335, 4, RS, V
168.4, 1833, 2, RS, V
168.4, 1877, 2, FS, V
168.4, 1884, 2, FS, V
168.4, 2595, 3, RS, V
168.4, 2618, 3, RS, V
168.4, 2631, 3, RS, V
168.4, 2642, 3, FS, V
168.4, 2652, 3, FS, V
168.4, 2659, 3, FS, V
168.4, 2665, 3, FS, V
168.4, 2696, 3, IB, V
168.4, 3401, 4, FS, V
168.4, 3414, 4, FS, V
168.4, 3415, 4, FS, V
168.5, 298, 0, RS, V
168.5, 430, 0, IB, V
168.5, 1137, 1, FS, V
168.5, 1949, 2, IB, V
168.5, 2624, 3, RS, V
168.5, 2632, 3, RS, V
168.5, 3445, 4, IB, V
168.6, 1068, 1, RS, V
168.6, 1885, 2, FS, V
168.6, 1897, 2, FS, V
168.6, 2636, 3, RS, V
168.6, 3371, 4, RS, V
168.6, 3455, 4, IB, V
168.7, 1073, 1, RS, V
168.7, 1183, 1, IB, V
168.7, 1815, 2, RS, V
168.7, 1869, 2, RS, V
168.7, 1899, 2, FS, V
168.7, 1904, 2, FS, V
168.7, 2658, 3, FS, V
168.8, 1123, 1, FS, V
168.8, 1888, 2, FS, V
168.8, 1894, 2, FS, V
168.8, 2644, 3, FS, V
168.8, 2661, 3, FS, V
168.8, 2702, 3, IB, V
168.8, 2703, 3, IB, V
168.9, 1072, 1, RS, V
168.9, 1131, 1, FS, V
168.9, 1151, 1, LTS, V
168.9, 1799, 2, RS, V
168.9, 1805, 2, RS, V
168.9, 1862, 2, RS, V
168.9, 1890, 2, FS, V
168.9, 1906, 2, FS, V
168.9, 1951, 2, IB, V
168.9, 2556, 3, RS, V
168.9, 2633, 3, RS, V
168.9, 2638, 3, FS, V
168.9, 2690, 3, IB, V
168.9, 3433, 4, LTS, V
169, 1122, 1, FS, V
169, 1136, 1, FS, V
169, 1150, 1, LTS, V
169, 2591, 3, RS, V
169, 2616, 3, RS, V
169, 2707, 3, IB, V
169, 3425, 4, FS, V
169.1, 302, 0, RS, V
169.1, 429, 0, IB, V
169.1, 1135, 1, FS, V
169.1, 1157, 1, LTS, V
169.1, 1180, 1, IB, V
169.1, 1186, 1, IB, V
169.1, 1819, 2, RS, V
169.1, 1823, 2, RS, V
169.1, 1840, 2, RS, V
169.1, 1903, 2, FS, V
169.1, 1915, 2, LTS, V
169.1, 1953, 2, IB, V
169.1, 3333, 4, RS, V
169.1, 3351, 4, RS, V
169.1, 3372, 4, RS, V
169.1, 3449, 4, IB, V
169.2, 295, 0, RS, V
169.2, 374, 0, FS, V
169.2, 376, 0, FS, V
169.2, 382, 0, FS, V
169.2, 405, 0, IB, V
169.2, 1168, 1, IB, V
169.2, 1886, 2, FS, V
169.2, 2664, 3, FS, V
169.2, 2706, 3, IB, V
169.2, 3412, 4, FS, V
169.2, 3461, 4, IB, V
169.3, 1121, 1, FS, V
169.3, 1181, 1, IB, V
169.3, 1942, 2, IB, V
169.3, 2555, 3, RS, V
169.3, 2647, 3, FS, V
169.3, 3323, 4, RS, V
169.4, 281, 0, RS, V
169.4, 362, 0, FS, V
169.4, 417, 0, IB, V
169.4, 1120, 1, FS, V
169.4, 1130, 1, FS, V
169.4, 1893, 2, FS, V
169.4, 1900, 2, FS, V
169.4, 2643, 3, FS, V
169.4, 3384, 4, RS, V
169.4, 3421, 4, FS, V
169.4, 3426, 4, FS, V
169.4, 3458, 4, IB, V
169.5, 276, 0, RS, V
169.5, 332, 0, RS, V
169.5, 359, 0, FS, V
169.5, 360, 0, FS, V
169.5, 1166, 1, IB, V
169.5, 1169, 1, IB, V
169.5, 1881, 2, FS, V
169.5, 2710, 3, IB, V
169.5, 3405, 4, FS, V
169.5, 3429, 4, FS, V
169.5, 3470, 4, IB, V
169.6, 410, 0, IB, V
169.6, 1132, 1, FS, V
169.6, 1934, 2, IB, V
169.6, 2650, 3, FS, V
169.6, 2694, 3, IB, V
169.6, 3341, 4, RS, V
169.6, 3428, 4, FS, V
169.7, 367, 0, FS, V
169.7, 369, 0, FS, V
169.7, 1192, 1, IB, V
169.7, 1849, 2, RS, V
169.7, 1907, 2, FS, V
169.7, 1925, 2, IB, V
169.7, 1930, 2, IB, V
169.7, 2609, 3, RS, V
169.7, 2686, 3, IB, V
169.7, 2692, 3, IB, V
169.8, 361, 0, FS, V
169.8, 363, 0, FS, V
169.8, 414, 0, IB, V
169.8, 1835, 2, RS, V
169.8, 1891, 2, FS, V
169.8, 2656, 3, FS, V
169.8, 3399, 4, FS, V
169.8, 3453, 4, IB, V
169.9, 1118, 1, FS, V
169.9, 1145, 1, FS, V
169.9, 1882, 2, FS, V
169.9, 1937, 2, IB, V
169.9, 2641, 3, FS, V
169.9, 2649, 3, FS, V
169.9, 2667, 3, FS, V
169.9, 2704, 3, IB, V
169.9, 3422, 4, FS, V
170, 364, 0, FS, V
170, 380, 0, FS, V
170, 1119, 1, FS, V
170, 1172, 1, IB, V
170, 1825, 2, RS, V
170, 1865, 2, RS, V
170, 2640, 3, FS, V
170, 2645, 3, FS, V
170, 2655, 3, FS, V
170, 2668, 3, FS, V
170, 2691, 3, IB, V
170, 3322, 4, RS, V
170, 3419, 4, FS, V
170, 3463, 4, IB, V
170.1, 358, 0, FS, V
170.1, 422, 0, IB, V
170.1, 1134, 1, FS, V
170.1, 1138, 1, FS, V
170.1, 1142, 1, FS, V
170.1, 1802, 2, RS, V
170.1, 1836, 2, RS, V
170.1, 1887, 2, FS, V
170.1, 1898, 2, FS, V
170.1, 1923, 2, IB, V
170.1, 2559, 3, RS, V
170.1, 2601, 3, RS, V
170.1, 2612, 3, RS, V
170.1, 3344, 4, RS, V
170.1, 3397, 4, RS, V
170.1, 3410, 4, FS, V
170.1, 3420, 4, FS, V
170.1, 3469, 4, IB, V
170.2, 288, 0, RS, V
170.2, 385, 0, FS, V
170.2, 1043, 1, RS, V
170.2, 1078, 1, RS, V
170.2, 1117, 1, FS, V
170.2, 1889, 2, FS, V
170.2, 1911, 2, LTS, V
170.2, 3355, 4, RS, V
170.2, 3411, 4, FS, V
170.2, 3452, 4, IB, V
170.3, 377, 0, FS, V
170.3, 402, 0, IB, V
170.3, 1126, 1, FS, V
170.3, 1190, 1, IB, V
170.3, 1883, 2, FS, V
170.3, 1895, 2, FS, V
170.3, 1896, 2, FS, V
170.3, 1935, 2, IB, V
170.3, 1946, 2, IB, V
170.3, 1948, 2, IB, V
170.3, 2648, 3, FS, V
170.3, 2662, 3, FS, V
170.3, 2666, 3, FS, V
170.3, 2713, 3, IB, V
170.3, 3383, 4, RS, V
170.3, 3404, 4, FS, V
170.3, 3447, 4, IB, V
170.4, 277, 0, RS, V
170.4, 318, 0, RS, V
170.4, 1101, 1, RS, V
170.4, 1140, 1, FS, V
170.4, 1801, 2, RS, V
170.4, 1808, 2, RS, V
170.4, 2651, 3, FS, V
170.4, 2653, 3, FS, V
170.4, 2663, 3, FS, V
170.4, 3418, 4, FS, V
170.4, 3441, 4, LTS, V
170.5, 378, 0, FS, V
170.5, 418, 0, IB, V
170.5, 1084, 1, RS, V
170.5, 1133, 1, FS, V
170.5, 1797, 2, RS, V
170.5, 1878, 2, FS, V
170.5, 1947, 2, IB, V
170.5, 3331, 4, RS, V
170.5, 3407, 4, FS, V
170.5, 3457, 4, IB, V
170.6, 1124, 1, FS, V
170.6, 1143, 1, FS, V
170.6, 1188, 1, IB, V
170.6, 1844, 2, RS, V
170.6, 1905, 2, FS, V
170.6, 3473, 4, IB, V
170.7, 357, 0, FS, V
170.7, 419, 0, IB, V
170.7, 420, 0, IB, V
170.7, 1167, 1, IB, V
170.7, 1828, 2, RS, V
170.7, 1851, 2, RS, V
170.7, 1892, 2, FS, V
170.7, 2654, 3, FS, V
170.7, 2657, 3, FS, V
170.7, 2705, 3, IB, V
170.7, 3402, 4, FS, V
170.7, 3448, 4, IB, V
170.8, 384, 0, FS, V
170.8, 1103, 1, RS, V
170.8, 1116, 1, FS, V
170.8, 1125, 1, FS, V
170.8, 1811, 2, RS, V
170.8, 1879, 2, FS, V
170.8, 1928, 2, IB, V
170.8, 2646, 3, FS, V
170.8, 3424, 4, FS, V
170.8, 3427, 4, FS, V
170.9, 1139, 1, FS, V
170.9, 1141, 1, FS, V
170.9, 1820, 2, RS, V
170.9, 2660, 3, FS, V
170.9, 2685, 3, IB, V
170.9, 2687, 3, IB, V
170.9, 2693, 3, IB, V
170.9, 3403, 4, FS, V
170.9, 3408, 4, FS, V
170.9, 3465, 4, IB, V
171, 355, 0, FS, V
171, 1127, 1, FS, V
171, 1144, 1, FS, V
171, 1146, 1, FS, V
171, 1901, 2, FS, V
171, 1902, 2, FS, V
171, 1936, 2, IB, V
171, 2561, 3, RS, V
171, 2603, 3, RS, V
171, 2629, 3, RS, V
171, 2637, 3, RS, V
171.1, 368, 0, FS, V
171.1, 373, 0, FS, V
171.1, 1171, 1, IB, V
171.1, 1839, 2, RS, V
171.1, 1880, 2, FS, V
171.1, 2665, 3, FS, V
171.1, 2714, 3, IB, V
171.1, 3367, 4, RS, V
171.1, 3400, 4, FS, V
171.1, 3409, 4, FS, V
171.1, 3417, 4, FS, V
171.2, 375, 0, FS, V
171.2, 1129, 1, FS, V
171.2, 1163, 1, IB, V
171.2, 1834, 2, RS, V
171.2, 1877, 2, FS, V
171.2, 1922, 2, IB, V
171.2, 2639, 3, FS, V
171.2, 2709, 3, IB, V
171.2, 3401, 4, FS, V
171.2, 3406, 4, FS, V
171.2, 3416, 4, FS, V
171.2, 3446, 4, IB, V
171.3, 370, 0, FS, V
171.3, 383, 0, FS, V
171.3, 427, 0, IB, V
171.3, 1128, 1, FS, V
171.3, 1178, 1, IB, V
171.3, 1831, 2, RS, V
171.3, 1885, 2, FS, V
171.3, 1897, 2, FS, V
171.3, 1899, 2, FS, V
171.3, 2642, 3, FS, V
171.3, 2684, 3, IB, V
171.3, 3413, 4, FS, V
171.4, 1904, 2, FS, V
171.4, 1933, 2, IB, V
171.4, 2652, 3, FS, V
171.4, 2658, 3, FS, V
171.4, 3414, 4, FS, V
171.4, 3423, 4, FS, V
171.4, 3466, 4, IB, V
171.5, 1177, 1, IB, V
171.5, 1890, 2, FS, V
171.5, 1929, 2, IB, V
171.5, 2597, 3, RS, V
171.5, 2644, 3, FS, V
171.5, 2697, 3, IB, V
171.6, 1175, 1, IB, V
171.6, 1855, 2, RS, V
171.6, 1884, 2, FS, V
171.6, 1888, 2, FS, V
171.6, 1909, 2, LTS, V
171.6, 2568, 3, RS, V
171.6, 2659, 3, FS, V
171.6, 2699, 3, IB, V
171.6, 3415, 4, FS, V
171.6, 3460, 4, IB, V
171.7, 381, 0, FS, V
171.7, 1070, 1, RS, V
171.7, 1122, 1, FS, V
171.7, 1137, 1, FS, V
171.7, 1866, 2, RS, V
171.7, 2638, 3, FS, V
171.7, 2695, 3, IB, V
171.7, 3425, 4, FS, V
171.8, 282, 0, RS, V
171.8, 379, 0, FS, V
171.8, 401, 0, IB, V
171.8, 1894, 2, FS, V
171.8, 1903, 2, FS, V
171.8, 1906, 2, FS, V
171.8, 1931, 2, IB, V
171.8, 2604, 3, RS, V
171.8, 2661, 3, FS, V
171.8, 3436, 4, LTS, V
171.9, 1131, 1, FS, V
171.9, 1136, 1, FS, V
171.9, 1165, 1, IB, V
171.9, 1924, 2, IB, V
171.9, 1944, 2, IB, V
171.9, 1949, 2, IB, V
171.9, 2627, 3, RS, V
171.9, 2664, 3, FS, V
171.9, 3444, 4, IB, V
172, 426, 0, IB, V
172, 1074, 1, RS, V
172, 1123, 1, FS, V
172, 1932, 2, IB, V
172, 2573, 3, RS, V
172, 3412, 4, FS, V
172.1, 371, 0, FS, V
172.1, 400, 0, IB, V
172.1, 1135, 1, FS, V
172.1, 1174, 1, IB, V
172.1, 2703, 3, IB, V
172.1, 3340, 4, RS, V
172.2, 1939, 2, IB, V
172.2, 2575, 3, RS, V
172.2, 2623, 3, RS, V
172.2, 2635, 3, RS, V
172.2, 3426, 4, FS, V
172.2, 3445, 4, IB, V
172.2, 3455, 4, IB, V
172.3, 1120, 1, FS, V
172.3, 1121, 1, FS, V
172.3, 1183, 1, IB, V
172.3, 1886, 2, FS, V
172.3, 1927, 2, IB, V
172.3, 2711, 3, IB, V
172.3, 3326, 4, RS, V
172.3, 3421, 4, FS, V
172.3, 3456, 4, IB, V
172.4, 293, 0, RS, V
172.4, 354, 0, RS, V
172.4, 376, 0, FS, V
172.4, 405, 0, IB, V
172.4, 1130, 1, FS, V
172.4, 1161, 1, IB, V
172.4, 1164, 1, IB, V
172.4, 1191, 1, IB, V
172.4, 1881, 2, FS, V
172.4, 1900, 2, FS, V
172.4, 1945, 2, IB, V
172.4, 2643, 3, FS, V
172.4, 2647, 3, FS, V
172.4, 2707, 3, IB, V
172.4, 3358, 4, RS, V
172.4, 3381, 4, RS, V
172.4, 3396, 4, RS, V
172.5, 360, 0, FS, V
172.5, 425, 0, IB, V
172.5, 1094, 1, RS, V
172.5, 1868, 2, RS, V
172.5, 2582, 3, RS, V
172.5, 2706, 3, IB, V
172.5, 3405, 4, FS, V
172.6, 344, 0, RS, V
172.6, 374, 0, FS, V
172.6, 1893, 2, FS, V
172.6, 1953, 2, IB, V
172.6, 2589, 3, RS, V
172.6, 3399, 4, FS, V
172.6, 3449, 4, IB, V
172.7, 319, 0, RS, V
172.7, 369, 0, FS, V
172.7, 1035, 1, RS, V
172.7, 1071, 1, RS, V
172.7, 1083, 1, RS, V
172.7, 1118, 1, FS, V
172.7, 1138, 1, FS, V
172.7, 1168, 1, IB, V
172.7, 1180, 1, IB, V
172.7, 1842, 2, RS, V
172.7, 1907, 2, FS, V
172.7, 2649, 3, FS, V
172.7, 2650, 3, FS, V
172.7, 3377, 4, RS, V
172.7, 3458, 4, IB, V
172.8, 411, 0, IB, V
172.8, 1132, 1, FS, V
172.8, 1142, 1, FS, V
172.8, 1145, 1, FS, V
172.8, 1876, 2, RS, V
172.8, 1891, 2, FS, V
172.8, 2558, 3, RS, V
172.8, 2640, 3, FS, V
172.8, 2656, 3, FS, V
172.8, 2667, 3, FS, V
172.8, 2696, 3, IB, V
172.8, 3419, 4, FS, V
172.8, 3454, 4, IB, V
172.8, 3461, 4, IB, V
172.9, 296, 0, RS, V
172.9, 356, 0, FS, V
172.9, 1039, 1, RS, V
172.9, 1053, 1, RS, V
172.9, 1110, 1, RS, V
172.9, 1882, 2, FS, V
172.9, 2614, 3, RS, V
172.9, 2710, 3, IB, V
172.9, 3410, 4, FS, V
172.9, 3422, 4, FS, V
173, 294, 0, RS, V
173, 331, 0, RS, V
173, 365, 0, FS, V
173, 414, 0, IB, V
173, 417, 0, IB, V
173, 1883, 2, FS, V
173, 2641, 3, FS, V
173, 2651, 3, FS, V
173, 2655, 3, FS, V
173, 2668, 3, FS, V
173, 3375, 4, RS, V
173, 3470, 4, IB, V
173.1, 307, 0, RS, V
173.1, 397, 0, LTS, V
173.1, 1119, 1, FS, V
173.1, 1134, 1, FS, V
173.1, 1169, 1, IB, V
173.1, 2565, 3, RS, V
173.1, 2663, 3, FS, V
173.1, 2686, 3, IB, V
173.1, 3453, 4, IB, V
173.2, 337, 0, RS, V
173.2, 372, 0, FS, V
173.2, 410, 0, IB, V
173.2, 1117, 1, FS, V
173.2, 1192, 1, IB, V
173.2, 1887, 2, FS, V
173.2, 1930, 2, IB, V
173.2, 2645, 3, FS, V
173.2, 3407, 4, FS, V
173.2, 3428, 4, FS, V
173.3, 279, 0, RS, V
173.3, 299, 0, RS, V
173.3, 327, 0, RS, V
173.3, 1099, 1, RS, V
173.3, 1124, 1, FS, V
173.3, 1143, 1, FS, V
173.3, 1804, 2, RS, V
173.3, 1852, 2, RS, V
173.3, 1889, 2, FS, V
173.3, 1895, 2, FS, V
173.3, 1896, 2, FS, V
173.3, 1898, 2, FS, V
173.3, 2610, 3, RS, V
173.3, 2662, 3, FS, V
173.3, 2666, 3, FS, V
173.3, 2690, 3, IB, V
173.3, 3337, 4, RS, V
173.3, 3404, 4, FS, V
173.3, 3411, 4, FS, V
173.4, 286, 0, RS, V
173.4, 335, 0, RS, V
173.4, 362, 0, FS, V
173.4, 1126, 1, FS, V
173.4, 1140, 1, FS, V
173.4, 1186, 1, IB, V
173.4, 1941, 2, IB, V
173.4, 2611, 3, RS, V
173.4, 2648, 3, FS, V
173.4, 2653, 3, FS, V
173.4, 3418, 4, FS, V
173.4, 3474, 4, IB, V
173.5, 366, 0, FS, V
173.5, 367, 0, FS, V
173.5, 377, 0, FS, V
173.5, 1133, 1, FS, V
173.5, 1824, 2, RS, V
173.5, 1878, 2, FS, V
173.5, 1943, 2, IB, V
173.5, 2646, 3, FS, V
173.5, 2660, 3, FS, V
173.5, 2704, 3, IB, V
173.5, 3328, 4, RS, V
173.5, 3429, 4, FS, V
173.6, 284, 0, RS, V
173.6, 361, 0, FS, V
173.6, 1116, 1, FS, V
173.6, 1141, 1, FS, V
173.6, 1181, 1, IB, V
173.6, 1807, 2, RS, V
173.6, 1810, 2, RS, V
173.6, 1879, 2, FS, V
173.6, 1905, 2, FS, V
173.6, 2713, 3, IB, V
173.6, 3420, 4, FS, V
173.7, 333, 0, RS, V
173.7, 353, 0, RS, V
173.7, 363, 0, FS, V
173.7, 422, 0, IB, V
173.7, 1051, 1, RS, V
173.7, 1816, 2, RS, V
173.7, 1892, 2, FS, V
173.7, 1902, 2, FS, V
173.7, 2657, 3, FS, V
173.8, 275, 0, RS, V
173.8, 364, 0, FS, V
173.8, 1036, 1, RS, V
173.8, 1108, 1, RS, V
173.8, 1127, 1, FS, V
173.8, 1923, 2, IB, V
173.8, 2665, 3, FS, V
173.8, 3403, 4, FS, V
173.8, 3424, 4, FS, V
173.8, 3427, 4, FS, V
173.9, 368, 0, FS, V
173.9, 375, 0, FS, V
173.9, 1125, 1, FS, V
173.9, 1139, 1, FS, V
173.9, 1190, 1, IB, V
173.9, 1841, 2, RS, V
173.9, 1899, 2, FS, V
173.9, 2625, 3, RS, V
173.9, 2654, 3, FS, V
173.9, 3359, 4, RS, V
173.9, 3464, 4, IB, V
174, 380, 0, FS, V
174, 409, 0, IB, V
174, 420, 0, IB, V
174, 1144, 1, FS, V
174, 1146, 1, FS, V
174, 1877, 2, FS, V
174, 1885, 2, FS, V
174, 1897, 2, FS, V
174, 1901, 2, FS, V
174, 3401, 4, FS, V
174, 3408, 4, FS, V
174.1, 382, 0, FS, V
174.1, 1056, 1, RS, V
174.1, 1814, 2, RS, V
174.1, 1890, 2, FS, V
174.1, 1904, 2, FS, V
174.1, 2563, 3, RS, V
174.1, 2658, 3, FS, V
174.1, 3400, 4, FS, V
174.1, 3417, 4, FS, V
174.2, 378, 0, FS, V
174.2, 1880, 2, FS, V
174.2, 2639, 3, FS, V
174.2, 2642, 3, FS, V
174.2, 2644, 3, FS, V
174.2, 3409, 4, FS, V
174.2, 3451, 4, IB, V
174.3, 383, 0, FS, V
174.3, 1162, 1, IB, V
174.3, 1934, 2, IB, V
174.3, 3413, 4, FS, V
174.3, 3416, 4, FS, V
174.4, 358, 0, FS, V
174.4, 359, 0, FS, V
174.4, 381, 0, FS, V
174.4, 419, 0, IB, V
174.4, 1128, 1, FS, V
174.4, 1129, 1, FS, V
174.4, 1888, 2, FS, V
174.4, 1948, 2, IB, V
174.4, 2652, 3, FS, V
174.4, 3373, 4, RS, V
174.4, 3406, 4, FS, V
174.4, 3414, 4, FS, V
174.4, 3423, 4, FS, V
174.4, 3425, 4, FS, V
174.5, 1122, 1, FS, V
174.5, 1872, 2, RS, V
174.5, 1903, 2, FS, V
174.5, 1925, 2, IB, V
174.5, 2638, 3, FS, V
174.5, 2685, 3, IB, V
174.5, 2693, 3, IB, V
174.6, 310, 0, RS, V
174.6, 351, 0, RS, V
174.6, 357, 0, FS, V
174.6, 384, 0, FS, V
174.6, 402, 0, IB, V
174.6, 1057, 1, RS, V
174.6, 1072, 1, RS, V
174.6, 1136, 1, FS, V
174.6, 1184, 1, IB, V
174.6, 1938, 2, IB, V
174.6, 2583, 3, RS, V
174.6, 2620, 3, RS, V
174.6, 2664, 3, FS, V
174.6, 3346, 4, RS, V
174.6, 3412, 4, FS, V
174.7, 404, 0, IB, V
174.7, 1109, 1, RS, V
174.7, 1906, 2, FS, V
174.7, 2709, 3, IB, V
174.7, 3452, 4, IB, V
174.8, 370, 0, FS, V
174.8, 427, 0, IB, V
174.8, 1163, 1, IB, V
174.8, 1848, 2, RS, V
174.8, 1875, 2, RS, V
174.8, 1884, 2, FS, V
174.8, 1894, 2, FS, V
174.8, 2556, 3, RS, V
174.8, 2659, 3, FS, V
174.8, 2661, 3, FS, V
174.8, 2683, 3, IB, V
174.8, 2698, 3, IB, V
174.8, 3415, 4, FS, V
174.9, 421, 0, IB, V
174.9, 1131, 1, FS, V
174.9, 1137, 1, FS, V
174.9, 1853, 2, RS, V
174.9, 1871, 2, RS, V
174.9, 2697, 3, IB, V
174.9, 3421, 4, FS, V
174.9, 3467, 4, IB, V
175, 338, 0, RS, V
175, 373, 0, FS, V
175, 1054, 1, RS, V
175, 1926, 2, IB, V
175.1, 309, 0, RS, V
175.1, 385, 0, FS, V
175.1, 1135, 1, FS, V
175.1, 1177, 1, IB, V
175.1, 1931, 2, IB, V
175.1, 2689, 3, IB, V
175.2, 1120, 1, FS, V
175.2, 1123, 1, FS, V
175.2, 1170, 1, IB, V
175.2, 1952, 2, IB, V
175.2, 2699, 3, IB, V
175.2, 3402, 4, FS, V
175.2, 3405, 4, FS, V
175.3, 276, 0, RS, V
175.3, 355, 0, FS, V
175.3, 1075, 1, RS, V
175.3, 1121, 1, FS, V
175.3, 1138, 1, FS, V
175.3, 1870, 2, RS, V
175.3, 1881, 2, FS, V
175.3, 2593, 3, RS, V
175.3, 2632, 3, RS, V
175.4, 342, 0, RS, V
175.4, 352, 0, RS, V
175.4, 1033, 1, RS, V
175.4, 1111, 1, RS, V
175.4, 1130, 1, FS, V
175.4, 1874, 2, RS, V
175.4, 1886, 2, FS, V
175.4, 1900, 2, FS, V
175.4, 2643, 3, FS, V
175.4, 2695, 3, IB, V
175.4, 2701, 3, IB, V
175.4, 3399, 4, FS, V
175.4, 3426, 4, FS, V
175.5, 412, 0, IB, V
175.5, 1102, 1, RS, V
175.5, 1118, 1, FS, V
175.5, 1142, 1, FS, V
175.5, 1178, 1, IB, V
175.5, 1924, 2, IB, V
175.5, 1929, 2, IB, V
175.5, 1936, 2, IB, V
175.5, 2647, 3, FS, V
175.5, 2649, 3, FS, V
175.5, 3419, 4, FS, V
175.5, 3468, 4, IB, V
175.6, 280, 0, RS, V
175.6, 405, 0, IB, V
175.6, 1093, 1, RS, V
175.6, 1932, 2, IB, V
175.6, 1949, 2, IB, V
175.6, 2633, 3, RS, V
175.6, 2640, 3, FS, V
175.6, 2651, 3, FS, V
175.6, 3450, 4, IB, V
175.7, 311, 0, RS, V
175.7, 1067, 1, RS, V
175.7, 1092, 1, RS, V
175.7, 1145, 1, FS, V
175.7, 1164, 1, IB, V
175.7, 1171, 1, IB, V
175.7, 1806, 2, RS, V
175.7, 1883, 2, FS, V
175.7, 1907, 2, FS, V
175.7, 2667, 3, FS, V
175.7, 3334, 4, RS, V
175.7, 3362, 4, RS, V
175.7, 3456, 4, IB, V
175.8, 314, 0, RS, V
175.8, 1794, 2, RS, V
175.8, 1891, 2, FS, V
175.8, 1893, 2, FS, V
175.8, 1939, 2, IB, V
175.8, 2650, 3, FS, V
175.8, 2656, 3, FS, V
175.8, 2663, 3, FS, V
175.8, 3395, 4, RS, V
175.8, 3449, 4, IB, V
175.9, 291, 0, RS, V
175.9, 407, 0, IB, V
175.9, 1882, 2, FS, V
175.9, 3351, 4, RS, V
175.9, 3361, 4, RS, V
175.9, 3407, 4, FS, V
175.9, 3410, 4, FS, V
175.9, 3422, 4, FS, V
175.9, 3445, 4, IB, V
175.9, 3471, 4, IB, V
176, 1124, 1, FS, V
176, 1132, 1, FS, V
176, 1143, 1, FS, V
176, 1168, 1, IB, V
176, 1174, 1, IB, V
176, 1865, 2, RS, V
176, 2655, 3, FS, V
176, 2668, 3, FS, V
176, 3385, 4, RS, V
176.1, 377, 0, FS, V
176.1, 1134, 1, FS, V
176.1, 1161, 1, IB, V
176.1, 1188, 1, IB, V
176.1, 1927, 2, IB, V
176.1, 1953, 2, IB, V
176.1, 2641, 3, FS, V
176.1, 2660, 3, FS, V
176.1, 3428, 4, FS, V
176.2, 369, 0, FS, V
176.2, 414, 0, IB, V
176.2, 1114, 1, RS, V
176.2, 1117, 1, FS, V
176.2, 1119, 1, FS, V
176.2, 2594, 3, RS, V
176.2, 2619, 3, RS, V
176.2, 2646, 3, FS, V
176.3, 350, 0, RS, V
176.3, 1069, 1, RS, V
176.3, 1796, 2, RS, V
176.3, 1812, 2, RS, V
176.3, 1887, 2, FS, V
176.3, 1895, 2, FS, V
176.3, 1896, 2, FS, V
176.3, 2662, 3, FS, V
176.3, 2666, 3, FS, V
176.3, 3404, 4, FS, V
176.3, 3475, 4, IB, V
176.4, 376, 0, FS, V
176.4, 400, 0, IB, V
176.4, 1068, 1, RS, V
176.4, 1116, 1, FS, V
176.4, 1140, 1, FS, V
176.4, 1879, 2, FS, V
176.4, 1889, 2, FS, V
176.4, 1902, 2, FS, V
176.4, 2645, 3, FS, V
176.4, 2653, 3, FS, V
176.4, 2691, 3, IB, V
176.4, 3454, 4, IB, V
176.5, 360, 0, FS, V
176.5, 379, 0, FS, V
176.5, 1126, 1, FS, V
176.5, 1133, 1, FS, V
176.5, 1165, 1, IB, V
176.5, 1183, 1, IB, V
176.5, 1191, 1, IB, V
176.5, 1800, 2, RS, V
176.5, 1878, 2, FS, V
176.5, 1898, 2, FS, V
176.5, 1899, 2, FS, V
176.5, 2626, 3, RS, V
176.5, 2648, 3, FS, V
176.5, 2665, 3, FS, V
176.6, 356, 0, FS, V
176.6, 362, 0, FS, V
176.6, 367, 0, FS, V
176.6, 375, 0, FS, V
176.6, 417, 0, IB, V
176.6, 1127, 1, FS, V
176.6, 1905, 2, FS, V
176.6, 2572, 3, RS, V
176.6, 2599, 3, RS, V
176.6, 2634, 3, RS, V
176.6, 3418, 4, FS, V
176.7, 272, 0, RS, V
176.7, 380, 0, FS, V
176.7, 1055, 1, RS, V
176.7, 1141, 1, FS, V
176.7, 1837, 2, RS, V
176.7, 1885, 2, FS, V
176.7, 1890, 2, FS, V
176.7, 1892, 2, FS, V
176.7, 1897, 2, FS, V
176.7, 2657, 3, FS, V
176.7, 3403, 4, FS, V
176.7, 3411, 4, FS, V
176.8, 308, 0, RS, V
176.8, 368, 0, FS, V
176.8, 374, 0, FS, V
176.8, 410, 0, IB, V
176.8, 411, 0, IB, V
176.8, 1877, 2, FS, V
176.8, 1904, 2, FS, V
176.8, 2658, 3, FS, V
176.8, 3401, 4, FS, V
176.8, 3420, 4, FS, V
176.8, 3427, 4, FS, V
176.8, 3444, 4, IB, V
176.8, 3462, 4, IB, V
176.9, 363, 0, FS, V
176.9, 1139, 1, FS, V
176.9, 1916, 2, LTS, V
176.9, 2628, 3, RS, V
176.9, 2644, 3, FS, V
177, 1125, 1, FS, V
177, 1144, 1, FS, V
177, 1146, 1, FS, V
177, 1901, 2, FS, V
177, 2612, 3, RS, V
177, 2705, 3, IB, V
177, 3472, 4, IB, V
177.1, 292, 0, RS, V
177.1, 303, 0, RS, V
177.1, 364, 0, FS, V
177.1, 365, 0, FS, V
177.1, 366, 0, FS, V
177.1, 381, 0, FS, V
177.1, 1084, 1, RS, V
177.1, 1943, 2, IB, V
177.1, 2642, 3, FS, V
177.1, 2654, 3, FS, V
177.1, 3330, 4, RS, V
177.1, 3400, 4, FS, V
177.1, 3417, 4, FS, V
177.1, 3425, 4, FS, V
177.2, 424, 0, IB, V
177.2, 1122, 1, FS, V
177.2, 1856, 2, RS, V
177.2, 1888, 2, FS, V
177.2, 1903, 2, FS, V
177.2, 2606, 3, RS, V
177.2, 2639, 3, FS, V
177.2, 3412, 4, FS, V
177.2, 3424, 4, FS, V
177.2, 3429, 4, FS, V
177.3, 359, 0, FS, V
177.3, 383, 0, FS, V
177.3, 1049, 1, RS, V
177.3, 1136, 1, FS, V
177.3, 1880, 2, FS, V
177.3, 2559, 3, RS, V
177.3, 2638, 3, FS, V
177.3, 2664, 3, FS, V
177.3, 2708, 3, IB, V
177.3, 3409, 4, FS, V
177.3, 3413, 4, FS, V
177.3, 3416, 4, FS, V
177.3, 3461, 4, IB, V
177.4, 1058, 1, RS, V
177.4, 1064, 1, RS, V
177.4, 1129, 1, FS, V
177.4, 1937, 2, IB, V
177.4, 2652, 3, FS, V
177.4, 2700, 3, IB, V
177.4, 3414, 4, FS, V
177.5, 328, 0, RS, V
177.5, 330, 0, RS, V
177.5, 384, 0, FS, V
177.5, 1040, 1, RS, V
177.5, 1128, 1, FS, V
177.5, 1923, 2, IB, V
177.5, 2580, 3, RS, V
177.5, 3421, 4, FS, V
177.6, 361, 0, FS, V
177.6, 372, 0, FS, V
177.6, 1818, 2, RS, V
177.6, 1906, 2, FS, V
177.6, 3370, 4, RS, V
177.6, 3406, 4, FS, V
177.7, 358, 0, FS, V
177.7, 409, 0, IB, V
177.7, 1820, 2, RS, V
177.7, 1934, 2, IB, V
177.7, 3408, 4, FS, V
177.8, 290, 0, RS, V
177.8, 370, 0, FS, V
177.8, 390, 0, LTS, V
177.8, 404, 0, IB, V
177.8, 1173, 1, IB, V
177.8, 1179, 1, IB, V
177.8, 1894, 2, FS, V
177.8, 2661, 3, FS, V
177.8, 2687, 3, IB, V
177.8, 3325, 4, RS, V
177.8, 3423, 4, FS, V
177.9, 382, 0, FS, V
177.9, 1131, 1, FS, V
177.9, 1138, 1, FS, V
177.9, 1176, 1, IB, V
177.9, 2617, 3, RS, V
177.9, 3368, 4, RS, V
177.9, 3394, 4, RS, V
177.9, 3405, 4, FS, V
178, 312, 0, RS, V
178, 357, 0, FS, V
178, 373, 0, FS, V
178, 1037, 1, RS, V
178, 1162, 1, IB, V
178, 1184, 1, IB, V
178, 1884, 2, FS, V
178, 2659, 3, FS, V
178, 3415, 4, FS, V
178.1, 355, 0, FS, V
178.1, 429, 0, IB, V
178.1, 1120, 1, FS, V
178.1, 1135, 1, FS, V
178.1, 1137, 1, FS, V
178.1, 1926, 2, IB, V
178.1, 2622, 3, RS, V
178.1, 3426, 4, FS, V
178.2, 378, 0, FS, V
178.2, 1142, 1, FS, V
178.2, 1185, 1, IB, V
178.2, 1881, 2, FS, V
178.2, 1938, 2, IB, V
178.2, 2607, 3, RS, V
178.2, 2651, 3, FS, V
178.2, 3399, 4, FS, V
178.2, 3419, 4, FS, V
178.3, 1052, 1, RS, V
178.3, 1118, 1, FS, V
178.3, 1121, 1, FS, V
178.3, 2649, 3, FS, V
178.3, 3402, 4, FS, V
178.4, 315, 0, RS, V
178.4, 406, 0, IB, V
178.4, 428, 0, IB, V
178.4, 1042, 1, RS, V
178.4, 1123, 1, FS, V
178.4, 1130, 1, FS, V
178.4, 1163, 1, IB, V
178.4, 1819, 2, RS, V
178.4, 1867, 2, RS, V
178.4, 1883, 2, FS, V
178.4, 1900, 2, FS, V
178.4, 2640, 3, FS, V
178.4, 2643, 3, FS, V
178.4, 3347, 4, RS, V
178.5, 1180, 1, IB, V
178.5, 1886, 2, FS, V
178.5, 2663, 3, FS, V
178.6, 347, 0, RS, V
178.6, 1145, 1, FS, V
178.6, 1947, 2, IB, V
178.6, 2567, 3, RS, V
178.6, 2598, 3, RS, V
178.6, 2647, 3, FS, V
178.6, 2667, 3, FS, V
178.7, 371, 0, FS, V
178.7, 1041, 1, RS, V
178.7, 1105, 1, RS, V
178.7, 1124, 1, FS, V
178.7, 1143, 1, FS, V
178.7, 1177, 1, IB, V
178.7, 1907, 2, FS, V
178.7, 2592, 3, RS, V
178.7, 2660, 3, FS, V
178.7, 3407, 4, FS, V
178.8, 421, 0, IB, V
178.8, 426, 0, IB, V
178.8, 1047, 1, RS, V
178.8, 1891, 2, FS, V
178.8, 2656, 3, FS, V
178.8, 3374, 4, RS, V
178.9, 377, 0, FS, V
178.9, 1103, 1, RS, V
178.9, 1107, 1, RS, V
178.9, 1831, 2, RS, V
178.9, 1882, 2, FS, V
178.9, 2646, 3, FS, V
178.9, 2650, 3, FS, V
178.9, 3422, 4, FS, V
179, 385, 0, FS, V
179, 1795, 2, RS, V
179, 1893, 2, FS, V
179, 2555, 3, RS, V
179, 2623, 3, RS, V
179, 2655, 3, FS, V
179, 2668, 3, FS, V
179.1, 402, 0, IB, V
179.1, 1134, 1, FS, V
179.1, 1899, 2, FS, V
179.1, 1902, 2, FS, V
179.1, 3363, 4, RS, V
179.1, 3458, 4, IB, V
179.2, 281, 0, RS, V
179.2, 348, 0, RS, V
179.2, 369, 0, FS, V
179.2, 403, 0, IB, V
179.2, 407, 0, IB, V
179.2, 412, 0, IB, V
179.2, 1116, 1, FS, V
179.2, 1117, 1, FS, V
179.2, 1132, 1, FS, V
179.2, 1879, 2, FS, V
179.2, 1924, 2, IB, V
179.2, 2576, 3, RS, V
179.2, 2596, 3, RS, V
179.2, 2641, 3, FS, V
179.2, 2665, 3, FS, V
179.3, 289, 0, RS, V
179.3, 325, 0, RS, V
179.3, 375, 0, FS, V
179.3, 1119, 1, FS, V
179.3, 1190, 1, IB, V
179.3, 1890, 2, FS, V
179.3, 1895, 2, FS, V
179.3, 1896, 2, FS, V
179.3, 2584, 3, RS, V
179.3, 2662, 3, FS, V
179.3, 2666, 3, FS, V
179.3, 3393, 4, RS, V
179.3, 3404, 4, FS, V
179.4, 368, 0, FS, V
179.4, 1127, 1, FS, V
179.4, 1140, 1, FS, V
179.4, 1141, 1, FS, V
179.4, 1799, 2, RS, V
179.4, 1809, 2, RS, V
179.4, 1847, 2, RS, V
179.4, 1885, 2, FS, V
179.4, 1887, 2, FS, V
179.4, 1897, 2, FS, V
179.4, 2653, 3, FS, V
179.4, 2692, 3, IB, V
179.4, 3391, 4, RS, V
179.5, 299, 0, RS, V
179.5, 360, 0, FS, V
179.5, 1133, 1, FS, V
179.5, 1188, 1, IB, V
179.5, 1878, 2, FS, V
179.5, 1889, 2, FS, V
179.5, 1904, 2, FS, V
179.5, 1929, 2, IB, V
179.5, 2658, 3, FS, V
179.5, 3428, 4, FS, V
179.5, 3473, 4, IB, V
179.6, 334, 0, RS, V
179.6, 356, 0, FS, V
179.6, 363, 0, FS, V
179.6, 376, 0, FS, V
179.6, 380, 0, FS, V
179.6, 1079, 1, RS, V
179.6, 1126, 1, FS, V
179.6, 1864, 2, RS, V
179.6, 1877, 2, FS, V
179.6, 1905, 2, FS, V
179.6, 2644, 3, FS, V
179.6, 2645, 3, FS, V
179.6, 2648, 3, FS, V
179.6, 2713, 3, IB, V
179.6, 3401, 4, FS, V
179.6, 3403, 4, FS, V
179.6, 3418, 4, FS, V
179.7, 367, 0, FS, V
179.7, 379, 0, FS, V
179.7, 1826, 2, RS, V
179.7, 1892, 2, FS, V
179.7, 1898, 2, FS, V
179.7, 1936, 2, IB, V
179.7, 2605, 3, RS, V
179.7, 2614, 3, RS, V
179.7, 2636, 3, RS, V
179.7, 2657, 3, FS, V
179.7, 2699, 3, IB, V
179.8, 317, 0, RS, V
179.8, 362, 0, FS, V
179.8, 381, 0, FS, V
179.8, 408, 0, IB, V
179.8, 1097, 1, RS, V
179.8, 1106, 1, RS, V
179.8, 3369, 4, RS, V
179.8, 3412, 4, FS, V
179.8, 3425, 4, FS, V
179.8, 3427, 4, FS, V
179.9, 366, 0, FS, V
179.9, 416, 0, IB, V
179.9, 1122, 1, FS, V
179.9, 1139, 1, FS, V
179.9, 1903, 2, FS, V
179.9, 3424, 4, FS, V
180, 1034, 1, RS, V
180, 1095, 1, RS, V
180, 1129, 1, FS, V
180, 1136, 1, FS, V
180, 1144, 1, FS, V
180, 1146, 1, FS, V
180, 1168, 1, IB, V
180, 1861, 2, RS, V
180, 1888, 2, FS, V
180, 1901, 2, FS, V
180, 2642, 3, FS, V
180, 2664, 3, FS, V
180, 3340, 4, RS, V
180, 3410, 4, FS, V
180, 3420, 4, FS, V
180.1, 346, 0, RS, V
180.1, 400, 0, IB, V
180.1, 1046, 1, RS, V
180.1, 1125, 1, FS, V
180.1, 1183, 1, IB, V
180.1, 1189, 1, IB, V
180.1, 2638, 3, FS, V
180.1, 3417, 4, FS, V
180.2, 349, 0, RS, V
180.2, 364, 0, FS, V
180.2, 365, 0, FS, V
180.2, 417, 0, IB, V
180.2, 1167, 1, IB, V
180.2, 1942, 2, IB, V
180.2, 2639, 3, FS, V
180.2, 2707, 3, IB, V
180.3, 374, 0, FS, V
180.3, 383, 0, FS, V
180.3, 1115, 1, RS, V
180.3, 1940, 2, IB, V
180.3, 2581, 3, RS, V
180.3, 2654, 3, FS, V
180.3, 2701, 3, IB, V
180.3, 3389, 4, RS, V
180.3, 3413, 4, FS, V
180.3, 3416, 4, FS, V
180.4, 384, 0, FS, V
180.4, 1813, 2, RS, V
180.4, 1880, 2, FS, V
180.4, 2560, 3, RS, V
180.4, 2652, 3, FS, V
180.4, 3414, 4, FS, V
180.5, 359, 0, FS, V
180.5, 1138, 1, FS, V
180.5, 1841, 2, RS, V
180.5, 1906, 2, FS, V
180.5, 3324, 4, RS, V
180.6, 1128, 1, FS, V
180.7, 2590, 3, RS, V
180.7, 2602, 3, RS, V
180.7, 3339, 4, RS, V
180.7, 3400, 4, FS, V
180.8, 358, 0, FS, V
180.8, 372, 0, FS, V
180.8, 430, 0, IB, V
180.8, 1894, 2, FS, V
180.8, 2588, 3, RS, V
180.8, 2651, 3, FS, V
180.8, 2661, 3, FS, V
180.8, 3406, 4, FS, V
180.8, 3408, 4, FS, V
180.8, 3409, 4, FS, V
180.8, 3411, 4, FS, V
180.8, 3466, 4, IB, V
180.9, 320, 0, RS, V
180.9, 321, 0, RS, V
180.9, 355, 0, FS, V
180.9, 382, 0, FS, V
180.9, 404, 0, IB, V
180.9, 1112, 1, RS, V
180.9, 1131, 1, FS, V
180.9, 1142, 1, FS, V
180.9, 2579, 3, RS, V
180.9, 3421, 4, FS, V
181, 373, 0, FS, V
181, 409, 0, IB, V
181, 1053, 1, RS, V
181, 1096, 1, RS, V
181, 1120, 1, FS, V
181, 1192, 1, IB, V
181, 1945, 2, IB, V
181, 2578, 3, RS, V
181, 3399, 4, FS, V
181, 3419, 4, FS, V
181.1, 357, 0, FS, V
181.1, 1118, 1, FS, V
181.1, 1135, 1, FS, V
181.1, 1881, 2, FS, V
181.1, 1883, 2, FS, V
181.1, 2649, 3, FS, V
181.1, 2683, 3, IB, V
181.1, 3405, 4, FS, V
181.2, 378, 0, FS, V
181.2, 1182, 1, IB, V
181.2, 1827, 2, RS, V
181.2, 1884, 2, FS, V
181.2, 2562, 3, RS, V
181.2, 2640, 3, FS, V
181.2, 2659, 3, FS, V
181.2, 2663, 3, FS, V
181.2, 3354, 4, RS, V
181.2, 3415, 4, FS, V
181.3, 361, 0, FS, V
181.3, 401, 0, IB, V
181.3, 1060, 1, RS, V
181.3, 1121, 1, FS, V
181.3, 1137, 1, FS, V
181.3, 2660, 3, FS, V
181.4, 1124, 1, FS, V
181.4, 1130, 1, FS, V
181.4, 1143, 1, FS, V
181.4, 1870, 2, RS, V
181.4, 1900, 2, FS, V
181.4, 1951, 2, IB, V
181.4, 2643, 3, FS, V
181.4, 3407, 4, FS, V
181.5, 377, 0, FS, V
181.5, 1145, 1, FS, V
181.5, 1855, 2, RS, V
181.5, 2667, 3, FS, V
181.6, 345, 0, RS, V
181.6, 1123, 1, FS, V
181.6, 1185, 1, IB, V
181.6, 1886, 2, FS, V
181.6, 2646, 3, FS, V
181.7, 333, 0, RS, V
181.7, 1071, 1, RS, V
181.7, 1857, 2, RS, V
181.7, 1899, 2, FS, V
181.7, 1907, 2, FS, V
181.7, 2647, 3, FS, V
181.8, 370, 0, FS, V
181.8, 396, 0, LTS, V
181.8, 1891, 2, FS, V
181.8, 1902, 2, FS, V
181.8, 1935, 2, IB, V
181.8, 2656, 3, FS, V
181.8, 3423, 4, FS, V
181.8, 3429, 4, FS, V
181.9, 371, 0, FS, V
181.9, 406, 0, IB, V
181.9, 413, 0, IB, V
181.9, 422, 0, IB, V
181.9, 1882, 2, FS, V
181.9, 1890, 2, FS, V
181.9, 1911, 2, LTS, V
181.9, 2601, 3, RS, V
181.9, 2665, 3, FS, V
181.9, 3402, 4, FS, V
181.9, 3422, 4, FS, V
182, 375, 0, FS, V
182, 385, 0, FS, V
182, 1070, 1, RS, V
182, 1082, 1, RS, V
182, 1116, 1, FS, V
182, 1803, 2, RS, V
182, 1879, 2, FS, V
182, 2566, 3, RS, V
182, 2650, 3, FS, V
182, 2655, 3, FS, V
182, 2668, 3, FS, V
182.1, 428, 0, IB, V
182.1, 1134, 1, FS, V
182.1, 1141, 1, FS, V
182.1, 1885, 2, FS, V
182.1, 1897, 2, FS, V
182.1, 2587, 3, RS, V
182.1, 3426, 4, FS, V
182.2, 322, 0, RS, V
182.2, 369, 0, FS, V
182.2, 1117, 1, FS, V
182.2, 1127, 1, FS, V
182.2, 1893, 2, FS, V
182.2, 1904, 2, FS, V
182.2, 2658, 3, FS, V
182.3, 363, 0, FS, V
182.3, 380, 0, FS, V
182.3, 1066, 1, RS, V
182.3, 1895, 2, FS, V
182.3, 1896, 2, FS, V
182.3, 2641, 3, FS, V
182.3, 2644, 3, FS, V
182.3, 2662, 3, FS, V
182.3, 2666, 3, FS, V
182.3, 3404, 4, FS, V
182.4, 1091, 1, RS, V
182.4, 1119, 1, FS, V
182.4, 1132, 1, FS, V
182.4, 1140, 1, FS, V
182.4, 1854, 2, RS, V
182.4, 1877, 2, FS, V
182.4, 2653, 3, FS, V
182.4, 3401, 4, FS, V
182.4, 3412, 4, FS, V
182.5, 360, 0, FS, V
182.5, 381, 0, FS, V
182.5, 1045, 1, RS, V
182.5, 1133, 1, FS, V
182.5, 1878, 2, FS, V
182.5, 1887, 2, FS, V
182.5, 3403, 4, FS, V
182.5, 3461, 4, IB, V
182.6, 368, 0, FS, V
182.6, 1044, 1, RS, V
182.6, 1100, 1, RS, V
182.6, 1122, 1, FS, V
182.6, 1129, 1, FS, V
182.6, 1889, 2, FS, V
182.6, 1903, 2, FS, V
182.6, 1905, 2, FS, V
182.6, 3418, 4, FS, V
182.6, 3428, 4, FS, V
182.7, 379, 0, FS, V
182.7, 418, 0, IB, V
182.7, 1098, 1, RS, V
182.7, 1126, 1, FS, V
182.7, 1136, 1, FS, V
182.7, 1892, 2, FS, V
182.7, 2648, 3, FS, V
182.7, 2657, 3, FS, V
182.7, 2664, 3, FS, V
182.8, 367, 0, FS, V
182.8, 376, 0, FS, V
182.8, 1888, 2, FS, V
182.8, 1924, 2, IB, V
182.8, 2645, 3, FS, V
182.8, 3410, 4, FS, V
182.8, 3425, 4, FS, V
182.9, 343, 0, RS, V
182.9, 424, 0, IB, V
182.9, 1139, 1, FS, V
182.9, 1175, 1, IB, V
182.9, 1898, 2, FS, V
182.9, 2638, 3, FS, V
182.9, 2642, 3, FS, V
182.9, 3387, 4, RS, V
182.9, 3427, 4, FS, V
183, 274, 0, RS, V
183, 340, 0, RS, V
183, 366, 0, FS, V
183, 429, 0, IB, V
183, 1073, 1, RS, V
183, 1144, 1, FS, V
183, 1146, 1, FS, V
183, 1179, 1, IB, V
183, 1901, 2, FS, V
183.1, 423, 0, IB, V
183.1, 1138, 1, FS, V
183.1, 1161, 1, IB, V
183.1, 1832, 2, RS, V
183.1, 3417, 4, FS, V
183.2, 356, 0, FS, V
183.2, 362, 0, FS, V
183.2, 1125, 1, FS, V
183.2, 2639, 3, FS, V
183.3, 365, 0, FS, V
183.3, 374, 0, FS, V
183.3, 383, 0, FS, V
183.3, 408, 0, IB, V
183.3, 1088, 1, RS, V
183.3, 1170, 1, IB, V
183.3, 2712, 3, IB, V
183.4, 285, 0, RS, V
183.4, 359, 0, FS, V
183.4, 364, 0, FS, V
183.4, 1906, 2, FS, V
183.4, 2651, 3, FS, V
183.4, 2652, 3, FS, V
183.4, 3414, 4, FS, V
183.4, 3420, 4, FS, V
183.5, 1086, 1, RS, V
183.5, 1815, 2, RS, V
183.5, 1880, 2, FS, V
183.5, 2654, 3, FS, V
183.5, 3416, 4, FS, V
183.6, 384, 0, FS, V
183.6, 412, 0, IB, V
183.6, 1142, 1, FS, V
183.6, 3424, 4, FS, V
183.7, 355, 0, FS, V
183.7, 1128, 1, FS, V
183.7, 1876, 2, RS, V
183.7, 3400, 4, FS, V
183.8, 382, 0, FS, V
183.8, 431, 0, IB, V
183.8, 1883, 2, FS, V
183.8, 1894, 2, FS, V
183.8, 2564, 3, RS, V
183.8, 2661, 3, FS, V
183.8, 3413, 4, FS, V
183.9, 357, 0, FS, V
183.9, 358, 0, FS, V
183.9, 372, 0, FS, V
183.9, 1118, 1, FS, V
183.9, 1120, 1, FS, V
183.9, 1131, 1, FS, V
183.9, 2649, 3, FS, V
183.9, 2660, 3, FS, V
183.9, 2663, 3, FS, V
183.9, 3399, 4, FS, V
183.9, 3419, 4, FS, V
184, 297, 0, RS, V
184, 361, 0, FS, V
184, 373, 0, FS, V
184, 1881, 2, FS, V
184, 2640, 3, FS, V
184, 3406, 4, FS, V
184.1, 377, 0, FS, V
184.1, 1124, 1, FS, V
184.1, 1135, 1, FS, V
184.1, 1143, 1, FS, V
184.2, 378, 0, FS, V
184.2, 3327, 4, RS, V
184.2, 3408, 4, FS, V
184.3, 1038, 1, RS, V
184.3, 1121, 1, FS, V
184.3, 1899, 2, FS, V
184.3, 2646, 3, FS, V
184.4, 1130, 1, FS, V
184.4, 1145, 1, FS, V
184.4, 1817, 2, RS, V
184.4, 1884, 2, FS, V
184.4, 1900, 2, FS, V
184.4, 2643, 3, FS, V
184.4, 2659, 3, FS, V
184.4, 2667, 3, FS, V
184.4, 3405, 4, FS, V
184.4, 3415, 4, FS, V
184.5, 1062, 1, RS, V
184.5, 1137, 1, FS, V
184.5, 1890, 2, FS, V
184.5, 1902, 2, FS, V
184.6, 1076, 1, RS, V
184.6, 1113, 1, RS, V
184.6, 2665, 3, FS, V
184.7, 316, 0, RS, V
184.7, 375, 0, FS, V
184.7, 1886, 2, FS, V
184.7, 1907, 2, FS, V
184.7, 3421, 4, FS, V
184.8, 370, 0, FS, V
184.8, 1116, 1, FS, V
184.8, 1123, 1, FS, V
184.8, 1141, 1, FS, V
184.8, 1879, 2, FS, V
184.8, 1885, 2, FS, V
184.8, 1891, 2, FS, V
184.8, 1897, 2, FS, V
184.8, 2647, 3, FS, V
184.8, 2656, 3, FS, V
184.8, 3423, 4, FS, V
184.8, 3429, 4, FS, V
184.9, 280, 0, RS, V
184.9, 352, 0, RS, V
184.9, 1882, 2, FS, V
184.9, 1904, 2, FS, V
184.9, 2658, 3, FS, V
184.9, 3422, 4, FS, V
185, 380, 0, FS, V
185, 385, 0, FS, V
185, 1127, 1, FS, V
185, 2644, 3, FS, V
185, 2655, 3, FS, V
185, 2668, 3, FS, V
185.1, 371, 0, FS, V
185.1, 1134, 1, FS, V
185.1, 2650, 3, FS, V
185.2, 339, 0, RS, V
185.2, 369, 0, FS, V
185.2, 381, 0, FS, V
185.2, 1117, 1, FS, V
185.2, 1129, 1, FS, V
185.2, 1877, 2, FS, V
185.2, 3407, 4, FS, V
185.3, 1122, 1, FS, V
185.3, 1895, 2, FS, V
185.3, 1896, 2, FS, V
185.3, 1903, 2, FS, V
185.3, 2615, 3, RS, V
185.3, 2662, 3, FS, V
185.3, 2666, 3, FS, V
185.4, 417, 0, IB, V
185.4, 1136, 1, FS, V
185.4, 1140, 1, FS, V
185.4, 1893, 2, FS, V
185.4, 2641, 3, FS, V
185.4, 2653, 3, FS, V
185.4, 2664, 3, FS, V
185.5, 324, 0, RS, V
185.5, 360, 0, FS, V
185.5, 1119, 1, FS, V
185.5, 1133, 1, FS, V
185.5, 1878, 2, FS, V
185.6, 306, 0, RS, V
185.6, 1132, 1, FS, V
185.6, 1887, 2, FS, V
185.6, 1888, 2, FS, V
185.6, 1905, 2, FS, V
185.7, 363, 0, FS, V
185.7, 379, 0, FS, V
185.7, 1138, 1, FS, V
185.7, 1889, 2, FS, V
185.7, 1892, 2, FS, V
185.7, 2638, 3, FS, V
185.7, 2657, 3, FS, V
185.8, 313, 0, RS, V
185.8, 366, 0, FS, V
185.8, 368, 0, FS, V
185.8, 1074, 1, RS, V
185.8, 1126, 1, FS, V
185.8, 2642, 3, FS, V
185.8, 2648, 3, FS, V
185.9, 401, 0, IB, V
185.9, 1139, 1, FS, V
185.9, 2570, 3, RS, V
185.9, 3425, 4, FS, V
186, 323, 0, RS, V
186, 376, 0, FS, V
186, 1144, 1, FS, V
186, 1146, 1, FS, V
186, 1901, 2, FS, V
186, 2645, 3, FS, V
186, 2651, 3, FS, V
186.1, 418, 0, IB, V
186.1, 1898, 2, FS, V
186.2, 356, 0, FS, V
186.2, 1077, 1, RS, V
186.2, 3401, 4, FS, V
186.2, 3426, 4, FS, V
186.3, 359, 0, FS, V
186.3, 414, 0, IB, V
186.3, 1125, 1, FS, V
186.3, 1142, 1, FS, V
186.3, 1906, 2, FS, V
186.4, 1085, 1, RS, V
186.4, 2639, 3, FS, V
186.4, 2652, 3, FS, V
186.4, 3360, 4, RS, V
186.4, 3414, 4, FS, V
186.4, 3418, 4, FS, V
186.5, 355, 0, FS, V
186.5, 364, 0, FS, V
186.5, 374, 0, FS, V
186.5, 382, 0, FS, V
186.5, 1056, 1, RS, V
186.5, 1182, 1, IB, V
186.5, 1883, 2, FS, V
186.5, 3417, 4, FS, V
186.6, 383, 0, FS, V
186.6, 1880, 2, FS, V
186.6, 2663, 3, FS, V
186.7, 357, 0, FS, V
186.7, 365, 0, FS, V
186.7, 367, 0, FS, V
186.7, 1090, 1, RS, V
186.7, 1118, 1, FS, V
186.7, 2649, 3, FS, V
186.7, 3404, 4, FS, V
186.8, 1120, 1, FS, V
186.8, 1124, 1, FS, V
186.8, 1128, 1, FS, V
186.8, 1143, 1, FS, V
186.8, 1894, 2, FS, V
186.8, 2640, 3, FS, V
186.8, 3420, 4, FS, V
186.9, 384, 0, FS, V
186.9, 1089, 1, RS, V
186.9, 1131, 1, FS, V
186.9, 1881, 2, FS, V
186.9, 2654, 3, FS, V
187, 373, 0, FS, V
187, 2646, 3, FS, V
187, 3410, 4, FS, V
187, 3427, 4, FS, V
187.1, 304, 0, RS, V
187.1, 361, 0, FS, V
187.1, 377, 0, FS, V
187.1, 1060, 1, RS, V
187.1, 1135, 1, FS, V
187.1, 1890, 2, FS, V
187.1, 3320, 4, RS, V
187.1, 3405, 4, FS, V
187.2, 362, 0, FS, V
187.2, 378, 0, FS, V
187.2, 1899, 2, FS, V
187.2, 1902, 2, FS, V
187.2, 2660, 3, FS, V
187.2, 3428, 4, FS, V
187.3, 358, 0, FS, V
187.3, 431, 0, IB, V
187.3, 1121, 1, FS, V
187.3, 1145, 1, FS, V
187.3, 2665, 3, FS, V
187.4, 372, 0, FS, V
187.4, 375, 0, FS, V
187.4, 1130, 1, FS, V
187.4, 1900, 2, FS, V
187.4, 2643, 3, FS, V
187.5, 1141, 1, FS, V
187.5, 1885, 2, FS, V
187.5, 1897, 2, FS, V
187.5, 3402, 4, FS, V
187.5, 3412, 4, FS, V
187.6, 1879, 2, FS, V
187.6, 1884, 2, FS, V
187.6, 2667, 3, FS, V
187.6, 3399, 4, FS, V
187.7, 380, 0, FS, V
187.7, 1101, 1, RS, V
187.7, 1137, 1, FS, V
187.7, 1907, 2, FS, V
187.8, 370, 0, FS, V
187.8, 1127, 1, FS, V
187.8, 1886, 2, FS, V
187.8, 1891, 2, FS, V
187.8, 2659, 3, FS, V
187.9, 278, 0, RS, V
187.9, 1882, 2, FS, V
187.9, 2647, 3, FS, V
188, 329, 0, RS, V
188, 381, 0, FS, V
188, 1123, 1, FS, V
188, 1877, 2, FS, V
188, 1903, 2, FS, V
188, 2661, 3, FS, V
188.1, 1116, 1, FS, V
188.1, 1122, 1, FS, V
188.1, 1134, 1, FS, V
188.1, 1136, 1, FS, V
188.1, 1904, 2, FS, V
188.1, 2644, 3, FS, V
188.1, 2664, 3, FS, V
188.2, 1117, 1, FS, V
188.2, 1129, 1, FS, V
188.3, 385, 0, FS, V
188.3, 1138, 1, FS, V
188.3, 1895, 2, FS, V
188.3, 1896, 2, FS, V
188.3, 2655, 3, FS, V
188.3, 2666, 3, FS, V
188.4, 363, 0, FS, V
188.4, 1140, 1, FS, V
188.4, 1888, 2, FS, V
188.4, 2653, 3, FS, V
188.5, 415, 0, IB, V
188.5, 1133, 1, FS, V
188.5, 1878, 2, FS, V
188.5, 2650, 3, FS, V
188.5, 2658, 3, FS, V
188.5, 2694, 3, IB, V
188.6, 371, 0, FS, V
188.6, 1119, 1, FS, V
188.6, 1893, 2, FS, V
188.6, 1905, 2, FS, V
188.7, 1887, 2, FS, V
188.7, 1892, 2, FS, V
188.7, 2668, 3, FS, V
188.8, 1132, 1, FS, V
188.8, 1889, 2, FS, V
188.8, 2656, 3, FS, V
188.8, 3345, 4, RS, V
188.9, 314, 0, RS, V
188.9, 1126, 1, FS, V
188.9, 1139, 1, FS, V
188.9, 2642, 3, FS, V
189, 369, 0, FS, V
189, 1142, 1, FS, V
189, 1144, 1, FS, V
189.1, 360, 0, FS, V
189.1, 3403, 4, FS, V
189.2, 2645, 3, FS, V
189.2, 3416, 4, FS, V
189.3, 382, 0, FS, V
189.3, 1860, 2, RS, V
189.3, 1898, 2, FS, V
189.3, 3409, 4, FS, V
189.4, 1125, 1, FS, V
189.4, 1901, 2, FS, V
189.4, 2652, 3, FS, V
189.5, 355, 0, FS, V
189.5, 1118, 1, FS, V
189.5, 1124, 1, FS, V
189.5, 1143, 1, FS, V
189.6, 430, 0, IB, V
189.6, 2641, 3, FS, V
189.6, 3411, 4, FS, V
189.7, 1120, 1, FS, V
189.8, 295, 0, RS, V
189.8, 377, 0, FS, V
189.8, 1894, 2, FS, V
189.8, 2648, 3, FS, V
189.9, 1087, 1, RS, V
189.9, 1128, 1, FS, V
189.9, 1131, 1, FS, V
189.9, 2638, 3, FS, V
190.1, 357, 0, FS, V
190.1, 383, 0, FS, V
190.1, 1135, 1, FS, V
190.1, 3419, 4, FS, V
190.2, 374, 0, FS, V
190.2, 424, 0, IB, V
190.2, 3376, 4, RS, V
190.3, 378, 0, FS, V
190.3, 425, 0, IB, V
190.3, 1141, 1, FS, V
190.3, 1950, 2, IB, V
190.4, 359, 0, FS, V
190.4, 1130, 1, FS, V
190.4, 1880, 2, FS, V
190.4, 1900, 2, FS, V
190.4, 1906, 2, FS, V
190.5, 373, 0, FS, V
190.5, 375, 0, FS, V
190.5, 379, 0, FS, V
190.6, 1146, 1, FS, V
190.6, 1879, 2, FS, V
190.7, 1881, 2, FS, V
190.8, 300, 0, RS, V
190.8, 368, 0, FS, V
190.8, 1907, 2, FS, V
190.9, 366, 0, FS, V
190.9, 381, 0, FS, V
190.9, 2649, 3, FS, V
190.9, 3400, 4, FS, V
191, 1116, 1, FS, V
191.1, 356, 0, FS, V
191.1, 364, 0, FS, V
191.1, 372, 0, FS, V
191.1, 1121, 1, FS, V
191.1, 1897, 2, FS, V
191.2, 1123, 1, FS, V
191.2, 1127, 1, FS, V
191.2, 1137, 1, FS, V
191.3, 1890, 2, FS, V
191.3, 1899, 2, FS, V
191.4, 362, 0, FS, V
191.7, 1134, 1, FS, V
191.7, 1138, 1, FS, V
191.7, 1903, 2, FS, V
191.8, 2667, 3, FS, V
191.9, 1891, 2, FS, V
192, 1136, 1, FS, V
192, 2663, 3, FS, V
192.1, 380, 0, FS, V
192.1, 1883, 2, FS, V
192.1, 1885, 2, FS, V
192.2, 405, 0, IB, V
192.2, 1119, 1, FS, V
192.2, 1142, 1, FS, V
192.2, 2651, 3, FS, V
192.3, 1122, 1, FS, V
192.3, 1892, 2, FS, V
192.4, 363, 0, FS, V
192.4, 370, 0, FS, V
192.4, 3429, 4, FS, V
192.5, 367, 0, FS, V
192.6, 419, 0, IB, V
192.8, 1896, 2, FS, V
192.9, 361, 0, FS, V
192.9, 1144, 1, FS, V
192.9, 2660, 3, FS, V
193, 376, 0, FS, V
193.1, 1131, 1, FS, V
193.2, 1140, 1, FS, V
193.2, 2639, 3, FS, V
193.3, 383, 0, FS, V
193.3, 1133, 1, FS, V
193.3, 1878, 2, FS, V
193.3, 1888, 2, FS, V
193.4, 375, 0, FS, V
193.4, 1145, 1, FS, V
193.5, 360, 0, FS, V
193.8, 2662, 3, FS, V
194.5, 365, 0, FS, V
194.7, 378, 0, FS, V
194.9, 1902, 2, FS, V
195, 1132, 1, FS, V
195.4, 1116, 1, FS, V
195.5, 371, 0, FS, V
195.5, 1125, 1, FS, V
195.9, 382, 0, FS, V
195.9, 1117, 1, FS, V
196.1, 1139, 1, FS, V
196.1, 1141, 1, FS, V
196.1, 1905, 2, FS, V
197, 1884, 2, FS, V
197.2, 377, 0, FS, V
197.4, 1118, 1, FS, V
197.8, 1895, 2, FS, V
198, 381, 0, FS, V
198.1, 384, 0, FS, V
198.4, 385, 0, FS, V
199.8, 362, 0, FS, V
202.1, 1064, 1, RS, V
202.2, 1051, 1, RS, V
202.2, 1052, 1, RS, V
202.2, 1067, 1, RS, V
202.2, 1070, 1, RS, V
202.2, 1073, 1, RS, V
202.2, 1075, 1, RS, V
202.2, 1082, 1, RS, V
202.2, 1084, 1, RS, V
202.2, 1094, 1, RS, V
202.2, 1097, 1, RS, V
202.2, 1100, 1, RS, V
202.2, 1101, 1, RS, V
202.2, 1105, 1, RS, V
202.2, 1106, 1, RS, V
202.2, 1107, 1, RS, V
202.3, 1036, 1, RS, V
202.3, 1071, 1, RS, V
202.3, 1092, 1, RS, V
202.3, 1099, 1, RS, V
208, 1106, 1, RS, V
208.1, 1075, 1, RS, V
208.2, 1064, 1, RS, V
208.2, 1082, 1, RS, V
208.3, 1052, 1, RS, V
208.4, 1036, 1, RS, V
208.4, 1097, 1, RS, V
208.5, 1094, 1, RS, V
208.7, 1070, 1, RS, V
208.8, 1051, 1, RS, V
208.8, 1067, 1, RS, V
208.8, 1084, 1, RS, V
208.8, 1105, 1, RS, V
208.9, 1073, 1, RS, V
208.9, 1100, 1, RS, V
209, 1071, 1, RS, V
209, 1101, 1, RS, V
209, 1107, 1, RS, V
209.1, 1092, 1, RS, V
209.2, 1099, 1, RS, V
209.6, 1128, 1, FS, V
210.5, 1118, 1, FS, V
210.8, 1127, 1, FS, V
212.6, 1134, 1, FS, V
212.6, 1135, 1, FS, V
212.9, 1121, 1, FS, V
213.1, 1130, 1, FS, V
213.2, 1123, 1, FS, V
213.3, 1116, 1, FS, V
213.4, 1143, 1, FS, V
213.8, 1106, 1, RS, V
213.9, 1139, 1, FS, V
213.9, 1146, 1, FS, V
214, 1075, 1, RS, V
214, 1136, 1, FS, V
214.2, 1082, 1, RS, V
214.2, 1124, 1, FS, V
214.3, 1064, 1, RS, V
214.3, 1119, 1, FS, V
214.3, 1126, 1, FS, V
214.3, 1129, 1, FS, V
214.3, 1145, 1, FS, V
214.4, 1052, 1, RS, V
214.5, 1036, 1, RS, V
214.6, 1097, 1, RS, V
214.6, 1141, 1, FS, V
214.7, 1117, 1, FS, V
214.7, 1128, 1, FS, V
214.8, 1094, 1, RS, V
214.8, 1140, 1, FS, V
214.9, 1144, 1, FS, V
215, 1127, 1, FS, V
215.2, 1070, 1, RS, V
215.4, 1051, 1, RS, V
215.4, 1067, 1, RS, V
215.4, 1084, 1, RS, V
215.4, 1105, 1, RS, V
215.4, 1137, 1, FS, V
215.6, 1073, 1, RS, V
215.6, 1100, 1, RS, V
215.7, 1071, 1, RS, V
215.8, 1101, 1, RS, V
215.8, 1107, 1, RS, V
215.9, 1092, 1, RS, V
215.9, 1120, 1, FS, V
216.1, 1099, 1, RS, V
216.1, 1125, 1, FS, V
216.1, 1142, 1, FS, V
216.3, 1132, 1, FS, V
216.5, 1131, 1, FS, V
216.7, 1133, 1, FS, V
218, 1122, 1, FS, V
218.4, 1908, 2, LTS, V
218.6, 1123, 1, FS, V
218.6, 1144, 1, FS, V
218.7, 1118, 1, FS, V
219, 1116, 1, FS, V
219.3, 1121, 1, FS, V
219.4, 1120, 1, FS, V
219.4, 3443, 4, LTS, V
219.5, 1135, 1, FS, V
219.6, 1130, 1, FS, V
219.7, 1138, 1, FS, V
219.8, 1127, 1, FS, V
220.1, 1146, 1, FS, V
220.1, 3431, 4, LTS, V
220.4, 1141, 1, FS, V
220.5, 1139, 1, FS, V
220.6, 1117, 1, FS, V
220.6, 1124, 1, FS, V
220.6, 1126, 1, FS, V
220.9, 1145, 1, FS, V
221, 1134, 1, FS, V
221, 1921, 2, LTS, V
221.2, 1128, 1, FS, V
221.2, 1143, 1, FS, V
221.4, 2675, 3, LTS, V
223, 1136, 1, FS, V
223, 1877, 2, FS, V
223.2, 1142, 1, FS, V
223.3, 1144, 1, FS, V
223.7, 1890, 2, FS, V
224.7, 1900, 2, FS, V
225.8, 387, 0, LTS, V
226.5, 1919, 2, LTS, V
226.7, 1913, 2, LTS, V
227, 3434, 4, LTS, V
227.4, 2669, 3, LTS, V
227.7, 2670, 3, LTS, V
228.1, 1118, 1, FS, V
228.8, 360, 0, FS, V
230, 386, 0, LTS, V
231.8, 2676, 3, LTS, V
232.2, 399, 0, LTS, V
232.5, 1912, 2, LTS, V
233.3, 2677, 3, LTS, V
233.9, 2674, 3, LTS, V
235.3, 3430, 4, LTS, V
236.9, 391, 0, LTS, V
239.6, 2680, 3, LTS, V
239.8, 393, 0, LTS, V
240.3, 3442, 4, LTS, V
242.4, 2673, 3, LTS, V
250.4, 3433, 4, LTS, V
250.9, 1160, 1, LTS, V
253.5, 1148, 1, LTS, V
255, 3439, 4, LTS, V
260.9, 1154, 1, LTS, V
265.1, 1158, 1, LTS, V
265.1, 3437, 4, LTS, V
269.8, 396, 0, LTS, V
270.8, 1147, 1, LTS, V
279.3, 1920, 2, LTS, V
285.8, 390, 0, LTS, V
288, 1151, 1, LTS, V
290.8, 1152, 1, LTS, V
298, 1909, 2, LTS, V
298.3, 1908, 2, LTS, V
300.1, 3432, 4, LTS, V
302.8, 386, 0, LTS, V
306.5, 3441, 4, LTS, V
306.5, 3443, 4, LTS, V
310.5, 389, 0, LTS, V
313.7, 3455, 4, IB, V
315.1, 2682, 3, LTS, V
318.5, 1148, 1, LTS, V
323.8, 1917, 2, LTS, V
324.6, 1155, 1, LTS, V
325.2, 393, 0, LTS, V
326, 2678, 3, LTS, V
326.1, 3448, 4, IB, V
329.2, 3448, 4, IB, V
329.5, 3391, 4, RS, V
329.9, 3430, 4, LTS, V
330.6, 3434, 4, LTS, V
335.2, 422, 0, IB, V
335.5, 2670, 3, LTS, V
336, 3442, 4, LTS, V
336.7, 3475, 4, IB, V
337.5, 2675, 3, LTS, V
339.7, 2698, 3, IB, V
341.9, 1915, 2, LTS, V
344.6, 2558, 3, RS, V
346.2, 387, 0, LTS, V
348.4, 2712, 3, IB, V
349.7, 394, 0, LTS, V
358.2, 1151, 1, LTS, V
361.2, 1850, 2, RS, V
361.2, 2669, 3, LTS, V
363.1, 1147, 1, LTS, V
363.6, 391, 0, LTS, V
364.7, 1096, 1, RS, V
366.1, 1798, 2, RS, V
366.7, 2608, 3, RS, V
368.6, 399, 0, LTS, V
370.4, 3435, 4, LTS, V
371.8, 2673, 3, LTS, V
372.3, 1809, 2, RS, V
374.1, 3431, 4, LTS, V
375.6, 1857, 2, RS, V
376.2, 1877, 2, FS, V
376.3, 1173, 1, IB, V
379.8, 351, 0, RS, V
381.5, 406, 0, IB, V
387.2, 1156, 1, LTS, V
387.2, 1939, 2, IB, V
388.4, 1908, 2, LTS, V
388.6, 3434, 4, LTS, V
389.9, 1148, 1, LTS, V
391.6, 2632, 3, RS, V
393.1, 1826, 2, RS, V
395.3, 396, 0, LTS, V
397.4, 1160, 1, LTS, V
397.9, 1918, 2, LTS, V
398.1, 1172, 1, IB, V
398.3, 3439, 4, LTS, V
398.8, 313, 0, RS, V
403.1, 386, 0, LTS, V
403.4, 2561, 3, RS, V
405.1, 427, 0, IB, V
405.3, 3389, 4, RS, V
406.2, 3438, 4, LTS, V
406.9, 3336, 4, RS, V
407.2, 1040, 1, RS, V
409.7, 1938, 2, IB, V
411.1, 3354, 4, RS, V
411.2, 2682, 3, LTS, V
411.7, 393, 0, LTS, V
412.1, 1102, 1, RS, V
413, 1916, 2, LTS, V
414.9, 1153, 1, LTS, V
415.4, 392, 0, LTS, V
415.5, 3437, 4, LTS, V
420.8, 1165, 1, IB, V
420.9, 341, 0, RS, V
422, 3401, 4, FS, V
422.1, 1076, 1, RS, V
422.8, 1919, 2, LTS, V
427, 272, 0, RS, V
427.9, 2575, 3, RS, V
428.5, 1900, 2, FS, V
430.9, 398, 0, LTS, V
433.7, 3316, 4, RS, V
434.5, 1950, 2, IB, V
435.7, 394, 0, LTS, V
437.6, 387, 0, LTS, V
437.8, 304, 0, RS, V
441.3, 2676, 3, LTS, V
442, 395, 0, LTS, V
444.1, 1155, 1, LTS, V
446.2, 410, 0, IB, V
446.8, 2680, 3, LTS, V
447.8, 1036, 1, RS, V
448.4, 1047, 1, RS, V
449.6, 2672, 3, LTS, V
449.9, 408, 0, IB, V
450.2, 1941, 2, IB, V
451, 424, 0, IB, V
451.1, 327, 0, RS, V
451.5, 399, 0, LTS, V
452.6, 3326, 4, RS, V
452.9, 1911, 2, LTS, V
454.9, 3392, 4, RS, V
456.2, 1909, 2, LTS, V
457.3, 3443, 4, LTS, V
458, 1147, 1, LTS, V
459.9, 400, 0, IB, V
461.5, 1157, 1, LTS, V
462.6, 2628, 3, RS, V
464.2, 1160, 1, LTS, V
466, 3470, 4, IB, V
466.9, 2669, 3, LTS, V
468.1, 1044, 1, RS, V
470.8, 1917, 2, LTS, V
472.7, 1801, 2, RS, V
472.9, 404, 0, IB, V
479.9, 2663, 3, FS, V
480.6, 1908, 2, LTS, V
480.9, 411, 0, IB, V
482, 3398, 4, RS, V
482.6, 3320, 4, RS, V
486.3, 3431, 4, LTS, V
489.5, 1077, 1, RS, V
490.9, 338, 0, RS, V
493.3, 2708, 3, IB, V
497, 3473, 4, IB, V
499.8, 3376, 4, RS, V
500.5, 1918, 2, LTS, V
503.9, 3430, 4, LTS, V
508.5, 1162, 1, IB, V
508.7, 1083, 1, RS, V
511.5, 2595, 3, RS, V
514.4, 393, 0, LTS, V
514.6, 325, 0, RS, V
515.3, 1159, 1, LTS, V
517.3, 3441, 4, LTS, V
519.3, 1109, 1, RS, V
519.9, 425, 0, IB, V
521.3, 2682, 3, LTS, V
527, 386, 0, LTS, V
528.3, 321, 0, RS, V
528.7, 1148, 1, LTS, V
528.7, 1150, 1, LTS, V
532.4, 2691, 3, IB, V
533.2, 1153, 1, LTS, V
537.9, 2677, 3, LTS, V
538.9, 1160, 1, LTS, V
539.1, 3342, 4, RS, V
539.7, 2602, 3, RS, V
540.4, 1846, 2, RS, V
540.5, 3437, 4, LTS, V
540.6, 1056, 1, RS, V
540.9, 2593, 3, RS, V
540.9, 3442, 4, LTS, V
542.8, 1925, 2, IB, V
544.3, 2684, 3, IB, V
545.1, 2556, 3, RS, V
545.4, 1192, 1, IB, V
546.1, 2676, 3, LTS, V
546.5, 315, 0, RS, V
549.9, 2712, 3, IB, V
550.1, 1800, 2, RS, V
550.6, 1922, 2, IB, V
553.9, 3341, 4, RS, V
556.9, 3467, 4, IB, V
557.1, 396, 0, LTS, V
559.6, 1796, 2, RS, V
559.8, 3439, 4, LTS, V
561.2, 2625, 3, RS, V
563.1, 390, 0, LTS, V
563.1, 395, 0, LTS, V
563.3, 2675, 3, LTS, V
565, 1191, 1, IB, V
565.8, 2630, 3, RS, V
565.9, 2705, 3, IB, V
566.4, 1147, 1, LTS, V
566.7, 337, 0, RS, V
566.7, 1166, 1, IB, V
566.7, 2596, 3, RS, V
567.1, 332, 0, RS, V
568.1, 279, 0, RS, V
568.9, 3366, 4, RS, V
570.3, 1908, 2, LTS, V
571.7, 1054, 1, RS, V
572.6, 3364, 4, RS, V
574.4, 3436, 4, LTS, V
574.5, 3415, 4, FS, V
575.3, 397, 0, LTS, V
575.4, 1156, 1, LTS, V
575.7, 1919, 2, LTS, V
576.3, 3430, 4, LTS, V
576.9, 2670, 3, LTS, V
577, 1909, 2, LTS, V
577.2, 1939, 2, IB, V
577.5, 2672, 3, LTS, V
577.5, 3449, 4, IB, V
578, 399, 0, LTS, V
579, 394, 0, LTS, V
579, 1190, 1, IB, V
579.4, 1891, 2, FS, V
579.8, 1154, 1, LTS, V
580.1, 1924, 2, IB, V
581.8, 3450, 4, IB, V
582, 3462, 4, IB, V
584.7, 1915, 2, LTS, V
587.1, 2686, 3, IB, V
587.2, 2682, 3, LTS, V
587.7, 2703, 3, IB, V
588.9, 2570, 3, RS, V
591.1, 3460, 4, IB, V
592.9, 2702, 3, IB, V
594.6, 3463, 4, IB, V
595.4, 1795, 2, RS, V
596.1, 1855, 2, RS, V
596.1, 2713, 3, IB, V
596.7, 1934, 2, IB, V
596.7, 3443, 4, LTS, V
597.5, 1037, 1, RS, V
598.4, 2648, 3, FS, V
598.4, 2669, 3, LTS, V
598.8, 2618, 3, RS, V
599.2, 1036, 1, RS, V
599.7, 1155, 1, LTS, V
600, 2599, 3, RS, V
601.5, 1151, 1, LTS, V
604.1, 3370, 4, RS, V
605.7, 3446, 4, IB, V
605.8, 275, 0, RS, V
609.7, 1077, 1, RS, V
610, 1853, 2, RS, V
611.5, 1843, 2, RS, V
614.6, 1938, 2, IB, V
616.3, 3374, 4, RS, V
616.7, 3431, 4, LTS, V
617.1, 3369, 4, RS, V
617.3, 3453, 4, IB, V
617.4, 387, 0, LTS, V
617.9, 1950, 2, IB, V
618.9, 2575, 3, RS, V
625.9, 1946, 2, IB, V
627.4, 1097, 1, RS, V
627.7, 1894, 2, FS, V
629.5, 2671, 3, LTS, V
631.7, 3455, 4, IB, V
632.9, 2635, 3, RS, V
634.1, 3356, 4, RS, V
634.3, 1936, 2, IB, V
634.6, 414, 0, IB, V
637.5, 2604, 3, RS, V
638.5, 409, 0, IB, V
639.3, 2578, 3, RS, V
639.3, 3325, 4, RS, V
640.6, 3335, 4, RS, V
644.6, 1921, 2, LTS, V
646.9, 2689, 3, IB, V
648.1, 2684, 3, IB, V
648.3, 3384, 4, RS, V
649.5, 1147, 1, LTS, V
652.9, 1907, 2, FS, V
653, 2691, 3, IB, V
653.5, 1870, 2, RS, V
653.8, 3438, 4, LTS, V
654.1, 393, 0, LTS, V
655.2, 1929, 2, IB, V
655.8, 306, 0, RS, V
657.1, 1089, 1, RS, V
658.3, 3394, 4, RS, V
658.7, 1160, 1, LTS, V
659.2, 398, 0, LTS, V
661.4, 3389, 4, RS, V
662.7, 2566, 3, RS, V
663.1, 2706, 3, IB, V
663.3, 1842, 2, RS, V
663.6, 3443, 4, LTS, V
663.9, 1171, 1, IB, V
665.1, 1148, 1, LTS, V
665.8, 3437, 4, LTS, V
666.1, 2563, 3, RS, V
667.4, 2589, 3, RS, V
667.7, 1827, 2, RS, V
668.6, 2700, 3, IB, V
669, 426, 0, IB, V
676.5, 1154, 1, LTS, V
677, 2567, 3, RS, V
677.2, 2681, 3, LTS, V
677.8, 1103, 1, RS, V
677.9, 2676, 3, LTS, V
679.5, 1835, 2, RS, V
683, 2586, 3, RS, V
684, 344, 0, RS, V
684.3, 1086, 1, RS, V
687.2, 3470, 4, IB, V
688.1, 353, 0, RS, V
688.2, 361, 0, FS, V
689.5, 293, 0, RS, V
691.2, 1150, 1, LTS, V
692.2, 352, 0, RS, V
693, 1117, 1, FS, V
693.4, 1802, 2, RS, V
694, 2596, 3, RS, V
694.4, 2620, 3, RS, V
694.6, 2600, 3, RS, V
694.8, 2693, 3, IB, V
695.1, 1111, 1, RS, V
695.3, 2677, 3, LTS, V
696.4, 323, 0, RS, V
696.7, 1916, 2, LTS, V
697.3, 399, 0, LTS, V
697.4, 2673, 3, LTS, V
697.6, 1049, 1, RS, V
699.2, 2712, 3, IB, V
699.8, 310, 0, RS, V
702.7, 2690, 3, IB, V
702.8, 1915, 2, LTS, V
703.5, 3323, 4, RS, V
703.6, 2694, 3, IB, V
703.7, 276, 0, RS, V
703.8, 2591, 3, RS, V
705.7, 3430, 4, LTS, V
707.7, 3317, 4, RS, V
707.8, 3441, 4, LTS, V
710.2, 393, 0, LTS, V
713, 2613, 3, RS, V
713.6, 1922, 2, IB, V
715.8, 3361, 4, RS, V
716.9, 3431, 4, LTS, V
717.1, 2598, 3, RS, V
718.5, 1147, 1, LTS, V
718.8, 1858, 2, RS, V
719.1, 1849, 2, RS, V
720.2, 1931, 2, IB, V
721.3, 311, 0, RS, V
721.5, 1181, 1, IB, V
723, 3392, 4, RS, V
723.1, 2568, 3, RS, V
726.2, 2682, 3, LTS, V
726.5, 2626, 3, RS, V
727.8, 2670, 3, LTS, V
728, 2583, 3, RS, V
728.5, 2624, 3, RS, V
728.8, 2696, 3, IB, V
730.4, 2669, 3, LTS, V
731, 1909, 2, LTS, V
732, 3330, 4, RS, V
734.2, 1814, 2, RS, V
734.3, 2579, 3, RS, V
735.4, 2582, 3, RS, V
735.5, 1095, 1, RS, V
736.2, 2710, 3, IB, V
737.9, 1804, 2, RS, V
738.7, 2695, 3, IB, V
739.8, 1155, 1, LTS, V
740.7, 2570, 3, RS, V
741.3, 3435, 4, LTS, V
742.5, 2648, 3, FS, V
746.1, 3442, 4, LTS, V
749.7, 1934, 2, IB, V
749.9, 1823, 2, RS, V
751.9, 3446, 4, IB, V
751.9, 3469, 4, IB, V
752.1, 1059, 1, RS, V
752.7, 1939, 2, IB, V
753.6, 1817, 2, RS, V
753.9, 316, 0, RS, V
754.3, 1832, 2, RS, V
755.2, 2676, 3, LTS, V
755.2, 2707, 3, IB, V
756.3, 1867, 2, RS, V
756.4, 3327, 4, RS, V
758, 397, 0, LTS, V
760.4, 1126, 1, FS, V
761.1, 3329, 4, RS, V
762, 3457, 4, IB, V
763.5, 2585, 3, RS, V
764.7, 1857, 2, RS, V
764.7, 3439, 4, LTS, V
766.2, 1090, 1, RS, V
766.2, 1918, 2, LTS, V
766.3, 3449, 4, IB, V
768, 1837, 2, RS, V
768.2, 3374, 4, RS, V
768.4, 1947, 2, IB, V
768.4, 3443, 4, LTS, V
768.9, 1921, 2, LTS, V
770.1, 1914, 2, LTS, V
770.4, 1154, 1, LTS, V
771.1, 3434, 4, LTS, V
774.5, 1915, 2, LTS, V
776.6, 1893, 2, FS, V
777.2, 1879, 2, FS, V
779.5, 395, 0, LTS, V
780.7, 1035, 1, RS, V
780.8, 1948, 2, IB, V
782.2, 2680, 3, LTS, V
782.5, 2687, 3, IB, V
784.1, 329, 0, RS, V
784.4, 275, 0, RS, V
785.2, 3473, 4, IB, V
789.1, 3472, 4, IB, V
790.8, 272, 0, RS, V
791, 2684, 3, IB, V
792.3, 3438, 4, LTS, V
792.6, 1829, 2, RS, V
792.8, 3322, 4, RS, V
793.3, 399, 0, LTS, V
794.2, 3436, 4, LTS, V
794.4, 3383, 4, RS, V
794.7, 403, 0, IB, V
795.2, 1160, 1, LTS, V
797.5, 1058, 1, RS, V
798.5, 1156, 1, LTS, V
799, 2623, 3, RS, V
800.7, 1908, 2, LTS, V
800.9, 394, 0, LTS, V
802.8, 419, 0, IB, V
802.8, 1911, 2, LTS, V
803.9, 2616, 3, RS, V
804.4, 375, 0, FS, V
804.5, 3445, 4, IB, V
805.6, 2565, 3, RS, V
805.7, 1096, 1, RS, V
806.1, 1071, 1, RS, V
806.7, 409, 0, IB, V
806.8, 3437, 4, LTS, V
807.4, 1951, 2, IB, V
808.8, 413, 0, IB, V
813.6, 423, 0, IB, V
816, 2686, 3, IB, V
816.1, 429, 0, IB, V
816.6, 1907, 2, FS, V
816.7, 1871, 2, RS, V
816.7, 3326, 4, RS, V
817.4, 2681, 3, LTS, V
817.7, 1860, 2, RS, V
818.4, 289, 0, RS, V
818.4, 2598, 3, RS, V
819.5, 1115, 1, RS, V
820.8, 1916, 2, LTS, V
821, 387, 0, LTS, V
821.2, 386, 0, LTS, V
822.7, 2569, 3, RS, V
823.3, 1868, 2, RS, V
823.5, 1827, 2, RS, V
824.3, 1045, 1, RS, V
824.3, 3334, 4, RS, V
824.7, 3431, 4, LTS, V
825, 1909, 2, LTS, V
826.4, 1177, 1, IB, V
827.7, 1147, 1, LTS, V
828.4, 393, 0, LTS, V
829.1, 285, 0, RS, V
829.5, 1826, 2, RS, V
832.7, 392, 0, LTS, V
833.6, 290, 0, RS, V
835.6, 1046, 1, RS, V
836.9, 3357, 4, RS, V
837.8, 328, 0, RS, V
838.4, 1926, 2, IB, V
840.1, 3430, 4, LTS, V
840.3, 2669, 3, LTS, V
841.8, 2606, 3, RS, V
845.2, 1921, 2, LTS, V
847.4, 2698, 3, IB, V
851.9, 3347, 4, RS, V
852.1, 1917, 2, LTS, V
854.5, 1804, 2, RS, V
854.8, 1042, 1, RS, V
855.3, 3441, 4, LTS, V
855.5, 2676, 3, LTS, V
855.5, 3381, 4, RS, V
857.2, 397, 0, LTS, V
859.1, 1075, 1, RS, V
861.2, 1920, 2, LTS, V
862, 3405, 4, FS, V
862.7, 299, 0, RS, V
864.3, 3386, 4, RS, V
864.7, 2685, 3, IB, V
864.8, 3336, 4, RS, V
866.5, 389, 0, LTS, V
868.7, 1846, 2, RS, V
869.6, 3460, 4, IB, V
870, 1155, 1, LTS, V
871, 2636, 3, RS, V
871.1, 2637, 3, RS, V
872.9, 300, 0, RS, V
874.2, 390, 0, LTS, V
877.8, 3341, 4, RS, V
878.2, 1848, 2, RS, V
880.2, 1907, 2, FS, V
880.8, 2673, 3, LTS, V
881.5, 2595, 3, RS, V
883.3, 2596, 3, RS, V
884.3, 2672, 3, LTS, V
884.7, 1933, 2, IB, V
885.1, 3344, 4, RS, V
885.3, 1807, 2, RS, V
886.4, 1160, 1, LTS, V
886.8, 3443, 4, LTS, V
888.2, 1111, 1, RS, V
888.3, 293, 0, RS, V
888.3, 3468, 4, IB, V
889.8, 1191, 1, IB, V
891.5, 3365, 4, RS, V
891.9, 2682, 3, LTS, V
893.1, 2695, 3, IB, V
893.4, 3414, 4, FS, V
894.9, 1149, 1, LTS, V
895.7, 3382, 4, RS, V
895.8, 1806, 2, RS, V
896.6, 399, 0, LTS, V
897.3, 1062, 1, RS, V
897.9, 1107, 1, RS, V
898.4, 1931, 2, IB, V
898.6, 2674, 3, LTS, V
899.2, 1092, 1, RS, V
900.2, 320, 0, RS, V
900.2, 3437, 4, LTS, V
901.1, 1952, 2, IB, V
902.9, 3345, 4, RS, V
905.2, 3349, 4, RS, V
905.5, 1814, 2, RS, V
905.7, 286, 0, RS, V
906.6, 1795, 2, RS, V
906.9, 2631, 3, RS, V
907.9, 1039, 1, RS, V
907.9, 3343, 4, RS, V
908.2, 3431, 4, LTS, V
909.4, 1136, 1, FS, V
910.9, 1057, 1, RS, V
911, 386, 0, LTS, V
911.6, 1946, 2, IB, V
912.8, 2670, 3, LTS, V
913.3, 1185, 1, IB, V
913.5, 3318, 4, RS, V
915.5, 3447, 4, IB, V
917, 3383, 4, RS, V
917.1, 338, 0, RS, V
917.2, 2702, 3, IB, V
917.4, 1862, 2, RS, V
917.7, 2622, 3, RS, V
918, 1897, 2, FS, V
919.2, 387, 0, LTS, V
920.4, 3458, 4, IB, V
921.7, 3419, 4, FS, V
921.8, 2613, 3, RS, V
922, 393, 0, LTS, V
922, 1936, 2, IB, V
922.4, 1915, 2, LTS, V
922.6, 321, 0, RS, V
923.3, 2609, 3, RS, V
924.8, 3458, 4, IB, V
926.2, 3350, 4, RS, V
927.4, 2697, 3, IB, V
927.7, 2696, 3, IB, V
927.8, 2555, 3, RS, V
928, 3397, 4, RS, V
928.4, 1043, 1, RS, V
928.4, 1072, 1, RS, V
928.8, 3354, 4, RS, V
928.9, 3391, 4, RS, V
929.5, 3409, 4, FS, V
930.4, 1066, 1, RS, V
930.4, 3438, 4, LTS, V
930.9, 1912, 2, LTS, V
932.6, 1833, 2, RS, V
932.9, 375, 0, FS, V
932.9, 1104, 1, RS, V
933.1, 1916, 2, LTS, V
933.1, 2686, 3, IB, V
933.3, 1033, 1, RS, V
934.2, 3328, 4, RS, V
934.3, 2655, 3, FS, V
934.7, 3434, 4, LTS, V
935.6, 407, 0, IB, V
935.9, 3461, 4, IB, V
936.4, 2677, 3, LTS, V
936.7, 1921, 2, LTS, V
936.9, 1930, 2, IB, V
937.3, 2705, 3, IB, V
937.5, 2578, 3, RS, V
939.2, 2592, 3, RS, V
939.2, 2684, 3, IB, V
941.1, 1101, 1, RS, V
941.6, 1813, 2, RS, V
942.6, 344, 0, RS, V
942.8, 3436, 4, LTS, V
943.4, 1951, 2, IB, V
943.8, 1908, 2, LTS, V
944.7, 1948, 2, IB, V
944.8, 1079, 1, RS, V
945.9, 1151, 1, LTS, V
946.1, 1174, 1, IB, V
946.6, 2704, 3, IB, V
947.7, 3388, 4, RS, V
949.1, 1808, 2, RS, V
949.4, 3444, 4, IB, V
950.3, 1896, 2, FS, V
950.3, 2565, 3, RS, V
951.9, 1158, 1, LTS, V
952, 401, 0, IB, V
952.8, 3389, 4, RS, V
952.9, 1923, 2, IB, V
953.4, 1935, 2, IB, V
953.5, 1866, 2, RS, V
953.7, 1940, 2, IB, V
953.8, 1142, 1, FS, V
954.4, 2640, 3, FS, V
954.5, 2589, 3, RS, V
954.7, 3430, 4, LTS, V
955.1, 2612, 3, RS, V
955.2, 2682, 3, LTS, V
956.2, 395, 0, LTS, V
956.7, 315, 0, RS, V
957, 333, 0, RS, V
957.1, 3450, 4, IB, V
957.5, 1148, 1, LTS, V
958.5, 2556, 3, RS, V
959.1, 1924, 2, IB, V
959.7, 1927, 2, IB, V
960.1, 2568, 3, RS, V
961.1, 1875, 2, RS, V
961.2, 1819, 2, RS, V
961.3, 1084, 1, RS, V
961.4, 1073, 1, RS, V
961.4, 1847, 2, RS, V
961.5, 1839, 2, RS, V
962.9, 1892, 2, FS, V
963.1, 1842, 2, RS, V
963.2, 1055, 1, RS, V
963.3, 3395, 4, RS, V
963.5, 1817, 2, RS, V
963.8, 2566, 3, RS, V
963.9, 295, 0, RS, V
964.6, 1086, 1, RS, V
965, 394, 0, LTS, V
966, 3452, 4, IB, V
967.1, 1860, 2, RS, V
967.2, 1109, 1, RS, V
967.7, 1888, 2, FS, V
968.1, 1803, 2, RS, V
968.2, 1882, 2, FS, V
968.6, 1907, 2, FS, V
969.1, 1934, 2, IB, V
969.2, 314, 0, RS, V
969.4, 3392, 4, RS, V
969.5, 1044, 1, RS, V
969.9, 2714, 3, IB, V
970, 3332, 4, RS, V
970.1, 2574, 3, RS, V
970.9, 416, 0, IB, V
971.9, 2573, 3, RS, V
971.9, 2630, 3, RS, V
972.4, 1180, 1, IB, V
972.5, 1102, 1, RS, V
972.7, 3377, 4, RS, V
973, 1928, 2, IB, V
973.7, 1877, 2, FS, V
974.1, 1144, 1, FS, V
974.3, 1914, 2, LTS, V
974.7, 1166, 1, IB, V
974.9, 1135, 1, FS, V
975, 1913, 2, LTS, V
975.4, 1818, 2, RS, V
975.4, 1887, 2, FS, V
975.8, 2629, 3, RS, V
976, 3352, 4, RS, V
976.2, 1143, 1, FS, V
976.2, 2617, 3, RS, V
976.3, 1068, 1, RS, V
976.3, 1864, 2, RS, V
976.4, 3415, 4, FS, V
976.8, 2669, 3, LTS, V
977.2, 1159, 1, LTS, V
977.6, 1865, 2, RS, V
977.7, 1131, 1, FS, V
978.1, 1898, 2, FS, V
978.5, 1063, 1, RS, V
978.9, 313, 0, RS, V
978.9, 375, 0, FS, V
979.1, 3368, 4, RS, V
979.1, 3443, 4, LTS, V
979.2, 1160, 1, LTS, V
979.2, 2587, 3, RS, V
979.5, 1124, 1, FS, V
979.5, 2583, 3, RS, V
979.7, 2663, 3, FS, V
979.7, 2665, 3, FS, V
979.9, 2650, 3, FS, V
980.1, 1192, 1, IB, V
980.1, 2660, 3, FS, V
980.4, 3414, 4, FS, V
980.7, 2670, 3, LTS, V
980.9, 2653, 3, FS, V
981, 2654, 3, FS, V
981.4, 3367, 4, RS, V
982, 410, 0, IB, V
982.1, 2638, 3, FS, V
982.3, 336, 0, RS, V
982.3, 1947, 2, IB, V
982.3, 2689, 3, IB, V
982.3, 3323, 4, RS, V
982.8, 1858, 2, RS, V
983.1, 1816, 2, RS, V
984.4, 1037, 1, RS, V
984.7, 1085, 1, RS, V
984.8, 3439, 4, LTS, V
984.9, 2605, 3, RS, V
985.3, 2616, 3, RS, V
985.6, 1909, 2, LTS, V
985.6, 2624, 3, RS, V
985.6, 2713, 3, IB, V
985.8, 1076, 1, RS, V
985.8, 1945, 2, IB, V
986.4, 399, 0, LTS, V
986.4, 414, 0, IB, V
986.6, 3442, 4, LTS, V
986.8, 1932, 2, IB, V
987.1, 1179, 1, IB, V
987.4, 3398, 4, RS, V
987.8, 280, 0, RS, V
987.9, 1799, 2, RS, V
988, 1167, 1, IB, V
988, 2562, 3, RS, V
988.3, 1168, 1, IB, V
988.8, 3431, 4, LTS, V
989.3, 346, 0, RS, V
989.5, 2693, 3, IB, V
990.4, 3421, 4, FS, V
990.5, 1851, 2, RS, V
990.7, 1173, 1, IB, V
990.8, 2597, 3, RS, V
991.2, 1936, 2, IB, V
991.8, 1879, 2, FS, V
992.6, 292, 0, RS, V
993.2, 383, 0, FS, V
993.2, 1882, 2, FS, V
993.3, 408, 0, IB, V
993.3, 1061, 1, RS, V
993.6, 2683, 3, IB, V
994.1, 273, 0, RS, V
994.4, 1054, 1, RS, V
994.4, 1890, 2, FS, V
994.5, 3463, 4, IB, V
994.8, 2643, 3, FS, V
994.9, 1929, 2, IB, V
994.9, 1942, 2, IB, V
995.1, 381, 0, FS, V
995.2, 429, 0, IB, V
995.3, 1065, 1, RS, V
995.6, 1070, 1, RS, V
995.7, 322, 0, RS, V
995.7, 1835, 2, RS, V
995.9, 1111, 1, RS, V
996.5, 1797, 2, RS, V
996.6, 1182, 1, IB, V
996.6, 3362, 4, RS, V
996.7, 417, 0, IB, V
996.7, 1953, 2, IB, V
996.9, 1100, 1, RS, V
997.1, 1895, 2, FS, V
997.3, 1899, 2, FS, V
997.5, 2594, 3, RS, V
997.8, 1919, 2, LTS, V
997.9, 1906, 2, FS, V
998, 1941, 2, IB, V
998.2, 393, 0, LTS, V
998.3, 2608, 3, RS, V
998.4, 1907, 2, FS, V
998.6, 1823, 2, RS, V
999.1, 1060, 1, RS, V
999.6, 2691, 3, IB, V
999.7, 1095, 1, RS, V
999.8, 1052, 1, RS, V
999.9, 1058, 1, RS, V
999.9, 1128, 1, FS, V
