15.3, 1160, 1, LTS, V
16.4, 1909, 2, LTS, V
19.4, 393, 0, LTS, V
20.5, 250, 0, LTS, VI
23.8, 535, 0, LTS, IV
27, 1784, 2, LTS, VI
34.7, 2061, 2, LTS, IV
37.2, 2822, 3, LTS, IV
38.2, 2682, 3, LTS, V
44.3, 1296, 1, LTS, IV
50, 387, 0, LTS, V
56.1, 2060, 2, LTS, IV
59.8, 2280, 2, LTS, III
63.8, 1783, 2, LTS, VI
65.1, 3804, 4, LTS, III
71.6, 389, 0, LTS, V
72.2, 3437, 4, LTS, V
78.5, 2541, 3, LTS, VI
83.1, 3431, 4, LTS, V
83.5, 1774, 2, LTS, VI
84.5, 2545, 3, LTS, VI
88.3, 1154, 1, LTS, V
94.5, 1299, 1, LTS, IV
95, 386, 0, LTS, V
99.6, 3041, 3, LTS, III
102, 399, 0, LTS, V
103.5, 2676, 3, LTS, V
107, 1195, 1, RS, IV
108.3, 1249, 1, RS, IV
108.4, 1198, 1, RS, IV
108.8, 1221, 1, RS, IV
109.1, 1260, 1, RS, IV
109.2, 1201, 1, RS, IV
109.5, 1268, 1, RS, IV
109.8, 1222, 1, RS, IV
110.1, 1255, 1, RS, IV
110.3, 1278, 1, FS, IV
110.5, 1206, 1, RS, IV
112.4, 1275, 1, FS, IV
112.8, 1147, 1, LTS, V
112.8, 1293, 1, FS, IV
112.9, 1272, 1, FS, IV
113, 1228, 1, RS, IV
113.4, 1283, 1, FS, IV
113.6, 1279, 1, FS, IV
113.7, 1262, 1, RS, IV
113.8, 1280, 1, FS, IV
114.1, 1290, 1, FS, IV
114.2, 1294, 1, FS, IV
114.3, 1292, 1, FS, IV
114.6, 1276, 1, FS, IV
114.6, 1277, 1, FS, IV
114.8, 1281, 1, FS, IV
114.9, 1300, 1, LTS, IV
115.3, 1284, 1, FS, IV
115.5, 534, 0, FS, IV
115.6, 1287, 1, FS, IV
115.8, 1334, 1, RS, III
116, 517, 0, FS, IV
116.1, 1237, 1, RS, IV
116.3, 3302, 4, LTS, VI
116.7, 511, 0, FS, IV
116.8, 1370, 1, RS, III
117, 1450, 1, RS, III
117.1, 2053, 2, FS, IV
117.1, 2672, 3, LTS, V
117.2, 2046, 2, FS, IV
117.3, 1323, 1, RS, III
117.3, 1420, 1, RS, III
117.3, 2037, 2, FS, IV
117.4, 1297, 1, LTS, IV
117.4, 1410, 1, RS, III
117.5, 1392, 1, RS, III
118.1, 521, 0, FS, IV
118.8, 1358, 1, RS, III
119.1, 1442, 1, RS, III
119.3, 1359, 1, RS, III
119.5, 1285, 1, FS, IV
119.6, 1423, 1, RS, III
120.1, 1397, 1, RS, III
120.2, 1407, 1, RS, III
120.3, 1470, 1, RS, III
120.4, 1431, 1, RS, III
121.4, 1446, 1, RS, III
121.8, 1382, 1, RS, III
122.2, 1381, 1, RS, III
122.5, 1434, 1, RS, III
123.2, 1325, 1, RS, III
123.3, 1092, 1, RS, V
123.3, 1408, 1, RS, III
123.9, 1318, 1, RS, III
124, 1421, 1, RS, III
124, 1426, 1, RS, III
124.1, 1100, 1, RS, V
124.3, 1067, 1, RS, V
124.4, 1178, 1, IB, V
124.5, 1445, 1, RS, III
124.6, 1094, 1, RS, V
125, 1068, 1, RS, V
125, 3430, 4, LTS, V
125.1, 1074, 1, RS, V
125.1, 1331, 1, RS, III
125.3, 1041, 1, RS, V
125.3, 1056, 1, RS, V
125.3, 1060, 1, RS, V
125.3, 1097, 1, RS, V
125.4, 1191, 1, IB, V
125.5, 1115, 1, RS, V
125.6, 1187, 1, IB, V
125.6, 1319, 1, RS, III
125.6, 1339, 1, RS, III
125.7, 1167, 1, IB, V
125.8, 1183, 1, IB, V
125.9, 1176, 1, IB, V
125.9, 1411, 1, RS, III
126, 1046, 1, RS, V
126, 1053, 1, RS, V
126.1, 1034, 1, RS, V
126.1, 1424, 1, RS, III
126.1, 1464, 1, RS, III
126.2, 1047, 1, RS, V
126.2, 1080, 1, RS, V
126.2, 1098, 1, RS, V
126.2, 1403, 1, RS, III
126.3, 1044, 1, RS, V
126.3, 1162, 1, IB, V
126.4, 1372, 1, RS, III
126.5, 1102, 1, RS, V
126.5, 1173, 1, IB, V
126.5, 1314, 1, RS, III
126.6, 1037, 1, RS, V
126.6, 1105, 1, RS, V
126.6, 1368, 1, RS, III
126.7, 1072, 1, RS, V
126.7, 1184, 1, IB, V
126.8, 1182, 1, IB, V
126.8, 1189, 1, IB, V
126.9, 1076, 1, RS, V
126.9, 1077, 1, RS, V
126.9, 1449, 1, RS, III
127.1, 1181, 1, IB, V
127.1, 1383, 1, RS, III
127.2, 1180, 1, IB, V
127.2, 1312, 1, RS, III
127.3, 1064, 1, RS, V
127.3, 1110, 1, RS, V
127.3, 1417, 1, RS, III
127.4, 1061, 1, RS, V
127.4, 1063, 1, RS, V
127.4, 1111, 1, RS, V
127.4, 1177, 1, IB, V
127.5, 1086, 1, RS, V
127.5, 1090, 1, RS, V
127.5, 1185, 1, IB, V
127.6, 1040, 1, RS, V
127.6, 1107, 1, RS, V
127.8, 1057, 1, RS, V
127.8, 1190, 1, IB, V
127.8, 1192, 1, IB, V
127.8, 1367, 1, RS, III
127.9, 1051, 1, RS, V
127.9, 1065, 1, RS, V
127.9, 1166, 1, IB, V
127.9, 1168, 1, IB, V
128, 1178, 1, IB, V
128, 1390, 1, RS, III
128.1, 1033, 1, RS, V
128.2, 1035, 1, RS, V
128.2, 1039, 1, RS, V
128.2, 1073, 1, RS, V
128.3, 1043, 1, RS, V
128.3, 1052, 1, RS, V
128.3, 1075, 1, RS, V
128.3, 1175, 1, IB, V
128.3, 1310, 1, RS, III
128.3, 1476, 1, FS, III
128.4, 1088, 1, RS, V
128.4, 1171, 1, IB, V
128.5, 1049, 1, RS, V
128.5, 1103, 1, RS, V
128.5, 1108, 1, RS, V
128.5, 1114, 1, RS, V
128.5, 1164, 1, IB, V
128.5, 1481, 1, FS, III
128.6, 1050, 1, RS, V
128.6, 1101, 1, RS, V
128.7, 1055, 1, RS, V
128.7, 1179, 1, IB, V
128.8, 1038, 1, RS, V
128.8, 1058, 1, RS, V
128.8, 1081, 1, RS, V
128.8, 1099, 1, RS, V
128.8, 1429, 1, RS, III
128.8, 1497, 1, FS, III
128.9, 1079, 1, RS, V
129, 1069, 1, RS, V
129.1, 1169, 1, IB, V
129.1, 1174, 1, IB, V
129.2, 1085, 1, RS, V
129.2, 1104, 1, RS, V
129.2, 1187, 1, IB, V
129.3, 1036, 1, RS, V
129.3, 1048, 1, RS, V
129.3, 1054, 1, RS, V
129.3, 1176, 1, IB, V
129.3, 1186, 1, IB, V
129.3, 1313, 1, RS, III
129.3, 1396, 1, RS, III
129.3, 1477, 1, FS, III
129.4, 1084, 1, RS, V
129.4, 1087, 1, RS, V
129.4, 1106, 1, RS, V
129.4, 1165, 1, IB, V
129.4, 1183, 1, IB, V
129.5, 1091, 1, RS, V
129.5, 1492, 1, FS, III
129.5, 1500, 1, FS, III
129.6, 1070, 1, RS, V
129.6, 1083, 1, RS, V
129.6, 1109, 1, RS, V
129.6, 1113, 1, RS, V
129.6, 1521, 1, LTS, III
129.7, 1364, 1, RS, III
129.8, 1062, 1, RS, V
129.8, 1385, 1, RS, III
129.8, 1498, 1, FS, III
129.9, 1045, 1, RS, V
129.9, 1121, 1, FS, V
129.9, 1124, 1, FS, V
129.9, 1173, 1, IB, V
129.9, 1479, 1, FS, III
130, 1162, 1, IB, V
130, 1405, 1, RS, III
130.1, 1130, 1, FS, V
130.1, 1141, 1, FS, V
130.1, 1182, 1, IB, V
130.1, 1357, 1, RS, III
130.1, 1482, 1, FS, III
130.1, 1488, 1, FS, III
130.2, 1125, 1, FS, V
130.2, 1133, 1, FS, V
130.2, 1184, 1, IB, V
130.2, 1311, 1, RS, III
130.2, 1491, 1, FS, III
130.2, 1514, 1, LTS, III
130.3, 1093, 1, RS, V
130.3, 1126, 1, FS, V
130.3, 1137, 1, FS, V
130.3, 1140, 1, FS, V
130.3, 1188, 1, IB, V
130.3, 1326, 1, RS, III
130.3, 1473, 1, RS, III
130.3, 1480, 1, FS, III
130.3, 1484, 1, FS, III
130.3, 1501, 1, FS, III
130.3, 1513, 1, LTS, III
130.4, 1078, 1, RS, V
130.4, 1117, 1, FS, V
130.4, 1119, 1, FS, V
130.4, 1122, 1, FS, V
130.4, 1127, 1, FS, V
130.4, 1128, 1, FS, V
130.4, 1142, 1, FS, V
130.4, 1143, 1, FS, V
130.4, 1161, 1, IB, V
130.4, 1180, 1, IB, V
130.4, 1181, 1, IB, V
130.4, 1499, 1, FS, III
130.4, 1511, 1, LTS, III
130.5, 1066, 1, RS, V
130.5, 1112, 1, RS, V
130.5, 1131, 1, FS, V
130.5, 1144, 1, FS, V
130.5, 1145, 1, FS, V
130.5, 1170, 1, IB, V
130.5, 1335, 1, RS, III
130.5, 1409, 1, RS, III
130.5, 1435, 1, RS, III
130.5, 1483, 1, FS, III
130.5, 1505, 1, LTS, III
130.6, 715, 0, FS, III
130.6, 1120, 1, FS, V
130.6, 1123, 1, FS, V
130.6, 1134, 1, FS, V
130.6, 1135, 1, FS, V
130.6, 1163, 1, IB, V
130.6, 1487, 1, FS, III
130.7, 1336, 1, RS, III
130.7, 1485, 1, FS, III
130.7, 1506, 1, LTS, III
130.7, 1510, 1, LTS, III
130.7, 1518, 1, LTS, III
130.7, 1519, 1, LTS, III
130.8, 1092, 1, RS, V
130.8, 1100, 1, RS, V
130.8, 1136, 1, FS, V
130.8, 1139, 1, FS, V
130.8, 1425, 1, RS, III
130.8, 1502, 1, LTS, III
130.8, 1516, 1, LTS, III
130.9, 1059, 1, RS, V
130.9, 1067, 1, RS, V
130.9, 1071, 1, RS, V
130.9, 1089, 1, RS, V
130.9, 1095, 1, RS, V
130.9, 1146, 1, FS, V
130.9, 1185, 1, IB, V
130.9, 1374, 1, RS, III
130.9, 1432, 1, RS, III
130.9, 1486, 1, FS, III
130.9, 1493, 1, FS, III
130.9, 1520, 1, LTS, III
130.9, 3443, 4, LTS, V
131, 1172, 1, IB, V
131, 1177, 1, IB, V
131, 1309, 1, RS, III
131, 1515, 1, LTS, III
131.1, 1060, 1, RS, V
131.1, 1118, 1, FS, V
131.1, 1166, 1, IB, V
131.1, 1167, 1, IB, V
131.1, 1365, 1, RS, III
131.1, 1387, 1, RS, III
131.1, 1453, 1, RS, III
131.1, 1495, 1, FS, III
131.2, 1096, 1, RS, V
131.2, 1116, 1, FS, V
131.2, 1129, 1, FS, V
131.2, 1132, 1, FS, V
131.2, 1138, 1, FS, V
131.2, 1168, 1, IB, V
131.2, 1355, 1, RS, III
131.2, 1376, 1, RS, III
131.2, 1391, 1, RS, III
131.2, 1489, 1, FS, III
131.3, 1041, 1, RS, V
131.3, 1192, 1, IB, V
131.3, 1342, 1, RS, III
131.3, 1419, 1, RS, III
131.3, 1437, 1, RS, III
131.3, 1467, 1, RS, III
131.3, 1478, 1, FS, III
131.3, 1503, 1, LTS, III
131.4, 1189, 1, IB, V
131.4, 1190, 1, IB, V
131.4, 1344, 1, RS, III
131.4, 1348, 1, RS, III
131.4, 1371, 1, RS, III
131.4, 1441, 1, RS, III
131.4, 1508, 1, LTS, III
131.5, 1097, 1, RS, V
131.5, 1175, 1, IB, V
131.5, 1343, 1, RS, III
131.5, 1394, 1, RS, III
131.6, 1074, 1, RS, V
131.6, 1082, 1, RS, V
131.6, 1115, 1, RS, V
131.6, 1451, 1, RS, III
131.6, 1455, 1, RS, III
131.6, 1494, 1, FS, III
131.6, 1497, 1, FS, III
131.7, 1346, 1, RS, III
131.7, 1369, 1, RS, III
131.7, 1386, 1, RS, III
131.7, 1475, 1, RS, III
131.7, 1504, 1, LTS, III
131.8, 1068, 1, RS, V
131.8, 1164, 1, IB, V
131.8, 1303, 1, LTS, IV
131.8, 1329, 1, RS, III
131.8, 1438, 1, RS, III
131.9, 1056, 1, RS, V
131.9, 1317, 1, RS, III
131.9, 1395, 1, RS, III
131.9, 1509, 1, LTS, III
131.9, 1517, 1, LTS, III
132, 1034, 1, RS, V
132, 1046, 1, RS, V
132, 1047, 1, RS, V
132, 1053, 1, RS, V
132, 1171, 1, IB, V
132, 1178, 1, IB, V
132, 1296, 1, LTS, IV
132, 1337, 1, RS, III
132, 1338, 1, RS, III
132, 1349, 1, RS, III
132, 1477, 1, FS, III
132, 1507, 1, LTS, III
132.1, 1094, 1, RS, V
132.1, 1179, 1, IB, V
132.1, 1191, 1, IB, V
132.1, 1299, 1, LTS, IV
132.1, 1302, 1, LTS, IV
132.1, 1316, 1, RS, III
132.1, 1377, 1, RS, III
132.1, 1430, 1, RS, III
132.1, 3579, 4, LTS, IV
132.2, 1174, 1, IB, V
132.2, 1304, 1, LTS, IV
132.2, 1389, 1, RS, III
132.2, 1415, 1, RS, III
132.2, 1447, 1, RS, III
132.2, 1452, 1, RS, III
132.2, 1466, 1, RS, III
132.3, 1152, 1, LTS, V
132.3, 1418, 1, RS, III
132.3, 1463, 1, RS, III
132.3, 1496, 1, FS, III
132.4, 1037, 1, RS, V
132.4, 1072, 1, RS, V
132.4, 1098, 1, RS, V
132.4, 1176, 1, IB, V
132.4, 1321, 1, RS, III
132.4, 1492, 1, FS, III
132.5, 1165, 1, IB, V
132.5, 1301, 1, LTS, IV
132.5, 1352, 1, RS, III
132.5, 1378, 1, RS, III
132.5, 1404, 1, RS, III
132.5, 1498, 1, FS, III
132.5, 1512, 1, LTS, III
132.5, 1826, 2, RS, V
132.6, 1124, 1, FS, V
132.6, 1169, 1, IB, V
132.6, 1306, 1, LTS, IV
132.6, 1350, 1, RS, III
132.6, 1402, 1, RS, III
132.6, 1476, 1, FS, III
132.6, 1500, 1, FS, III
132.7, 319, 0, RS, V
132.7, 1102, 1, RS, V
132.7, 1187, 1, IB, V
132.7, 1305, 1, LTS, IV
132.8, 737, 0, FS, III
132.8, 1080, 1, RS, V
132.8, 1141, 1, FS, V
132.8, 1362, 1, RS, III
132.8, 1428, 1, RS, III
132.8, 1479, 1, FS, III
132.9, 1044, 1, RS, V
132.9, 1121, 1, FS, V
132.9, 1186, 1, IB, V
132.9, 1270, 1, FS, IV
132.9, 1271, 1, FS, IV
132.9, 1375, 1, RS, III
132.9, 1471, 1, RS, III
132.9, 1893, 2, FS, V
133, 1076, 1, RS, V
133, 1183, 1, IB, V
133, 1488, 1, FS, III
133.1, 1063, 1, RS, V
133.1, 1122, 1, FS, V
133.1, 1130, 1, FS, V
133.1, 1142, 1, FS, V
133.1, 1143, 1, FS, V
133.1, 1277, 1, FS, IV
133.1, 1298, 1, LTS, IV
133.1, 1360, 1, RS, III
133.1, 1416, 1, RS, III
133.1, 1900, 2, FS, V
133.2, 420, 0, IB, V
133.2, 1077, 1, RS, V
133.2, 1105, 1, RS, V
133.2, 1127, 1, FS, V
133.2, 1133, 1, FS, V
133.2, 1491, 1, FS, III
133.2, 1883, 2, FS, V
133.3, 276, 0, RS, V
133.3, 1125, 1, FS, V
133.3, 1140, 1, FS, V
133.3, 1173, 1, IB, V
133.3, 1278, 1, FS, IV
133.3, 1501, 1, FS, III
133.3, 1823, 2, RS, V
133.4, 349, 0, RS, V
133.4, 414, 0, IB, V
133.4, 1061, 1, RS, V
133.4, 1064, 1, RS, V
133.4, 1117, 1, FS, V
133.4, 1126, 1, FS, V
133.4, 1145, 1, FS, V
133.4, 1182, 1, IB, V
133.4, 1280, 1, FS, IV
133.4, 1284, 1, FS, IV
133.4, 1458, 1, RS, III
133.4, 1484, 1, FS, III
133.4, 1804, 2, RS, V
133.5, 360, 0, FS, V
133.5, 369, 0, FS, V
133.5, 1119, 1, FS, V
133.5, 1120, 1, FS, V
133.5, 1128, 1, FS, V
133.5, 1131, 1, FS, V
133.5, 1136, 1, FS, V
133.5, 1137, 1, FS, V
133.5, 1144, 1, FS, V
133.5, 1184, 1, IB, V
133.5, 1279, 1, FS, IV
133.5, 1292, 1, FS, IV
133.5, 1300, 1, LTS, IV
133.5, 1354, 1, RS, III
133.5, 1400, 1, RS, III
133.5, 1433, 1, RS, III
133.6, 291, 0, RS, V
133.6, 309, 0, RS, V
133.6, 1040, 1, RS, V
133.6, 1134, 1, FS, V
133.6, 1135, 1, FS, V
133.6, 1180, 1, IB, V
133.6, 1275, 1, FS, IV
133.6, 1285, 1, FS, IV
133.6, 1288, 1, FS, IV
133.6, 1454, 1, RS, III
133.6, 1457, 1, RS, III
133.6, 1865, 2, RS, V
133.7, 1162, 1, IB, V
133.7, 1181, 1, IB, V
133.7, 1188, 1, IB, V
133.7, 1276, 1, FS, IV
133.7, 1282, 1, FS, IV
133.7, 1297, 1, LTS, IV
133.7, 1398, 1, RS, III
133.7, 1809, 2, RS, V
133.8, 722, 0, FS, III
133.8, 1057, 1, RS, V
133.8, 1123, 1, FS, V
133.8, 1170, 1, IB, V
133.8, 1474, 1, RS, III
133.8, 1486, 1, FS, III
133.8, 1490, 1, FS, III
133.9, 373, 0, FS, V
133.9, 740, 0, FS, III
133.9, 1118, 1, FS, V
133.9, 1139, 1, FS, V
133.9, 1482, 1, FS, III
133.9, 1485, 1, FS, III
134, 1116, 1, FS, V
134, 1289, 1, FS, IV
134, 1295, 1, FS, IV
134, 1480, 1, FS, III
134, 1874, 2, RS, V
134, 2241, 2, FS, III
134, 2248, 2, FS, III
134, 2255, 2, FS, III
134, 2256, 2, FS, III
134.1, 365, 0, FS, V
134.1, 1033, 1, RS, V
134.1, 1110, 1, RS, V
134.1, 1111, 1, RS, V
134.1, 1161, 1, IB, V
134.1, 1294, 1, FS, IV
134.1, 1888, 2, FS, V
134.1, 1927, 2, IB, V
134.2, 382, 0, FS, V
134.2, 410, 0, IB, V
134.2, 1065, 1, RS, V
134.2, 1075, 1, RS, V
134.2, 1163, 1, IB, V
134.2, 1172, 1, IB, V
134.2, 1281, 1, FS, IV
134.2, 1499, 1, FS, III
134.2, 1890, 2, FS, V
134.2, 1902, 2, FS, V
134.2, 2245, 2, FS, III
134.3, 383, 0, FS, V
134.3, 1035, 1, RS, V
134.3, 1086, 1, RS, V
134.3, 1088, 1, RS, V
134.3, 1166, 1, IB, V
134.3, 1185, 1, IB, V
134.3, 1290, 1, FS, IV
134.3, 1413, 1, RS, III
134.3, 1422, 1, RS, III
134.3, 1521, 1, LTS, III
134.3, 1881, 2, FS, V
134.3, 1895, 2, FS, V
134.4, 408, 0, IB, V
134.4, 730, 0, FS, III
134.4, 1052, 1, RS, V
134.4, 1090, 1, RS, V
134.4, 1107, 1, RS, V
134.4, 1132, 1, FS, V
134.4, 1894, 2, FS, V
134.4, 1950, 2, IB, V
134.5, 1039, 1, RS, V
134.5, 1051, 1, RS, V
134.5, 1168, 1, IB, V
134.5, 1287, 1, FS, IV
134.5, 1291, 1, FS, IV
134.5, 1330, 1, RS, III
134.5, 1828, 2, RS, V
134.5, 1838, 2, RS, V
134.6, 315, 0, RS, V
134.6, 1043, 1, RS, V
134.6, 1108, 1, RS, V
134.6, 1167, 1, IB, V
134.6, 1177, 1, IB, V
134.6, 1189, 1, IB, V
134.6, 1273, 1, FS, IV
134.6, 1293, 1, FS, IV
134.6, 1460, 1, RS, III
134.6, 1487, 1, FS, III
134.6, 1495, 1, FS, III
134.6, 1819, 2, RS, V
134.6, 1825, 2, RS, V
134.6, 1905, 2, FS, V
134.6, 1922, 2, IB, V
134.6, 1948, 2, IB, V
134.7, 367, 0, FS, V
134.7, 375, 0, FS, V
134.7, 728, 0, FS, III
134.7, 1175, 1, IB, V
134.7, 1440, 1, RS, III
134.7, 1477, 1, FS, III
134.7, 1892, 2, FS, V
134.7, 1936, 2, IB, V
134.7, 2251, 2, FS, III
134.7, 2253, 2, FS, III
134.8, 372, 0, FS, V
134.8, 380, 0, FS, V
134.8, 1192, 1, IB, V
134.8, 1816, 2, RS, V
134.8, 2239, 2, FS, III
134.8, 2252, 2, FS, III
134.8, 2254, 2, FS, III
134.9, 277, 0, RS, V
134.9, 1049, 1, RS, V
134.9, 1073, 1, RS, V
134.9, 1272, 1, FS, IV
134.9, 1283, 1, FS, IV
134.9, 1505, 1, LTS, III
134.9, 1884, 2, FS, V
134.9, 1898, 2, FS, V
134.9, 1899, 2, FS, V
135, 281, 0, RS, V
135, 357, 0, FS, V
135, 363, 0, FS, V
135, 412, 0, IB, V
135, 422, 0, IB, V
135, 739, 0, FS, III
135, 1042, 1, RS, V
135, 1050, 1, RS, V
135, 1079, 1, RS, V
135, 1085, 1, RS, V
135, 1190, 1, IB, V
135, 1436, 1, RS, III
135, 1891, 2, FS, V
135.1, 308, 0, RS, V
135.1, 361, 0, FS, V
135.1, 384, 0, FS, V
135.1, 724, 0, FS, III
135.1, 727, 0, FS, III
135.1, 1103, 1, RS, V
135.1, 1164, 1, IB, V
135.1, 1274, 1, FS, IV
135.1, 1497, 1, FS, III
135.1, 1896, 2, FS, V
135.2, 362, 0, FS, V
135.2, 370, 0, FS, V
135.2, 1087, 1, RS, V
135.2, 1104, 1, RS, V
135.2, 1106, 1, RS, V
135.2, 1513, 1, LTS, III
135.2, 1878, 2, FS, V
135.2, 1885, 2, FS, V
135.2, 2262, 2, FS, III
135.3, 278, 0, RS, V
135.3, 364, 0, FS, V
135.3, 723, 0, FS, III
135.3, 1174, 1, IB, V
135.3, 2237, 2, FS, III
135.3, 2238, 2, FS, III
135.3, 2250, 2, FS, III
135.4, 314, 0, RS, V
135.4, 427, 0, IB, V
135.4, 1036, 1, RS, V
135.4, 1038, 1, RS, V
135.4, 1069, 1, RS, V
135.4, 1081, 1, RS, V
135.4, 1083, 1, RS, V
135.4, 1101, 1, RS, V
135.4, 1113, 1, RS, V
135.4, 1114, 1, RS, V
135.4, 1191, 1, IB, V
135.4, 1286, 1, FS, IV
135.4, 1877, 2, FS, V
135.4, 1882, 2, FS, V
135.4, 1937, 2, IB, V
135.4, 2246, 2, FS, III
135.4, 2258, 2, FS, III
135.5, 275, 0, RS, V
135.5, 352, 0, RS, V
135.5, 356, 0, FS, V
135.5, 359, 0, FS, V
135.5, 381, 0, FS, V
135.5, 385, 0, FS, V
135.5, 1058, 1, RS, V
135.5, 1176, 1, IB, V
135.5, 1179, 1, IB, V
135.5, 1468, 1, RS, III
135.5, 1494, 1, FS, III
135.5, 1502, 1, LTS, III
135.5, 1511, 1, LTS, III
135.5, 1868, 2, RS, V
135.5, 1879, 2, FS, V
135.5, 1901, 2, FS, V
135.5, 1942, 2, IB, V
135.6, 273, 0, RS, V
135.6, 343, 0, RS, V
135.6, 374, 0, FS, V
135.6, 377, 0, FS, V
135.6, 1055, 1, RS, V
135.6, 1091, 1, RS, V
135.6, 1165, 1, IB, V
135.6, 1171, 1, IB, V
135.6, 1178, 1, IB, V
135.6, 1270, 1, FS, IV
135.6, 1323, 1, RS, III
135.6, 1904, 2, FS, V
135.6, 1934, 2, IB, V
135.6, 1947, 2, IB, V
135.6, 2257, 2, FS, III
135.6, 2261, 2, FS, III
135.7, 402, 0, IB, V
135.7, 1099, 1, RS, V
135.7, 1109, 1, RS, V
135.7, 1439, 1, RS, III
135.7, 1465, 1, RS, III
135.7, 1469, 1, RS, III
135.7, 1951, 2, IB, V
135.7, 1953, 2, IB, V
135.8, 368, 0, FS, V
135.8, 1356, 1, RS, III
135.8, 1506, 1, LTS, III
135.8, 1520, 1, LTS, III
135.8, 1923, 2, IB, V
135.8, 1929, 2, IB, V
135.8, 1932, 2, IB, V
135.8, 1949, 2, IB, V
135.8, 2259, 2, FS, III
135.9, 317, 0, RS, V
135.9, 355, 0, FS, V
135.9, 716, 0, FS, III
135.9, 718, 0, FS, III
135.9, 733, 0, FS, III
135.9, 1045, 1, RS, V
135.9, 1048, 1, RS, V
135.9, 1483, 1, FS, III
135.9, 1945, 2, IB, V
135.9, 2590, 3, RS, V
136, 379, 0, FS, V
136, 719, 0, FS, III
136, 1054, 1, RS, V
136, 1062, 1, RS, V
136, 1084, 1, RS, V
136, 1379, 1, RS, III
136, 1504, 1, LTS, III
136, 1840, 2, RS, V
136, 1844, 2, RS, V
136, 1889, 2, FS, V
136, 1935, 2, IB, V
136.1, 411, 0, IB, V
136.1, 1070, 1, RS, V
136.1, 1169, 1, IB, V
136.1, 1805, 2, RS, V
136.1, 1810, 2, RS, V
136.1, 1848, 2, RS, V
136.1, 1930, 2, IB, V
136.1, 2244, 2, FS, III
136.2, 720, 0, FS, III
136.2, 721, 0, FS, III
136.2, 1187, 1, IB, V
136.2, 1353, 1, RS, III
136.2, 1373, 1, RS, III
136.2, 1860, 2, RS, V
136.2, 2704, 3, IB, V
136.3, 344, 0, RS, V
136.3, 407, 0, IB, V
136.3, 426, 0, IB, V
136.3, 1066, 1, RS, V
136.3, 1093, 1, RS, V
136.3, 1303, 1, LTS, IV
136.3, 1326, 1, RS, III
136.3, 1370, 1, RS, III
136.3, 1508, 1, LTS, III
136.3, 1886, 2, FS, V
136.3, 1931, 2, IB, V
136.3, 2242, 2, FS, III
136.3, 2260, 2, FS, III
136.3, 2684, 3, IB, V
136.4, 366, 0, FS, V
136.4, 378, 0, FS, V
136.4, 734, 0, FS, III
136.4, 1296, 1, LTS, IV
136.4, 1456, 1, RS, III
136.4, 1517, 1, LTS, III
136.4, 1907, 2, FS, V
136.5, 420, 0, IB, V
136.5, 729, 0, FS, III
136.5, 1186, 1, IB, V
136.5, 1271, 1, FS, IV
136.5, 1867, 2, RS, V
136.5, 1928, 2, IB, V
136.5, 1940, 2, IB, V
136.6, 403, 0, IB, V
136.6, 414, 0, IB, V
136.6, 1183, 1, IB, V
136.6, 1299, 1, LTS, IV
136.6, 1322, 1, RS, III
136.6, 1498, 1, FS, III
136.6, 1925, 2, IB, V
136.6, 2240, 2, FS, III
136.7, 322, 0, RS, V
136.7, 327, 0, RS, V
136.7, 405, 0, IB, V
136.7, 736, 0, FS, III
136.7, 746, 0, LTS, III
136.7, 1078, 1, RS, V
136.7, 1112, 1, RS, V
136.7, 1173, 1, IB, V
136.7, 1182, 1, IB, V
136.7, 1909, 2, LTS, V
136.8, 1180, 1, IB, V
136.8, 1184, 1, IB, V
136.8, 1347, 1, RS, III
136.8, 1893, 2, FS, V
136.8, 2249, 2, FS, III
136.8, 2272, 2, LTS, III
136.9, 284, 0, RS, V
136.9, 376, 0, FS, V
136.9, 1060, 1, RS, V
136.9, 1301, 1, LTS, IV
136.9, 1302, 1, LTS, IV
136.9, 1345, 1, RS, III
137, 1181, 1, IB, V
137, 1423, 1, RS, III
137, 1941, 2, IB, V
137, 1943, 2, IB, V
137.1, 371, 0, FS, V
137.1, 423, 0, IB, V
137.1, 429, 0, IB, V
137.1, 738, 0, FS, III
137.1, 1089, 1, RS, V
137.1, 1170, 1, IB, V
137.1, 1188, 1, IB, V
137.1, 1831, 2, RS, V
137.1, 1880, 2, FS, V
137.2, 737, 0, FS, III
137.2, 788, 1, RS, VI
137.2, 1096, 1, RS, V
137.2, 1304, 1, LTS, IV
137.2, 1858, 2, RS, V
137.3, 313, 0, RS, V
137.3, 400, 0, IB, V
137.3, 404, 0, IB, V
137.3, 419, 0, IB, V
137.3, 1041, 1, RS, V
137.3, 1305, 1, LTS, IV
137.3, 1887, 2, FS, V
137.3, 1927, 2, IB, V
137.3, 2245, 2, FS, III
137.3, 2706, 3, IB, V
137.4, 305, 0, RS, V
137.4, 401, 0, IB, V
137.4, 424, 0, IB, V
137.4, 725, 0, FS, III
137.4, 750, 0, LTS, III
137.4, 757, 0, LTS, III
137.4, 818, 1, RS, VI
137.4, 1162, 1, IB, V
137.4, 1172, 1, IB, V
137.4, 1374, 1, RS, III
137.4, 1501, 1, FS, III
137.4, 1883, 2, FS, V
137.5, 318, 0, RS, V
137.5, 417, 0, IB, V
137.5, 731, 0, FS, III
137.5, 732, 0, FS, III
137.5, 1067, 1, RS, V
137.5, 1100, 1, RS, V
137.5, 1166, 1, IB, V
137.5, 1348, 1, RS, III
137.5, 1407, 1, RS, III
137.5, 1438, 1, RS, III
137.5, 1924, 2, IB, V
137.5, 2691, 3, IB, V
137.5, 2695, 3, IB, V
137.6, 1071, 1, RS, V
137.6, 1082, 1, RS, V
137.6, 1092, 1, RS, V
137.6, 1095, 1, RS, V
137.6, 1315, 1, RS, III
137.6, 1916, 2, LTS, V
137.6, 1917, 2, LTS, V
137.6, 2267, 2, LTS, III
137.6, 3005, 3, FS, III
137.7, 295, 0, RS, V
137.7, 1097, 1, RS, V
137.7, 1115, 1, RS, V
137.7, 1185, 1, IB, V
137.7, 1306, 1, LTS, IV
137.7, 1841, 2, RS, V
137.7, 1946, 2, IB, V
137.7, 2266, 2, LTS, III
137.7, 2675, 3, LTS, V
137.7, 2712, 3, IB, V
137.7, 3305, 4, LTS, VI
137.8, 410, 0, IB, V
137.8, 428, 0, IB, V
137.8, 855, 1, RS, VI
137.8, 1047, 1, RS, V
137.8, 1161, 1, IB, V
137.8, 1163, 1, IB, V
137.8, 1168, 1, IB, V
137.8, 1189, 1, IB, V
137.8, 1371, 1, RS, III
137.8, 1485, 1, FS, III
137.8, 1794, 2, RS, V
137.8, 1890, 2, FS, V
137.8, 2277, 2, LTS, III
137.9, 358, 0, FS, V
137.9, 406, 0, IB, V
137.9, 408, 0, IB, V
137.9, 1034, 1, RS, V
137.9, 1175, 1, IB, V
137.9, 1333, 1, RS, III
137.9, 1430, 1, RS, III
137.9, 1872, 2, RS, V
137.9, 1895, 2, FS, V
137.9, 1926, 2, IB, V
137.9, 1936, 2, IB, V
137.9, 2239, 2, FS, III
137.9, 2280, 2, LTS, III
138, 726, 0, FS, III
138, 907, 1, RS, VI
138, 1046, 1, RS, V
138, 1053, 1, RS, V
138, 1376, 1, RS, III
138, 1519, 1, LTS, III
138, 1906, 2, FS, V
138.1, 415, 0, IB, V
138.1, 754, 0, LTS, III
138.1, 1072, 1, RS, V
138.1, 1074, 1, RS, V
138.1, 1167, 1, IB, V
138.2, 330, 0, RS, V
138.2, 373, 0, FS, V
138.2, 744, 0, LTS, III
138.2, 1037, 1, RS, V
138.2, 1177, 1, IB, V
138.2, 1298, 1, LTS, IV
138.2, 1938, 2, IB, V
138.3, 739, 0, FS, III
138.3, 1059, 1, RS, V
138.3, 1192, 1, IB, V
138.3, 1515, 1, LTS, III
138.3, 1922, 2, IB, V
138.3, 2241, 2, FS, III
138.3, 2274, 2, LTS, III
138.4, 354, 0, RS, V
138.4, 717, 0, FS, III
138.4, 751, 0, LTS, III
138.4, 1094, 1, RS, V
138.4, 1164, 1, IB, V
138.4, 1174, 1, IB, V
138.4, 1300, 1, LTS, IV
138.4, 1404, 1, RS, III
138.4, 1948, 2, IB, V
138.4, 2243, 2, FS, III
138.4, 2276, 2, LTS, III
138.5, 409, 0, IB, V
138.5, 779, 1, RS, VI
138.5, 1056, 1, RS, V
138.5, 1914, 2, LTS, V
138.6, 382, 0, FS, V
138.6, 422, 0, IB, V
138.6, 1044, 1, RS, V
138.6, 1068, 1, RS, V
138.6, 1098, 1, RS, V
138.6, 1176, 1, IB, V
138.6, 1190, 1, IB, V
138.6, 1316, 1, RS, III
138.7, 431, 0, IB, V
138.7, 1165, 1, IB, V
138.7, 1191, 1, IB, V
138.7, 2692, 3, IB, V
138.8, 375, 0, FS, V
138.8, 427, 0, IB, V
138.8, 1855, 2, RS, V
138.8, 1900, 2, FS, V
138.8, 1942, 2, IB, V
138.8, 2665, 3, FS, V
138.8, 3013, 3, FS, III
138.9, 412, 0, IB, V
138.9, 1102, 1, RS, V
138.9, 1179, 1, IB, V
138.9, 1888, 2, FS, V
138.9, 2265, 2, LTS, III
139, 285, 0, RS, V
139, 730, 0, FS, III
139, 1803, 2, RS, V
139, 2679, 3, LTS, V
139, 3017, 3, FS, III
139, 3020, 3, FS, III
139.1, 1076, 1, RS, V
139.1, 1462, 1, RS, III
139.1, 1815, 2, RS, V
139.1, 1929, 2, IB, V
139.1, 1944, 2, IB, V
139.1, 3014, 3, FS, III
139.2, 721, 0, FS, III
139.2, 1063, 1, RS, V
139.2, 1171, 1, IB, V
139.2, 1178, 1, IB, V
139.2, 1321, 1, RS, III
139.2, 1945, 2, IB, V
139.2, 1947, 2, IB, V
139.2, 1952, 2, IB, V
139.2, 1953, 2, IB, V
139.2, 2248, 2, FS, III
139.3, 402, 0, IB, V
139.3, 2697, 3, IB, V
139.4, 727, 0, FS, III
139.4, 733, 0, FS, III
139.4, 1061, 1, RS, V
139.4, 1080, 1, RS, V
139.4, 1932, 2, IB, V
139.4, 2594, 3, RS, V
139.4, 2687, 3, IB, V
139.4, 2693, 3, IB, V
139.4, 2708, 3, IB, V
139.4, 3006, 3, FS, III
139.5, 769, 1, RS, VI
139.5, 770, 1, RS, VI
139.5, 864, 1, RS, VI
139.5, 1064, 1, RS, V
139.5, 1077, 1, RS, V
139.5, 1131, 1, FS, V
139.5, 1297, 1, LTS, IV
139.5, 1328, 1, RS, III
139.5, 1372, 1, RS, III
139.5, 1923, 2, IB, V
139.5, 2262, 2, FS, III
139.5, 2705, 3, IB, V
139.6, 1040, 1, RS, V
139.6, 1169, 1, IB, V
139.6, 1332, 1, RS, III
139.6, 1931, 2, IB, V
139.6, 1937, 2, IB, V
139.6, 2580, 3, RS, V
139.6, 2694, 3, IB, V
139.6, 2703, 3, IB, V
139.6, 3022, 3, FS, III
139.7, 743, 0, LTS, III
139.7, 879, 1, RS, VI
139.7, 1187, 1, IB, V
139.7, 1385, 1, RS, III
139.7, 1881, 2, FS, V
139.7, 1939, 2, IB, V
139.7, 2638, 3, FS, V
139.8, 407, 0, IB, V
139.8, 414, 0, IB, V
139.8, 1057, 1, RS, V
139.8, 1105, 1, RS, V
139.8, 1949, 2, IB, V
139.8, 2281, 2, LTS, III
139.8, 3004, 3, FS, III
139.9, 403, 0, IB, V
139.9, 405, 0, IB, V
139.9, 426, 0, IB, V
139.9, 1873, 2, RS, V
139.9, 1925, 2, IB, V
139.9, 2998, 3, FS, III
140, 413, 0, IB, V
140, 860, 1, RS, VI
140, 1180, 1, IB, V
140, 1182, 1, IB, V
140, 1928, 2, IB, V
140, 2651, 3, FS, V
140, 2684, 3, IB, V
140.1, 425, 0, IB, V
140.1, 740, 0, FS, III
140.1, 904, 1, RS, VI
140.1, 1033, 1, RS, V
140.1, 1075, 1, RS, V
140.1, 1173, 1, IB, V
140.1, 1184, 1, IB, V
140.1, 1186, 1, IB, V
140.1, 2061, 2, LTS, IV
140.1, 2255, 2, FS, III
140.1, 3000, 3, FS, III
140.2, 773, 1, RS, VI
140.2, 1088, 1, RS, V
140.2, 1183, 1, IB, V
140.2, 1491, 1, FS, III
140.2, 2707, 3, IB, V
140.3, 418, 0, IB, V
140.3, 784, 1, RS, VI
140.3, 889, 1, RS, VI
140.3, 1181, 1, IB, V
140.3, 1941, 2, IB, V
140.3, 2688, 3, IB, V
140.3, 3003, 3, FS, III
140.4, 404, 0, IB, V
140.4, 430, 0, IB, V
140.4, 884, 1, RS, VI
140.4, 1035, 1, RS, V
140.4, 1170, 1, IB, V
140.4, 1501, 1, FS, III
140.4, 2050, 2, FS, IV
140.4, 2066, 2, LTS, IV
140.4, 2624, 3, RS, V
140.4, 2999, 3, FS, III
140.5, 1052, 1, RS, V
140.5, 1065, 1, RS, V
140.5, 1188, 1, IB, V
140.5, 1927, 2, IB, V
140.5, 1943, 2, IB, V
140.6, 535, 0, LTS, IV
140.6, 834, 1, RS, VI
140.6, 945, 1, RS, VI
140.6, 1172, 1, IB, V
140.6, 2668, 3, FS, V
140.6, 3021, 3, FS, III
140.7, 383, 0, FS, V
140.7, 1108, 1, RS, V
140.7, 1166, 1, IB, V
140.7, 3015, 3, FS, III
140.8, 424, 0, IB, V
140.8, 517, 0, FS, IV
140.8, 896, 1, RS, VI
140.8, 931, 1, RS, VI
140.8, 1039, 1, RS, V
140.8, 1042, 1, RS, V
140.8, 1085, 1, RS, V
140.8, 1111, 1, RS, V
140.8, 2060, 2, LTS, IV
140.8, 2067, 2, LTS, IV
140.8, 2653, 3, FS, V
140.8, 2689, 3, IB, V
140.8, 3001, 3, FS, III
140.9, 381, 0, FS, V
140.9, 1043, 1, RS, V
140.9, 1110, 1, RS, V
140.9, 1497, 1, FS, III
140.9, 1951, 2, IB, V
141, 400, 0, IB, V
141, 758, 0, LTS, III
141, 1087, 1, RS, V
141, 1106, 1, RS, V
141, 1189, 1, IB, V
141, 1504, 1, LTS, III
141, 1926, 2, IB, V
141, 2062, 2, LTS, IV
141, 2647, 3, FS, V
141, 2652, 3, FS, V
141, 2691, 3, IB, V
141, 2700, 3, IB, V
141.1, 396, 0, LTS, V
141.1, 401, 0, IB, V
141.1, 417, 0, IB, V
141.1, 1051, 1, RS, V
141.1, 1079, 1, RS, V
141.1, 1086, 1, RS, V
141.1, 1123, 1, FS, V
141.1, 1162, 1, IB, V
141.1, 1168, 1, IB, V
141.1, 1175, 1, IB, V
141.1, 1185, 1, IB, V
141.1, 1924, 2, IB, V
141.1, 2036, 2, FS, IV
141.1, 2057, 2, LTS, IV
141.1, 2640, 3, FS, V
141.1, 2650, 3, FS, V
141.1, 2655, 3, FS, V
141.1, 2681, 3, LTS, V
141.2, 411, 0, IB, V
141.2, 951, 1, RS, VI
141.2, 1083, 1, RS, V
141.2, 1104, 1, RS, V
141.2, 1107, 1, RS, V
141.2, 1113, 1, RS, V
141.2, 1936, 2, IB, V
141.2, 1946, 2, IB, V
141.2, 2064, 2, LTS, IV
141.2, 3007, 3, FS, III
141.3, 536, 0, LTS, IV
141.3, 926, 1, RS, VI
141.3, 1049, 1, RS, V
141.3, 1090, 1, RS, V
141.3, 1485, 1, FS, III
141.3, 2031, 2, FS, IV
141.3, 2063, 2, LTS, IV
141.3, 2646, 3, FS, V
141.3, 2712, 3, IB, V
141.4, 408, 0, IB, V
141.4, 410, 0, IB, V
141.4, 544, 0, LTS, IV
141.4, 1050, 1, RS, V
141.4, 1163, 1, IB, V
141.4, 1477, 1, FS, III
141.4, 2043, 2, FS, IV
141.4, 2595, 3, RS, V
141.4, 2664, 3, FS, V
141.4, 2695, 3, IB, V
141.4, 3008, 3, FS, III
141.5, 538, 0, LTS, IV
141.5, 541, 0, LTS, IV
141.5, 760, 0, LTS, III
141.5, 1036, 1, RS, V
141.5, 1128, 1, FS, V
141.5, 1161, 1, IB, V
141.5, 1174, 1, IB, V
141.5, 2038, 2, FS, IV
141.5, 2058, 2, LTS, IV
141.5, 2065, 2, LTS, IV
141.5, 3016, 3, FS, III
141.6, 258, 0, LTS, VI
141.6, 314, 0, RS, V
141.6, 1073, 1, RS, V
141.6, 1145, 1, FS, V
141.6, 1167, 1, IB, V
141.6, 1502, 1, LTS, III
141.6, 2039, 2, FS, IV
141.6, 2052, 2, FS, IV
141.7, 801, 1, RS, VI
141.7, 1091, 1, RS, V
141.7, 1103, 1, RS, V
141.7, 1164, 1, IB, V
141.7, 1176, 1, IB, V
141.7, 2059, 2, LTS, IV
141.7, 2642, 3, FS, V
141.7, 2683, 3, IB, V
141.7, 2710, 3, IB, V
141.7, 3032, 3, LTS, III
141.8, 409, 0, IB, V
141.8, 882, 1, RS, VI
141.8, 1109, 1, RS, V
141.8, 1119, 1, FS, V
141.8, 1120, 1, FS, V
141.8, 1165, 1, IB, V
141.8, 1177, 1, IB, V
141.8, 1192, 1, IB, V
141.8, 1396, 1, RS, III
141.8, 1938, 2, IB, V
141.9, 420, 0, IB, V
141.9, 429, 0, IB, V
141.9, 543, 0, LTS, IV
141.9, 1045, 1, RS, V
141.9, 1118, 1, FS, V
141.9, 1871, 2, RS, V
141.9, 2034, 2, FS, IV
141.9, 2658, 3, FS, V
141.9, 2714, 3, IB, V
141.9, 3042, 3, LTS, III
142, 512, 0, FS, IV
142, 1038, 1, RS, V
142, 1081, 1, RS, V
142, 1191, 1, IB, V
142, 1517, 1, LTS, III
142, 1922, 2, IB, V
142, 2041, 2, FS, IV
142, 2645, 3, FS, V
142.1, 530, 0, FS, IV
142.1, 539, 0, LTS, IV
142.1, 811, 1, RS, VI
142.1, 824, 1, RS, VI
142.1, 1066, 1, RS, V
142.1, 1069, 1, RS, V
142.1, 1144, 1, FS, V
142.1, 1414, 1, RS, III
142.1, 1498, 1, FS, III
142.1, 1513, 1, LTS, III
142.1, 1934, 2, IB, V
142.1, 1942, 2, IB, V
142.1, 2044, 2, FS, IV
142.1, 2047, 2, FS, IV
142.1, 2648, 3, FS, V
142.1, 2665, 3, FS, V
142.1, 2682, 3, LTS, V
142.1, 3029, 3, LTS, III
142.2, 419, 0, IB, V
142.2, 422, 0, IB, V
142.2, 427, 0, IB, V
142.2, 520, 0, FS, IV
142.2, 542, 0, LTS, IV
142.2, 1058, 1, RS, V
142.2, 1062, 1, RS, V
142.2, 1101, 1, RS, V
142.2, 1190, 1, IB, V
142.2, 2649, 3, FS, V
142.3, 412, 0, IB, V
142.3, 421, 0, IB, V
142.3, 545, 0, LTS, IV
142.3, 863, 1, RS, VI
142.3, 933, 1, RS, VI
142.3, 1093, 1, RS, V
142.3, 1114, 1, RS, V
142.3, 1179, 1, IB, V
142.3, 1344, 1, RS, III
142.3, 2042, 2, FS, IV
142.3, 2051, 2, FS, IV
142.3, 2704, 3, IB, V
142.4, 515, 0, FS, IV
142.4, 537, 0, LTS, IV
142.4, 1132, 1, FS, V
142.4, 1134, 1, FS, V
142.4, 1494, 1, FS, III
142.4, 2033, 2, FS, IV
142.5, 1048, 1, RS, V
142.5, 1055, 1, RS, V
142.5, 1122, 1, FS, V
142.5, 1131, 1, FS, V
142.5, 1354, 1, RS, III
142.5, 1492, 1, FS, III
142.5, 1952, 2, IB, V
142.5, 2055, 2, FS, IV
142.5, 2663, 3, FS, V
142.5, 2692, 3, IB, V
142.5, 2697, 3, IB, V
142.6, 509, 0, FS, IV
142.6, 1070, 1, RS, V
142.6, 1084, 1, RS, V
142.6, 1099, 1, RS, V
142.6, 1495, 1, FS, III
142.6, 2035, 2, FS, IV
142.6, 2045, 2, FS, IV
142.6, 2696, 3, IB, V
142.7, 431, 0, IB, V
142.7, 510, 0, FS, IV
142.7, 523, 0, FS, IV
142.7, 1054, 1, RS, V
142.7, 1060, 1, RS, V
142.7, 1116, 1, FS, V
142.7, 1130, 1, FS, V
142.7, 1865, 2, RS, V
142.7, 1944, 2, IB, V
142.7, 1953, 2, IB, V
142.7, 2654, 3, FS, V
142.7, 2702, 3, IB, V
142.7, 2713, 3, IB, V
142.8, 1121, 1, FS, V
142.8, 1171, 1, IB, V
142.8, 1178, 1, IB, V
142.8, 1304, 1, LTS, IV
142.8, 1484, 1, FS, III
142.8, 1935, 2, IB, V
142.8, 1947, 2, IB, V
142.8, 2694, 3, IB, V
142.8, 2699, 3, IB, V
142.9, 402, 0, IB, V
142.9, 428, 0, IB, V
142.9, 516, 0, FS, IV
142.9, 540, 0, LTS, IV
142.9, 944, 1, RS, VI
142.9, 1112, 1, RS, V
142.9, 1384, 1, RS, III
142.9, 1931, 2, IB, V
142.9, 1945, 2, IB, V
142.9, 2687, 3, IB, V
142.9, 2690, 3, IB, V
143, 414, 0, IB, V
143, 527, 0, FS, IV
143, 534, 0, FS, IV
143, 897, 1, RS, VI
143, 1078, 1, RS, V
143, 1124, 1, FS, V
143, 1127, 1, FS, V
143, 1142, 1, FS, V
143, 1898, 2, FS, V
143, 1930, 2, IB, V
143, 1932, 2, IB, V
143, 2661, 3, FS, V
143, 2669, 3, LTS, V
143, 2703, 3, IB, V
143.1, 405, 0, IB, V
143.1, 407, 0, IB, V
143.1, 1133, 1, FS, V
143.1, 1137, 1, FS, V
143.1, 1140, 1, FS, V
143.1, 1141, 1, FS, V
143.1, 1169, 1, IB, V
143.1, 2705, 3, IB, V
143.2, 403, 0, IB, V
143.2, 1096, 1, RS, V
143.2, 1143, 1, FS, V
143.2, 1180, 1, IB, V
143.2, 1187, 1, IB, V
143.2, 1515, 1, LTS, III
143.2, 1869, 2, RS, V
143.2, 1923, 2, IB, V
143.2, 1925, 2, IB, V
143.2, 1949, 2, IB, V
143.2, 2677, 3, LTS, V
143.3, 406, 0, IB, V
143.3, 522, 0, FS, IV
143.3, 528, 0, FS, IV
143.3, 1041, 1, RS, V
143.3, 1089, 1, RS, V
143.3, 1117, 1, FS, V
143.3, 1126, 1, FS, V
143.3, 1182, 1, IB, V
143.3, 1418, 1, RS, III
143.3, 1491, 1, FS, III
143.3, 1813, 2, RS, V
143.3, 1939, 2, IB, V
143.3, 2711, 3, IB, V
143.4, 519, 0, FS, IV
143.4, 1184, 1, IB, V
143.4, 1302, 1, LTS, IV
143.4, 1499, 1, FS, III
143.4, 1501, 1, FS, III
143.4, 2675, 3, LTS, V
143.5, 404, 0, IB, V
143.5, 518, 0, FS, IV
143.5, 1173, 1, IB, V
143.5, 1429, 1, RS, III
143.5, 1519, 1, LTS, III
143.5, 1928, 2, IB, V
143.5, 2040, 2, FS, IV
143.5, 2050, 2, FS, IV
143.5, 2053, 2, FS, IV
143.5, 2639, 3, FS, V
143.5, 2641, 3, FS, V
143.6, 416, 0, IB, V
143.6, 529, 0, FS, IV
143.6, 533, 0, FS, IV
143.6, 745, 0, LTS, III
143.6, 765, 1, RS, VI
143.6, 1047, 1, RS, V
143.6, 1082, 1, RS, V
143.6, 1181, 1, IB, V
143.6, 1347, 1, RS, III
143.6, 2686, 3, IB, V
143.6, 2707, 3, IB, V
143.7, 418, 0, IB, V
143.7, 425, 0, IB, V
143.7, 526, 0, FS, IV
143.7, 1136, 1, FS, V
143.7, 1170, 1, IB, V
143.7, 1186, 1, IB, V
143.7, 1348, 1, RS, III
143.7, 1927, 2, IB, V
143.7, 1929, 2, IB, V
143.7, 2628, 3, RS, V
143.7, 2656, 3, FS, V
143.7, 2659, 3, FS, V
143.7, 2684, 3, IB, V
143.7, 2693, 3, IB, V
143.8, 426, 0, IB, V
143.8, 430, 0, IB, V
143.8, 782, 1, RS, VI
143.8, 816, 1, RS, VI
143.8, 880, 1, RS, VI
143.8, 917, 1, RS, VI
143.8, 1034, 1, RS, V
143.8, 1072, 1, RS, V
143.8, 1115, 1, RS, V
143.8, 1172, 1, IB, V
143.8, 1183, 1, IB, V
143.8, 1476, 1, FS, III
143.8, 1489, 1, FS, III
143.8, 1500, 1, FS, III
143.8, 1820, 2, RS, V
143.8, 2666, 3, FS, V
143.8, 2698, 3, IB, V
143.9, 524, 0, FS, IV
143.9, 885, 1, RS, VI
143.9, 947, 1, RS, VI
143.9, 1031, 1, LTS, VI
143.9, 1097, 1, RS, V
143.9, 1125, 1, FS, V
143.9, 1166, 1, IB, V
143.9, 1188, 1, IB, V
143.9, 1470, 1, RS, III
143.9, 1497, 1, FS, III
143.9, 1950, 2, IB, V
143.9, 2049, 2, FS, IV
143.9, 2674, 3, LTS, V
144, 886, 1, RS, VI
144, 914, 1, RS, VI
144, 1037, 1, RS, V
144, 1046, 1, RS, V
144, 1053, 1, RS, V
144, 1508, 1, LTS, III
144, 2688, 3, IB, V
144.1, 296, 0, RS, V
144.1, 415, 0, IB, V
144.1, 514, 0, FS, IV
144.1, 1067, 1, RS, V
144.1, 1477, 1, FS, III
144.1, 1926, 2, IB, V
144.1, 1941, 2, IB, V
144.1, 2046, 2, FS, IV
144.1, 2709, 3, IB, V
144.2, 511, 0, FS, IV
144.2, 1100, 1, RS, V
144.2, 1189, 1, IB, V
144.2, 1438, 1, RS, III
144.2, 1479, 1, FS, III
144.2, 2673, 3, LTS, V
144.3, 1044, 1, RS, V
144.3, 1071, 1, RS, V
144.3, 1095, 1, RS, V
144.3, 1123, 1, FS, V
144.3, 1175, 1, IB, V
144.3, 1368, 1, RS, III
144.3, 1486, 1, FS, III
144.4, 411, 0, IB, V
144.4, 803, 1, RS, VI
144.4, 1059, 1, RS, V
144.4, 1092, 1, RS, V
144.4, 1139, 1, FS, V
144.4, 1168, 1, IB, V
144.4, 1936, 2, IB, V
144.5, 862, 1, RS, VI
144.5, 927, 1, RS, VI
144.5, 1138, 1, FS, V
144.5, 1145, 1, FS, V
144.5, 1185, 1, IB, V
144.5, 1303, 1, LTS, IV
144.5, 1483, 1, FS, III
144.5, 1485, 1, FS, III
144.5, 1951, 2, IB, V
144.6, 352, 0, RS, V
144.6, 1074, 1, RS, V
144.6, 1128, 1, FS, V
144.6, 1174, 1, IB, V
144.6, 1943, 2, IB, V
144.6, 1948, 2, IB, V
144.6, 2700, 3, IB, V
144.7, 417, 0, IB, V
144.7, 949, 1, RS, VI
144.7, 1094, 1, RS, V
144.7, 1118, 1, FS, V
144.7, 1120, 1, FS, V
144.7, 1135, 1, FS, V
144.7, 1796, 2, RS, V
144.7, 1924, 2, IB, V
144.7, 2685, 3, IB, V
144.7, 2689, 3, IB, V
144.8, 276, 0, RS, V
144.8, 401, 0, IB, V
144.8, 1098, 1, RS, V
144.8, 1162, 1, IB, V
144.8, 1176, 1, IB, V
144.8, 1498, 1, FS, III
144.8, 2056, 2, FS, IV
144.8, 2691, 3, IB, V
144.9, 408, 0, IB, V
144.9, 413, 0, IB, V
144.9, 739, 0, FS, III
144.9, 1063, 1, RS, V
144.9, 1119, 1, FS, V
144.9, 1165, 1, IB, V
144.9, 1505, 1, LTS, III
144.9, 1853, 2, RS, V
144.9, 2558, 3, RS, V
144.9, 2712, 3, IB, V
144.9, 2823, 3, LTS, IV
145, 410, 0, IB, V
145, 972, 1, RS, VI
145, 1163, 1, IB, V
145, 1164, 1, IB, V
145, 1478, 1, FS, III
145, 1507, 1, LTS, III
145, 2061, 2, LTS, IV
145.1, 424, 0, IB, V
145.1, 1056, 1, RS, V
145.1, 1102, 1, RS, V
145.1, 1144, 1, FS, V
145.1, 1167, 1, IB, V
145.1, 1316, 1, RS, III
145.1, 1480, 1, FS, III
145.1, 1520, 1, LTS, III
145.1, 2710, 3, IB, V
145.2, 894, 1, RS, VI
145.2, 1076, 1, RS, V
145.2, 1122, 1, FS, V
145.2, 1161, 1, IB, V
145.2, 1487, 1, FS, III
145.2, 2660, 3, FS, V
145.2, 3466, 4, IB, V
145.3, 535, 0, LTS, IV
145.3, 847, 1, RS, VI
145.3, 1146, 1, FS, V
145.3, 1191, 1, IB, V
145.3, 1192, 1, IB, V
145.3, 1940, 2, IB, V
145.3, 1946, 2, IB, V
145.3, 2825, 3, LTS, IV
145.3, 3359, 4, RS, V
145.4, 409, 0, IB, V
145.4, 822, 1, RS, VI
145.4, 977, 1, RS, VI
145.4, 1068, 1, RS, V
145.4, 1134, 1, FS, V
145.4, 1177, 1, IB, V
145.4, 1492, 1, FS, III
145.4, 1938, 2, IB, V
145.4, 1942, 2, IB, V
145.4, 2683, 3, IB, V
145.4, 2714, 3, IB, V
145.4, 2819, 3, LTS, IV
145.5, 429, 0, IB, V
145.5, 759, 0, LTS, III
145.5, 1116, 1, FS, V
145.5, 1131, 1, FS, V
145.5, 1488, 1, FS, III
145.5, 1494, 1, FS, III
145.5, 1835, 2, RS, V
145.5, 1934, 2, IB, V
145.5, 2826, 3, LTS, IV
145.5, 3439, 4, LTS, V
145.6, 956, 1, RS, VI
145.6, 1040, 1, RS, V
145.6, 1064, 1, RS, V
145.6, 1129, 1, FS, V
145.6, 1132, 1, FS, V
145.6, 1495, 1, FS, III
145.6, 1503, 1, LTS, III
145.6, 2708, 3, IB, V
145.6, 2822, 3, LTS, IV
145.7, 381, 0, FS, V
145.7, 412, 0, IB, V
145.7, 953, 1, RS, VI
145.7, 1124, 1, FS, V
145.7, 1130, 1, FS, V
145.7, 1142, 1, FS, V
145.7, 1179, 1, IB, V
145.7, 1812, 2, RS, V
145.7, 2697, 3, IB, V
145.7, 2814, 3, FS, IV
145.7, 3458, 4, IB, V
145.8, 422, 0, IB, V
145.8, 954, 1, RS, VI
145.8, 1057, 1, RS, V
145.8, 1077, 1, RS, V
145.8, 1121, 1, FS, V
145.8, 1127, 1, FS, V
145.8, 1141, 1, FS, V
145.8, 1190, 1, IB, V
145.8, 1482, 1, FS, III
145.8, 1937, 2, IB, V
145.8, 1952, 2, IB, V
145.9, 339, 0, RS, V
145.9, 375, 0, FS, V
145.9, 758, 0, LTS, III
145.9, 1143, 1, FS, V
145.9, 1484, 1, FS, III
145.9, 1512, 1, LTS, III
145.9, 1922, 2, IB, V
145.9, 1935, 2, IB, V
145.9, 2067, 2, LTS, IV
145.9, 2702, 3, IB, V
146, 104, 0, RS, VI
146, 538, 0, LTS, IV
146, 1075, 1, RS, V
146, 1080, 1, RS, V
146, 3460, 4, IB, V
146.1, 400, 0, IB, V
146.1, 762, 1, RS, VI
146.1, 969, 1, RS, VI
146.1, 1033, 1, RS, V
146.1, 1088, 1, RS, V
146.1, 1133, 1, FS, V
146.1, 1140, 1, FS, V
146.1, 1491, 1, FS, III
146.1, 1514, 1, LTS, III
146.1, 1873, 2, RS, V
146.1, 3449, 4, IB, V
146.2, 414, 0, IB, V
146.2, 854, 1, RS, VI
146.2, 1798, 2, RS, V
146.2, 1834, 2, RS, V
146.2, 1885, 2, FS, V
146.2, 1933, 2, IB, V
146.2, 1953, 2, IB, V
146.2, 2690, 3, IB, V
146.2, 2694, 3, IB, V
146.3, 405, 0, IB, V
146.3, 428, 0, IB, V
146.3, 1061, 1, RS, V
146.3, 1117, 1, FS, V
146.3, 1137, 1, FS, V
146.3, 1502, 1, LTS, III
146.3, 1944, 2, IB, V
146.3, 2827, 3, LTS, IV
146.3, 3456, 4, IB, V
146.4, 1105, 1, RS, V
146.4, 1126, 1, FS, V
146.4, 1136, 1, FS, V
146.4, 1171, 1, IB, V
146.4, 1178, 1, IB, V
146.4, 1180, 1, IB, V
146.4, 1298, 1, LTS, IV
146.4, 1501, 1, FS, III
146.4, 1504, 1, LTS, III
146.4, 1947, 2, IB, V
146.4, 2037, 2, FS, IV
146.4, 2699, 3, IB, V
146.5, 383, 0, FS, V
146.5, 402, 0, IB, V
146.5, 1035, 1, RS, V
146.5, 1497, 1, FS, III
146.5, 1499, 1, FS, III
146.5, 1517, 1, LTS, III
146.5, 1907, 2, FS, V
146.5, 1925, 2, IB, V
146.5, 1930, 2, IB, V
146.5, 1945, 2, IB, V
146.5, 2703, 3, IB, V
146.6, 165, 0, RS, VI
146.6, 404, 0, IB, V
146.6, 1042, 1, RS, V
146.6, 1052, 1, RS, V
146.6, 1085, 1, RS, V
146.6, 1169, 1, IB, V
146.6, 1182, 1, IB, V
146.6, 1328, 1, RS, III
146.6, 1476, 1, FS, III
146.6, 1932, 2, IB, V
146.6, 2803, 3, FS, IV
146.6, 2828, 3, LTS, IV
146.7, 1184, 1, IB, V
146.7, 1187, 1, IB, V
146.7, 1493, 1, FS, III
146.7, 2705, 3, IB, V
146.7, 3447, 4, IB, V
146.7, 3789, 4, LTS, III
146.8, 1065, 1, RS, V
146.8, 1087, 1, RS, V
146.8, 1106, 1, RS, V
146.8, 1108, 1, RS, V
146.8, 1477, 1, FS, III
146.8, 1489, 1, FS, III
146.8, 1490, 1, FS, III
146.9, 330, 0, RS, V
146.9, 1173, 1, IB, V
146.9, 1181, 1, IB, V
146.9, 1500, 1, FS, III
146.9, 1804, 2, RS, V
146.9, 1923, 2, IB, V
146.9, 1927, 2, IB, V
146.9, 2678, 3, LTS, V
146.9, 2686, 3, IB, V
146.9, 2696, 3, IB, V
146.9, 3788, 4, LTS, III
147, 320, 0, RS, V
147, 403, 0, IB, V
147, 828, 1, RS, VI
147, 1083, 1, RS, V
147, 1113, 1, RS, V
147, 1125, 1, FS, V
147, 1170, 1, IB, V
147, 1172, 1, IB, V
147, 1296, 1, LTS, IV
147, 1513, 1, LTS, III
147, 1864, 2, RS, V
147, 1928, 2, IB, V
147, 2706, 3, IB, V
147, 2707, 3, IB, V
147, 2820, 3, LTS, IV
147, 3326, 4, RS, V
147.1, 135, 0, RS, VI
147.1, 343, 0, RS, V
147.1, 418, 0, IB, V
147.1, 1039, 1, RS, V
147.1, 1138, 1, FS, V
147.1, 1166, 1, IB, V
147.1, 1479, 1, FS, III
147.1, 1839, 2, RS, V
147.1, 1883, 2, FS, V
147.1, 1891, 2, FS, V
147.1, 1892, 2, FS, V
147.1, 1895, 2, FS, V
147.1, 1898, 2, FS, V
147.1, 1950, 2, IB, V
147.1, 2617, 3, RS, V
147.1, 2793, 3, FS, IV
147.1, 2818, 3, LTS, IV
147.2, 431, 0, IB, V
147.2, 975, 1, RS, VI
147.2, 1043, 1, RS, V
147.2, 1079, 1, RS, V
147.2, 1104, 1, RS, V
147.2, 1299, 1, LTS, IV
147.2, 1486, 1, FS, III
147.3, 1186, 1, IB, V
147.3, 1188, 1, IB, V
147.3, 1890, 2, FS, V
147.3, 1929, 2, IB, V
147.3, 2625, 3, RS, V
147.3, 2693, 3, IB, V
147.3, 2821, 3, LTS, IV
147.3, 3332, 4, RS, V
147.3, 3437, 4, LTS, V
147.4, 427, 0, IB, V
147.4, 789, 1, RS, VI
147.4, 883, 1, RS, VI
147.4, 937, 1, RS, VI
147.4, 1139, 1, FS, V
147.4, 1145, 1, FS, V
147.4, 1183, 1, IB, V
147.4, 1896, 2, FS, V
147.4, 2577, 3, RS, V
147.4, 2684, 3, IB, V
147.4, 2804, 3, FS, IV
147.4, 3436, 4, LTS, V
147.4, 3798, 4, LTS, III
147.5, 87, 0, RS, VI
147.5, 314, 0, RS, V
147.5, 378, 0, FS, V
147.5, 1111, 1, RS, V
147.5, 1118, 1, FS, V
147.5, 1123, 1, FS, V
147.5, 1175, 1, IB, V
147.5, 1306, 1, LTS, IV
147.5, 1342, 1, RS, III
147.5, 1498, 1, FS, III
147.5, 1911, 2, LTS, V
147.5, 1931, 2, IB, V
147.5, 3467, 4, IB, V
147.6, 329, 0, RS, V
147.6, 416, 0, IB, V
147.6, 902, 1, RS, VI
147.6, 1036, 1, RS, V
147.6, 1120, 1, FS, V
147.6, 1772, 2, LTS, VI
147.6, 1909, 2, LTS, V
147.6, 1936, 2, IB, V
147.6, 2709, 3, IB, V
147.6, 2807, 3, FS, IV
147.7, 299, 0, RS, V
147.7, 421, 0, IB, V
147.7, 1049, 1, RS, V
147.7, 1051, 1, RS, V
147.7, 1110, 1, RS, V
147.7, 1128, 1, FS, V
147.7, 1135, 1, FS, V
147.7, 1168, 1, IB, V
147.7, 1174, 1, IB, V
147.7, 1271, 1, FS, IV
147.7, 1355, 1, RS, III
147.7, 1485, 1, FS, III
147.7, 1876, 2, RS, V
147.7, 1900, 2, FS, V
147.7, 1926, 2, IB, V
147.7, 2557, 3, RS, V
147.7, 3026, 3, LTS, III
147.8, 1050, 1, RS, V
147.8, 1091, 1, RS, V
147.8, 1304, 1, LTS, IV
147.8, 1496, 1, FS, III
147.8, 2713, 3, IB, V
147.8, 2797, 3, FS, IV
147.8, 2824, 3, LTS, IV
147.9, 38, 0, RS, VI
147.9, 341, 0, RS, V
147.9, 430, 0, IB, V
147.9, 1045, 1, RS, V
147.9, 1066, 1, RS, V
147.9, 1086, 1, RS, V
147.9, 1109, 1, RS, V
147.9, 1122, 1, FS, V
147.9, 1176, 1, IB, V
147.9, 1185, 1, IB, V
147.9, 1515, 1, LTS, III
147.9, 1949, 2, IB, V
148, 334, 0, RS, V
148, 377, 0, FS, V
148, 420, 0, IB, V
148, 766, 1, RS, VI
148, 903, 1, RS, VI
148, 1107, 1, RS, V
148, 1119, 1, FS, V
148, 1165, 1, IB, V
148, 1318, 1, RS, III
148, 1372, 1, RS, III
148, 1478, 1, FS, III
148, 1833, 2, RS, V
148, 1881, 2, FS, V
148, 1902, 2, FS, V
148, 2310, 3, RS, VI
148, 2799, 3, FS, IV
148, 3405, 4, FS, V
148, 3444, 4, IB, V
148.1, 1144, 1, FS, V
148.1, 1453, 1, RS, III
148.1, 1474, 1, RS, III
148.1, 1480, 1, FS, III
148.1, 1948, 2, IB, V
148.1, 1951, 2, IB, V
148.1, 2609, 3, RS, V
148.2, 345, 0, RS, V
148.2, 363, 0, FS, V
148.2, 921, 1, RS, VI
148.2, 1019, 1, LTS, VI
148.2, 1090, 1, RS, V
148.2, 1129, 1, FS, V
148.2, 1344, 1, RS, III
148.2, 1904, 2, FS, V
148.2, 2700, 3, IB, V
148.2, 2800, 3, FS, IV
148.2, 3035, 3, LTS, III
148.2, 3438, 4, LTS, V
148.3, 102, 0, RS, VI
148.3, 289, 0, RS, V
148.3, 417, 0, IB, V
148.3, 809, 1, RS, VI
148.3, 1073, 1, RS, V
148.3, 1093, 1, RS, V
148.3, 1103, 1, RS, V
148.3, 1116, 1, FS, V
148.3, 1146, 1, FS, V
148.3, 1164, 1, IB, V
148.3, 1428, 1, RS, III
148.3, 1492, 1, FS, III
148.3, 1879, 2, FS, V
148.3, 1924, 2, IB, V
148.3, 1943, 2, IB, V
148.3, 2685, 3, IB, V
148.4, 373, 0, FS, V
148.4, 381, 0, FS, V
148.4, 426, 0, IB, V
148.4, 541, 0, LTS, IV
148.4, 1023, 1, LTS, VI
148.4, 1062, 1, RS, V
148.4, 1124, 1, FS, V
148.4, 1134, 1, FS, V
148.4, 1142, 1, FS, V
148.4, 1270, 1, FS, IV
148.4, 1301, 1, LTS, IV
148.4, 1386, 1, RS, III
148.4, 1445, 1, RS, III
148.4, 1519, 1, LTS, III
148.4, 1899, 2, FS, V
148.4, 3396, 4, RS, V
148.5, 401, 0, IB, V
148.5, 574, 0, RS, III
148.5, 1060, 1, RS, V
148.5, 1069, 1, RS, V
148.5, 1131, 1, FS, V
148.5, 1141, 1, FS, V
148.5, 1162, 1, IB, V
148.5, 1189, 1, IB, V
148.5, 1487, 1, FS, III
148.5, 1511, 1, LTS, III
148.5, 1837, 2, RS, V
148.5, 2187, 2, RS, III
148.5, 2556, 3, RS, V
148.5, 2710, 3, IB, V
148.5, 3459, 4, IB, V
148.6, 375, 0, FS, V
148.6, 807, 1, RS, VI
148.6, 841, 1, RS, VI
148.6, 1038, 1, RS, V
148.6, 1081, 1, RS, V
148.6, 1127, 1, FS, V
148.6, 1143, 1, FS, V
148.6, 1163, 1, IB, V
148.6, 1167, 1, IB, V
148.6, 1191, 1, IB, V
148.6, 1407, 1, RS, III
148.6, 1443, 1, RS, III
148.6, 1494, 1, FS, III
148.6, 1510, 1, LTS, III
148.6, 1906, 2, FS, V
148.6, 2688, 3, IB, V
148.6, 2813, 3, FS, IV
148.7, 907, 1, RS, VI
148.7, 1130, 1, FS, V
148.7, 1413, 1, RS, III
148.7, 1495, 1, FS, III
148.7, 1816, 2, RS, V
148.7, 1865, 2, RS, V
148.7, 1941, 2, IB, V
148.7, 1942, 2, IB, V
148.7, 3446, 4, IB, V
148.7, 3453, 4, IB, V
148.8, 140, 0, RS, VI
148.8, 406, 0, IB, V
148.8, 1121, 1, FS, V
148.8, 1132, 1, FS, V
148.8, 1192, 1, IB, V
148.8, 1888, 2, FS, V
148.8, 2253, 2, FS, III
148.8, 2805, 3, FS, IV
148.8, 3445, 4, IB, V
148.9, 284, 0, RS, V
148.9, 323, 0, RS, V
148.9, 360, 0, FS, V
148.9, 411, 0, IB, V
148.9, 832, 1, RS, VI
148.9, 950, 1, RS, VI
148.9, 1058, 1, RS, V
148.9, 1161, 1, IB, V
148.9, 1884, 2, FS, V
148.9, 1885, 2, FS, V
148.9, 1901, 2, FS, V
148.9, 1934, 2, IB, V
148.9, 2569, 3, RS, V
148.9, 2697, 3, IB, V
148.9, 2714, 3, IB, V
148.9, 3458, 4, IB, V
148.9, 3796, 4, LTS, III
149, 332, 0, RS, V
149, 384, 0, FS, V
149, 804, 1, RS, VI
149, 1101, 1, RS, V
149, 1177, 1, IB, V
149, 1483, 1, FS, III
149, 1484, 1, FS, III
149, 1877, 2, FS, V
149, 1905, 2, FS, V
149, 3471, 4, IB, V
149.1, 1026, 1, LTS, VI
149.1, 1048, 1, RS, V
149.1, 1070, 1, RS, V
149.1, 1112, 1, RS, V
149.1, 1133, 1, FS, V
149.1, 1136, 1, FS, V
149.1, 1140, 1, FS, V
149.1, 1179, 1, IB, V
149.1, 1322, 1, RS, III
149.1, 1867, 2, RS, V
149.1, 2683, 3, IB, V
149.1, 2698, 3, IB, V
149.1, 2702, 3, IB, V
149.1, 3362, 4, RS, V
149.1, 3794, 4, LTS, III
149.2, 1084, 1, RS, V
149.2, 1096, 1, RS, V
149.2, 1114, 1, RS, V
149.2, 1946, 2, IB, V
149.2, 2271, 2, LTS, III
149.3, 280, 0, RS, V
149.3, 370, 0, FS, V
149.3, 382, 0, FS, V
149.3, 616, 0, RS, III
149.3, 858, 1, RS, VI
149.3, 1041, 1, RS, V
149.3, 1117, 1, FS, V
149.3, 1422, 1, RS, III
149.3, 1952, 2, IB, V
149.3, 2599, 3, RS, V
149.3, 3449, 4, IB, V
149.3, 3799, 4, LTS, III
149.3, 3803, 4, LTS, III
149.4, 183, 0, RS, VI
149.4, 312, 0, RS, V
149.4, 414, 0, IB, V
149.4, 422, 0, IB, V
149.4, 1047, 1, RS, V
149.4, 1054, 1, RS, V
149.4, 1055, 1, RS, V
149.4, 1190, 1, IB, V
149.4, 1463, 1, RS, III
149.4, 1501, 1, FS, III
149.4, 1893, 2, FS, V
149.4, 1933, 2, IB, V
149.4, 1940, 2, IB, V
149.4, 2798, 3, FS, IV
149.4, 3469, 4, IB, V
149.5, 383, 0, FS, V
149.5, 408, 0, IB, V
149.5, 424, 0, IB, V
149.5, 830, 1, RS, VI
149.5, 1072, 1, RS, V
149.5, 1089, 1, RS, V
149.5, 1099, 1, RS, V
149.5, 1126, 1, FS, V
149.5, 1137, 1, FS, V
149.5, 1302, 1, LTS, IV
149.5, 1423, 1, RS, III
149.5, 1450, 1, RS, III
149.5, 1497, 1, FS, III
149.5, 1878, 2, FS, V
149.5, 1907, 2, FS, V
149.5, 2274, 2, LTS, III
149.6, 376, 0, FS, V
149.6, 721, 0, FS, III
149.6, 827, 1, RS, VI
149.6, 1082, 1, RS, V
149.6, 1180, 1, IB, V
149.6, 1305, 1, LTS, IV
149.6, 1564, 2, RS, VI
149.6, 1611, 2, RS, VI
149.7, 60, 0, RS, VI
149.7, 1034, 1, RS, V
149.7, 1297, 1, LTS, IV
149.7, 1477, 1, FS, III
149.7, 1491, 1, FS, III
149.7, 1953, 2, IB, V
149.7, 3331, 4, RS, V
149.7, 3450, 4, IB, V
149.7, 3470, 4, IB, V
149.7, 3472, 4, IB, V
149.7, 3787, 4, LTS, III
149.8, 747, 0, LTS, III
149.8, 1037, 1, RS, V
149.8, 1350, 1, RS, III
149.8, 1435, 1, RS, III
149.8, 1499, 1, FS, III
149.8, 1883, 2, FS, V
149.8, 1925, 2, IB, V
149.8, 2270, 2, LTS, III
149.8, 2273, 2, LTS, III
149.8, 2588, 3, RS, V
149.8, 2695, 3, IB, V
149.8, 2810, 3, FS, IV
149.8, 3463, 4, IB, V
149.8, 3792, 4, LTS, III
149.9, 367, 0, FS, V
149.9, 369, 0, FS, V
149.9, 380, 0, FS, V
149.9, 848, 1, RS, VI
149.9, 1030, 1, LTS, VI
149.9, 1078, 1, RS, V
149.9, 1115, 1, RS, V
149.9, 1182, 1, IB, V
149.9, 1303, 1, LTS, IV
149.9, 1323, 1, RS, III
149.9, 1418, 1, RS, III
149.9, 1820, 2, RS, V
149.9, 1880, 2, FS, V
149.9, 1887, 2, FS, V
149.9, 1889, 2, FS, V
149.9, 1890, 2, FS, V
149.9, 1939, 2, IB, V
149.9, 1944, 2, IB, V
149.9, 2559, 3, RS, V
149.9, 2579, 3, RS, V
149.9, 2712, 3, IB, V
149.9, 3339, 4, RS, V
149.9, 3409, 4, FS, V
149.9, 3790, 4, LTS, III
149.9, 3802, 4, LTS, III
150, 281, 0, RS, V
150, 429, 0, IB, V
150, 544, 0, LTS, IV
150, 653, 0, RS, III
150, 873, 1, RS, VI
150, 1044, 1, RS, V
150, 1046, 1, RS, V
150, 1053, 1, RS, V
150, 1171, 1, IB, V
150, 1178, 1, IB, V
150, 1184, 1, IB, V
150, 1500, 1, FS, III
150, 1520, 1, LTS, III
150, 1871, 2, RS, V
150, 1938, 2, IB, V
150, 1947, 2, IB, V
150, 2699, 3, IB, V
150, 3431, 4, LTS, V
150, 3447, 4, IB, V
150.1, 296, 0, RS, V
150.1, 402, 0, IB, V
150.1, 405, 0, IB, V
150.1, 1011, 1, LTS, VI
150.1, 1097, 1, RS, V
150.1, 1125, 1, FS, V
150.1, 1169, 1, IB, V
150.1, 1438, 1, RS, III
150.1, 1488, 1, FS, III
150.1, 1891, 2, FS, V
150.1, 1892, 2, FS, V
150.1, 1895, 2, FS, V
150.1, 2696, 3, IB, V
150.1, 3797, 4, LTS, III
150.2, 368, 0, FS, V
150.2, 379, 0, FS, V
150.2, 802, 1, RS, VI
150.2, 1172, 1, IB, V
150.2, 1181, 1, IB, V
150.2, 1187, 1, IB, V
150.2, 1295, 1, FS, IV
150.2, 1300, 1, LTS, IV
150.2, 1862, 2, RS, V
150.2, 1886, 2, FS, V
150.2, 1932, 2, IB, V
150.2, 2252, 2, FS, III
150.2, 2615, 3, RS, V
150.2, 3435, 4, LTS, V
150.2, 3451, 4, IB, V
150.3, 364, 0, FS, V
150.3, 868, 1, RS, VI
150.3, 1118, 1, FS, V
150.3, 1138, 1, FS, V
150.3, 1145, 1, FS, V
150.3, 1166, 1, IB, V
150.3, 1170, 1, IB, V
150.3, 1173, 1, IB, V
150.3, 1803, 2, RS, V
150.3, 1847, 2, RS, V
150.3, 1898, 2, FS, V
150.3, 2262, 2, FS, III
150.3, 3427, 4, FS, V
150.3, 3442, 4, LTS, V
150.3, 3461, 4, IB, V
150.4, 361, 0, FS, V
150.4, 407, 0, IB, V
150.4, 1021, 1, LTS, VI
150.4, 1317, 1, RS, III
150.4, 1455, 1, RS, III
150.4, 1507, 1, LTS, III
150.4, 1894, 2, FS, V
150.4, 1896, 2, FS, V
150.4, 1922, 2, IB, V
150.4, 2239, 2, FS, III
150.4, 2267, 2, LTS, III
150.4, 2809, 3, FS, IV
150.4, 3415, 4, FS, V
150.4, 3417, 4, FS, V
150.4, 3795, 4, LTS, III
150.5, 378, 0, FS, V
150.5, 785, 1, RS, VI
150.5, 806, 1, RS, VI
150.5, 1059, 1, RS, V
150.5, 1120, 1, FS, V
150.5, 1326, 1, RS, III
150.5, 1505, 1, LTS, III
150.5, 1897, 2, FS, V
150.5, 3466, 4, IB, V
150.6, 356, 0, FS, V
150.6, 404, 0, IB, V
150.6, 756, 0, LTS, III
150.6, 1063, 1, RS, V
150.6, 1476, 1, FS, III
150.6, 1923, 2, IB, V
150.6, 1950, 2, IB, V
150.6, 2248, 2, FS, III
150.7, 377, 0, FS, V
150.7, 842, 1, RS, VI
150.7, 1029, 1, LTS, VI
150.7, 1067, 1, RS, V
150.7, 1123, 1, FS, V
150.7, 1135, 1, FS, V
150.7, 1175, 1, IB, V
150.7, 1188, 1, IB, V
150.7, 1512, 1, LTS, III
150.7, 1882, 2, FS, V
150.7, 1900, 2, FS, V
150.7, 1902, 2, FS, V
150.7, 2612, 3, RS, V
150.8, 745, 0, LTS, III
150.8, 758, 0, LTS, III
150.8, 1122, 1, FS, V
150.8, 1128, 1, FS, V
150.8, 1174, 1, IB, V
150.8, 1278, 1, FS, IV
150.8, 1927, 2, IB, V
150.8, 1931, 2, IB, V
150.8, 1936, 2, IB, V
150.8, 2237, 2, FS, III
150.8, 2597, 3, RS, V
150.8, 3033, 3, LTS, III
150.8, 3394, 4, RS, V
150.8, 3420, 4, FS, V
150.8, 3462, 4, IB, V
150.9, 276, 0, RS, V
150.9, 418, 0, IB, V
150.9, 742, 0, LTS, III
150.9, 1100, 1, RS, V
150.9, 1186, 1, IB, V
150.9, 1276, 1, FS, IV
150.9, 1473, 1, RS, III
150.9, 1881, 2, FS, V
150.9, 2256, 2, FS, III
150.9, 2258, 2, FS, III
150.9, 2708, 3, IB, V
150.9, 3457, 4, IB, V
151, 333, 0, RS, V
151, 759, 0, LTS, III
151, 946, 1, RS, VI
151, 1071, 1, RS, V
151, 1095, 1, RS, V
151, 1098, 1, RS, V
151, 1168, 1, IB, V
151, 1176, 1, IB, V
151, 1183, 1, IB, V
151, 1365, 1, RS, III
151, 1489, 1, FS, III
151, 1502, 1, LTS, III
151, 1517, 1, LTS, III
151, 1903, 2, FS, V
151, 1935, 2, IB, V
151, 2687, 3, IB, V
151, 2694, 3, IB, V
151, 3031, 3, LTS, III
151, 3387, 4, RS, V
151, 3413, 4, FS, V
151, 3474, 4, IB, V
151.1, 363, 0, FS, V
151.1, 381, 0, FS, V
151.1, 737, 0, FS, III
151.1, 1074, 1, RS, V
151.1, 1116, 1, FS, V
151.1, 1119, 1, FS, V
151.1, 1124, 1, FS, V
151.1, 1142, 1, FS, V
151.1, 1144, 1, FS, V
151.1, 1165, 1, IB, V
151.1, 1277, 1, FS, IV
151.1, 1352, 1, RS, III
151.1, 1479, 1, FS, III
151.1, 1879, 2, FS, V
151.1, 1904, 2, FS, V
151.1, 1928, 2, IB, V
151.1, 2272, 2, LTS, III
151.1, 2684, 3, IB, V
151.1, 2704, 3, IB, V
151.1, 2705, 3, IB, V
151.1, 2707, 3, IB, V
151.1, 2825, 3, LTS, IV
151.2, 797, 1, RS, VI
151.2, 1092, 1, RS, V
151.2, 1141, 1, FS, V
151.2, 1485, 1, FS, III
151.2, 1930, 2, IB, V
151.2, 3464, 4, IB, V
151.3, 127, 0, RS, VI
151.3, 365, 0, FS, V
151.3, 375, 0, FS, V
151.3, 986, 1, RS, VI
151.3, 1102, 1, RS, V
151.3, 1139, 1, FS, V
151.3, 1143, 1, FS, V
151.3, 1185, 1, IB, V
151.3, 1271, 1, FS, IV
151.3, 1343, 1, RS, III
151.3, 1405, 1, RS, III
151.3, 2280, 2, LTS, III
151.3, 3414, 4, FS, V
151.3, 3800, 4, LTS, III
151.4, 357, 0, FS, V
151.4, 373, 0, FS, V
151.4, 374, 0, FS, V
151.4, 1127, 1, FS, V
151.4, 1134, 1, FS, V
151.4, 1916, 2, LTS, V
151.4, 2163, 2, RS, III
151.4, 2251, 2, FS, III
151.4, 3434, 4, LTS, V
151.4, 3791, 4, LTS, III
151.5, 928, 1, RS, VI
151.5, 1131, 1, FS, V
151.5, 1275, 1, FS, IV
151.5, 1298, 1, LTS, IV
151.5, 1899, 2, FS, V
151.5, 1906, 2, FS, V
151.5, 2243, 2, FS, III
151.5, 2601, 3, RS, V
151.5, 2691, 3, IB, V
151.5, 3337, 4, RS, V
151.6, 198, 0, RS, VI
151.6, 355, 0, FS, V
151.6, 371, 0, FS, V
151.6, 1010, 1, LTS, VI
151.6, 1016, 1, LTS, VI
151.6, 1022, 1, LTS, VI
151.6, 1040, 1, RS, V
151.6, 1164, 1, IB, V
151.6, 1316, 1, RS, III
151.6, 1885, 2, FS, V
151.6, 1888, 2, FS, V
151.6, 2276, 2, LTS, III
151.6, 2693, 3, IB, V
151.6, 2706, 3, IB, V
151.6, 2713, 3, IB, V
151.6, 3432, 4, LTS, V
151.6, 3456, 4, IB, V
151.6, 3801, 4, LTS, III
151.7, 180, 0, RS, VI
151.7, 1056, 1, RS, V
151.7, 1064, 1, RS, V
151.7, 1130, 1, FS, V
151.7, 1284, 1, FS, IV
151.7, 1849, 2, RS, V
151.7, 1951, 2, IB, V
151.7, 2246, 2, FS, III
151.7, 3320, 4, RS, V
151.7, 3347, 4, RS, V
151.7, 3444, 4, IB, V
151.8, 303, 0, RS, V
151.8, 366, 0, FS, V
151.8, 392, 0, LTS, V
151.8, 1057, 1, RS, V
151.8, 1121, 1, FS, V
151.8, 1313, 1, RS, III
151.8, 1482, 1, FS, III
151.8, 1498, 1, FS, III
151.8, 1926, 2, IB, V
151.8, 2253, 2, FS, III
151.8, 2688, 3, IB, V
151.8, 3418, 4, FS, V
151.8, 3473, 4, IB, V
151.9, 384, 0, FS, V
151.9, 417, 0, IB, V
151.9, 1012, 1, LTS, VI
151.9, 1075, 1, RS, V
151.9, 1191, 1, IB, V
151.9, 1430, 1, RS, III
151.9, 1813, 2, RS, V
151.9, 1924, 2, IB, V
151.9, 2635, 3, RS, V
151.9, 2710, 3, IB, V
152, 207, 0, RS, VI
152, 698, 0, RS, III
152, 912, 1, RS, VI
152, 1088, 1, RS, V
152, 1132, 1, FS, V
152, 1281, 1, FS, IV
152, 1798, 2, RS, V
152, 1877, 2, FS, V
152, 2241, 2, FS, III
152, 2278, 2, LTS, III
152, 2811, 3, FS, IV
152, 3398, 4, RS, V
152, 3453, 4, IB, V
152.1, 349, 0, RS, V
152.1, 821, 1, RS, VI
152.1, 881, 1, RS, VI
152.1, 1033, 1, RS, V
152.1, 1077, 1, RS, V
152.1, 1140, 1, FS, V
152.1, 1146, 1, FS, V
152.1, 1167, 1, IB, V
152.1, 1270, 1, FS, IV
152.1, 1492, 1, FS, III
152.1, 1497, 1, FS, III
152.1, 1832, 2, RS, V
152.1, 2268, 2, LTS, III
152.1, 2633, 3, RS, V
152.1, 3452, 4, IB, V
152.1, 3458, 4, IB, V
152.2, 132, 0, RS, VI
152.2, 193, 0, RS, VI
152.2, 360, 0, FS, V
152.2, 419, 0, IB, V
152.2, 1068, 1, RS, V
152.2, 1162, 1, IB, V
152.2, 1163, 1, IB, V
152.2, 1486, 1, FS, III
152.2, 2257, 2, FS, III
152.2, 3043, 3, LTS, III
152.2, 3319, 4, RS, V
152.2, 3459, 4, IB, V
152.3, 275, 0, RS, V
152.3, 306, 0, RS, V
152.3, 370, 0, FS, V
152.3, 1013, 1, LTS, VI
152.3, 1117, 1, FS, V
152.3, 1133, 1, FS, V
152.3, 1192, 1, IB, V
152.3, 1392, 1, RS, III
152.3, 1934, 2, IB, V
152.3, 2697, 3, IB, V
152.3, 2702, 3, IB, V
152.3, 3334, 4, RS, V
152.3, 3406, 4, FS, V
152.3, 3446, 4, IB, V
152.3, 3804, 4, LTS, III
152.4, 849, 1, RS, VI
152.4, 1014, 1, LTS, VI
152.4, 1085, 1, RS, V
152.4, 1429, 1, RS, III
152.4, 1484, 1, FS, III
152.4, 1501, 1, FS, III
152.4, 1684, 2, RS, VI
152.4, 1905, 2, FS, V
152.4, 2685, 3, IB, V
152.4, 2714, 3, IB, V
152.4, 3399, 4, FS, V
152.4, 3471, 4, IB, V
152.4, 3786, 4, LTS, III
152.4, 3793, 4, LTS, III
152.5, 362, 0, FS, V
152.5, 382, 0, FS, V
152.5, 383, 0, FS, V
152.5, 1179, 1, IB, V
152.5, 1319, 1, RS, III
152.5, 1477, 1, FS, III
152.5, 1494, 1, FS, III
152.5, 1878, 2, FS, V
152.5, 1883, 2, FS, V
152.5, 1890, 2, FS, V
152.5, 1907, 2, FS, V
152.5, 2593, 3, RS, V
152.5, 3445, 4, IB, V
152.5, 3449, 4, IB, V
152.6, 732, 0, FS, III
152.6, 734, 0, FS, III
152.6, 999, 1, FS, VI
152.6, 1035, 1, RS, V
152.6, 1106, 1, RS, V
152.6, 1161, 1, IB, V
152.6, 1177, 1, IB, V
152.6, 1495, 1, FS, III
152.6, 1672, 2, RS, VI
152.6, 2244, 2, FS, III
152.6, 2265, 2, LTS, III
152.6, 2582, 3, RS, V
152.6, 3454, 4, IB, V
152.6, 3768, 4, FS, III
152.7, 160, 0, RS, VI
152.7, 1052, 1, RS, V
152.7, 1137, 1, FS, V
152.7, 1306, 1, LTS, IV
152.7, 1376, 1, RS, III
152.7, 1513, 1, LTS, III
152.7, 2261, 2, FS, III
152.7, 2686, 3, IB, V
152.7, 2690, 3, IB, V
152.7, 3338, 4, RS, V
152.7, 3467, 4, IB, V
152.7, 3475, 4, IB, V
152.8, 401, 0, IB, V
152.8, 416, 0, IB, V
152.8, 727, 0, FS, III
152.8, 878, 1, RS, VI
152.8, 1083, 1, RS, V
152.8, 1136, 1, FS, V
152.8, 1180, 1, IB, V
152.8, 1304, 1, LTS, IV
152.8, 1584, 2, RS, VI
152.8, 2275, 2, LTS, III
152.8, 2683, 3, IB, V
152.8, 3380, 4, RS, V
152.8, 3383, 4, RS, V
152.9, 412, 0, IB, V
152.9, 1126, 1, FS, V
152.9, 1884, 2, FS, V
152.9, 2254, 2, FS, III
152.9, 2823, 3, LTS, IV
152.9, 3441, 4, LTS, V
153, 330, 0, RS, V
153, 368, 0, FS, V
153, 750, 0, LTS, III
153, 1105, 1, RS, V
153, 1190, 1, IB, V
153, 1368, 1, RS, III
153, 1433, 1, RS, III
153, 1499, 1, FS, III
153, 2245, 2, FS, III
153, 2259, 2, FS, III
153, 2629, 3, RS, V
153, 3419, 4, FS, V
153, 3436, 4, LTS, V
153.1, 177, 0, RS, VI
153.1, 712, 0, RS, III
153.1, 791, 1, RS, VI
153.1, 794, 1, RS, VI
153.1, 1118, 1, FS, V
153.1, 1819, 2, RS, V
153.1, 1831, 2, RS, V
153.1, 1852, 2, RS, V
153.1, 1892, 2, FS, V
153.1, 1895, 2, FS, V
153.1, 1901, 2, FS, V
153.1, 1911, 2, LTS, V
153.1, 1943, 2, IB, V
153.1, 2152, 2, RS, III
153.1, 2242, 2, FS, III
153.1, 2653, 3, FS, V
153.1, 3448, 4, IB, V
153.2, 369, 0, FS, V
153.2, 372, 0, FS, V
153.2, 376, 0, FS, V
153.2, 421, 0, IB, V
153.2, 721, 0, FS, III
153.2, 1104, 1, RS, V
153.2, 1125, 1, FS, V
153.2, 1145, 1, FS, V
153.2, 1182, 1, IB, V
153.2, 1296, 1, LTS, IV
153.2, 1421, 1, RS, III
153.2, 1827, 2, RS, V
153.2, 2250, 2, FS, III
153.2, 2279, 2, LTS, III
153.2, 3336, 4, RS, V
153.3, 146, 0, RS, VI
153.3, 315, 0, RS, V
153.3, 367, 0, FS, V
153.3, 1027, 1, LTS, VI
153.3, 1079, 1, RS, V
153.3, 1184, 1, IB, V
153.3, 1500, 1, FS, III
153.3, 2080, 2, RS, III
153.3, 2262, 2, FS, III
153.3, 2282, 2, LTS, III
153.3, 3326, 4, RS, V
153.3, 3447, 4, IB, V
153.3, 3465, 4, IB, V
153.4, 379, 0, FS, V
153.4, 411, 0, IB, V
153.4, 739, 0, FS, III
153.4, 1039, 1, RS, V
153.4, 1120, 1, FS, V
153.4, 1172, 1, IB, V
153.4, 1299, 1, LTS, IV
153.4, 1480, 1, FS, III
153.4, 1508, 1, LTS, III
153.4, 1823, 2, RS, V
153.4, 1896, 2, FS, V
153.4, 2333, 3, RS, VI
153.4, 2696, 3, IB, V
153.4, 2701, 3, IB, V
153.4, 3412, 4, FS, V
153.4, 3761, 4, FS, III
153.5, 378, 0, FS, V
153.5, 380, 0, FS, V
153.5, 730, 0, FS, III
153.5, 780, 1, RS, VI
153.5, 939, 1, RS, VI
153.5, 1122, 1, FS, V
153.5, 1166, 1, IB, V
153.5, 1181, 1, IB, V
153.5, 1282, 1, FS, IV
153.5, 1301, 1, LTS, IV
153.5, 1633, 2, RS, VI
153.5, 1898, 2, FS, V
153.5, 1944, 2, IB, V
153.5, 2260, 2, FS, III
153.5, 2281, 2, LTS, III
153.5, 2619, 3, RS, V
153.5, 3381, 4, RS, V
153.5, 3451, 4, IB, V
153.6, 689, 0, RS, III
153.6, 724, 0, FS, III
153.6, 1169, 1, IB, V
153.6, 1170, 1, IB, V
153.6, 1171, 1, IB, V
153.6, 1178, 1, IB, V
153.6, 2650, 3, FS, V
153.6, 2695, 3, IB, V
153.6, 3433, 4, LTS, V
153.7, 331, 0, RS, V
153.7, 356, 0, FS, V
153.7, 377, 0, FS, V
153.7, 740, 0, FS, III
153.7, 933, 1, RS, VI
153.7, 1036, 1, RS, V
153.7, 1066, 1, RS, V
153.7, 1173, 1, IB, V
153.7, 1289, 1, FS, IV
153.7, 1402, 1, RS, III
153.7, 1478, 1, FS, III
153.7, 1812, 2, RS, V
153.7, 1902, 2, FS, V
153.7, 2642, 3, FS, V
153.7, 3358, 4, RS, V
153.8, 381, 0, FS, V
153.8, 843, 1, RS, VI
153.8, 1124, 1, FS, V
153.8, 1142, 1, FS, V
153.8, 1876, 2, RS, V
153.8, 1909, 2, LTS, V
153.8, 1932, 2, IB, V
153.8, 3024, 3, LTS, III
153.8, 3026, 3, LTS, III
153.8, 3028, 3, LTS, III
153.8, 3363, 4, RS, V
153.9, 364, 0, FS, V
153.9, 385, 0, FS, V
153.9, 748, 0, LTS, III
153.9, 1116, 1, FS, V
153.9, 1123, 1, FS, V
153.9, 1128, 1, FS, V
153.9, 1141, 1, FS, V
153.9, 1174, 1, IB, V
153.9, 1175, 1, IB, V
153.9, 1187, 1, IB, V
153.9, 1308, 1, RS, III
153.9, 1312, 1, RS, III
153.9, 1947, 2, IB, V
153.9, 2115, 2, RS, III
153.9, 2239, 2, FS, III
153.9, 2256, 2, FS, III
153.9, 3027, 3, LTS, III
153.9, 3029, 3, LTS, III
153.9, 3042, 3, LTS, III
153.9, 3375, 4, RS, V
153.9, 3395, 4, RS, V
153.9, 3461, 4, IB, V
153.9, 3469, 4, IB, V
154, 131, 0, RS, VI
154, 375, 0, FS, V
154, 752, 0, LTS, III
154, 896, 1, RS, VI
154, 1143, 1, FS, V
154, 1464, 1, RS, III
154, 1537, 2, RS, VI
154, 1549, 2, RS, VI
154, 1800, 2, RS, V
154, 1891, 2, FS, V
154, 2576, 3, RS, V
154, 2636, 3, RS, V
154, 2699, 3, IB, V
154, 3407, 4, FS, V
154, 3798, 4, LTS, III
154.1, 1, 0, RS, VI
154.1, 829, 1, RS, VI
154.1, 1144, 1, FS, V
154.1, 1188, 1, IB, V
154.1, 1279, 1, FS, IV
154.1, 1344, 1, RS, III
154.1, 1476, 1, FS, III
154.1, 1489, 1, FS, III
154.1, 1493, 1, FS, III
154.1, 2687, 3, IB, V
154.1, 3037, 3, LTS, III
154.2, 719, 0, FS, III
154.2, 743, 0, LTS, III
154.2, 1111, 1, RS, V
154.2, 1119, 1, FS, V
154.2, 1127, 1, FS, V
154.2, 1165, 1, IB, V
154.2, 1347, 1, RS, III
154.2, 1453, 1, RS, III
154.2, 1483, 1, FS, III
154.2, 2252, 2, FS, III
154.2, 2271, 2, LTS, III
154.2, 2624, 3, RS, V
154.2, 2712, 3, IB, V
154.2, 3035, 3, LTS, III
154.3, 1051, 1, RS, V
154.3, 1060, 1, RS, V
154.3, 1093, 1, RS, V
154.3, 1168, 1, IB, V
154.3, 1391, 1, RS, III
154.3, 1923, 2, IB, V
154.3, 2264, 2, LTS, III
154.3, 3030, 3, LTS, III
154.3, 3041, 3, LTS, III
154.3, 3787, 4, LTS, III
154.4, 717, 0, FS, III
154.4, 1134, 1, FS, V
154.4, 1318, 1, RS, III
154.4, 1454, 1, RS, III
154.4, 1485, 1, FS, III
154.4, 1491, 1, FS, III
154.4, 1952, 2, IB, V
154.4, 2249, 2, FS, III
154.4, 2270, 2, LTS, III
154.4, 2274, 2, LTS, III
154.4, 3379, 4, RS, V
154.4, 3455, 4, IB, V
154.4, 3470, 4, IB, V
154.4, 3789, 4, LTS, III
154.5, 414, 0, IB, V
154.5, 1131, 1, FS, V
154.5, 1186, 1, IB, V
154.5, 1372, 1, RS, III
154.5, 1437, 1, RS, III
154.5, 1487, 1, FS, III
154.5, 1929, 2, IB, V
154.5, 2187, 2, RS, III
154.5, 2215, 2, RS, III
154.5, 3464, 4, IB, V
154.6, 1062, 1, RS, V
154.6, 1135, 1, FS, V
154.6, 1183, 1, IB, V
154.6, 2248, 2, FS, III
154.6, 2384, 3, RS, VI
154.6, 3019, 3, FS, III
154.6, 3039, 3, LTS, III
154.6, 3463, 4, IB, V
154.6, 3580, 4, LTS, IV
154.7, 3, 0, RS, VI
154.7, 747, 0, LTS, III
154.7, 1130, 1, FS, V
154.7, 1185, 1, IB, V
154.7, 1407, 1, RS, III
154.7, 1498, 1, FS, III
154.7, 2273, 2, LTS, III
154.7, 2665, 3, FS, V
154.7, 2821, 3, LTS, IV
154.7, 2826, 3, LTS, IV
154.7, 3439, 4, LTS, V
154.7, 3587, 4, LTS, IV
154.8, 729, 0, FS, III
154.8, 749, 0, LTS, III
154.8, 755, 0, LTS, III
154.8, 850, 1, RS, VI
154.8, 1107, 1, RS, V
154.8, 1121, 1, FS, V
154.8, 1176, 1, IB, V
154.8, 1497, 1, FS, III
154.8, 2705, 3, IB, V
154.8, 3474, 4, IB, V
154.8, 3588, 4, LTS, IV
154.9, 428, 0, IB, V
154.9, 737, 0, FS, III
154.9, 1069, 1, RS, V
154.9, 1103, 1, RS, V
154.9, 1164, 1, IB, V
154.9, 1511, 1, LTS, III
154.9, 1520, 1, LTS, III
154.9, 1558, 2, RS, VI
154.9, 1856, 2, RS, V
154.9, 1885, 2, FS, V
154.9, 2267, 2, LTS, III
154.9, 2640, 3, FS, V
154.9, 3560, 4, FS, IV
154.9, 3586, 4, LTS, IV
154.9, 3802, 4, LTS, III
155, 1492, 1, FS, III
155, 3582, 4, LTS, IV
155, 3799, 4, LTS, III
155.1, 733, 0, FS, III
155.1, 756, 0, LTS, III
155.1, 1018, 1, LTS, VI
155.1, 1140, 1, FS, V
155.1, 1303, 1, LTS, IV
155.1, 1330, 1, RS, III
155.1, 1354, 1, RS, III
155.1, 1486, 1, FS, III
155.1, 2649, 3, FS, V
155.1, 3356, 4, RS, V
155.1, 3386, 4, RS, V
155.2, 563, 0, RS, III
155.2, 742, 0, LTS, III
155.2, 746, 0, LTS, III
155.2, 1038, 1, RS, V
155.2, 1072, 1, RS, V
155.2, 1081, 1, RS, V
155.2, 1096, 1, RS, V
155.2, 1132, 1, FS, V
155.2, 1139, 1, FS, V
155.2, 1191, 1, IB, V
155.2, 1398, 1, RS, III
155.2, 1417, 1, RS, III
155.2, 1428, 1, RS, III
155.2, 1436, 1, RS, III
155.2, 1488, 1, FS, III
155.2, 1528, 2, RS, VI
155.2, 1906, 2, FS, V
155.2, 2096, 2, RS, III
155.2, 3350, 4, RS, V
155.2, 3466, 4, IB, V
155.3, 357, 0, FS, V
155.3, 745, 0, LTS, III
155.3, 1041, 1, RS, V
155.3, 1112, 1, RS, V
155.3, 1117, 1, FS, V
155.3, 1133, 1, FS, V
155.3, 1515, 1, LTS, III
155.3, 1942, 2, IB, V
155.3, 1951, 2, IB, V
155.3, 2258, 2, FS, III
155.3, 2284, 3, RS, VI
155.3, 2698, 3, IB, V
155.3, 2710, 3, IB, V
155.3, 3025, 3, LTS, III
155.3, 3453, 4, IB, V
155.3, 3777, 4, FS, III
155.4, 1129, 1, FS, V
155.4, 1339, 1, RS, III
155.4, 1369, 1, RS, III
155.4, 1501, 1, FS, III
155.4, 1818, 2, RS, V
155.4, 1840, 2, RS, V
155.4, 2237, 2, FS, III
155.4, 3444, 4, IB, V
155.4, 3473, 4, IB, V
155.4, 3803, 4, LTS, III
155.5, 417, 0, IB, V
155.5, 718, 0, FS, III
155.5, 754, 0, LTS, III
155.5, 792, 1, RS, VI
155.5, 851, 1, RS, VI
155.5, 879, 1, RS, VI
155.5, 1321, 1, RS, III
155.5, 1423, 1, RS, III
155.5, 1484, 1, FS, III
155.5, 1517, 1, LTS, III
155.5, 1924, 2, IB, V
155.5, 2702, 3, IB, V
155.5, 3007, 3, FS, III
155.5, 3032, 3, LTS, III
155.5, 3038, 3, LTS, III
155.5, 3553, 4, FS, IV
155.5, 3574, 4, FS, IV
155.5, 3589, 4, LTS, IV
155.6, 1058, 1, RS, V
155.6, 1070, 1, RS, V
155.6, 1167, 1, IB, V
155.6, 1494, 1, FS, III
155.6, 1495, 1, FS, III
155.6, 2599, 3, RS, V
155.6, 2652, 3, FS, V
155.6, 2692, 3, IB, V
155.6, 3006, 3, FS, III
155.6, 3452, 4, IB, V
155.6, 3555, 4, FS, IV
155.7, 757, 0, LTS, III
155.7, 1472, 1, RS, III
155.7, 1886, 2, FS, V
155.7, 2257, 2, FS, III
155.7, 2639, 3, FS, V
155.7, 3034, 3, LTS, III
155.7, 3449, 4, IB, V
155.7, 3583, 4, LTS, IV
155.8, 25, 0, RS, VI
155.8, 118, 0, RS, VI
155.8, 1192, 1, IB, V
155.8, 1514, 1, LTS, III
155.8, 2057, 2, LTS, IV
155.8, 3031, 3, LTS, III
155.8, 3581, 4, LTS, IV
155.8, 3797, 4, LTS, III
155.9, 170, 0, RS, VI
155.9, 715, 0, FS, III
155.9, 759, 0, LTS, III
155.9, 1137, 1, FS, V
155.9, 1162, 1, IB, V
155.9, 1179, 1, IB, V
155.9, 1370, 1, RS, III
155.9, 1477, 1, FS, III
155.9, 1482, 1, FS, III
155.9, 1934, 2, IB, V
155.9, 2575, 3, RS, V
155.9, 2697, 3, IB, V
155.9, 3014, 3, FS, III
155.9, 3023, 3, FS, III
155.9, 3033, 3, LTS, III
155.9, 3325, 4, RS, V
155.9, 3348, 4, RS, V
155.9, 3390, 4, RS, V
155.9, 3457, 4, IB, V
155.9, 3468, 4, IB, V
155.9, 3471, 4, IB, V
156, 17, 0, RS, VI
156, 195, 0, RS, VI
156, 310, 0, RS, V
156, 1046, 1, RS, V
156, 1115, 1, RS, V
156, 1180, 1, IB, V
156, 1189, 1, IB, V
156, 1348, 1, RS, III
156, 2594, 3, RS, V
156, 2643, 3, FS, V
156, 2659, 3, FS, V
156, 2690, 3, IB, V
156.1, 106, 0, RS, VI
156.1, 744, 0, LTS, III
156.1, 798, 1, RS, VI
156.1, 1114, 1, RS, V
156.1, 1145, 1, FS, V
156.1, 1323, 1, RS, III
156.1, 2651, 3, FS, V
156.1, 2653, 3, FS, V
156.1, 2688, 3, IB, V
156.1, 2714, 3, IB, V
156.1, 3357, 4, RS, V
156.1, 3450, 4, IB, V
156.1, 3559, 4, FS, IV
156.2, 292, 0, RS, V
156.2, 373, 0, FS, V
156.2, 720, 0, FS, III
156.2, 1177, 1, IB, V
156.2, 1371, 1, RS, III
156.2, 1496, 1, FS, III
156.2, 1953, 2, IB, V
156.2, 2704, 3, IB, V
156.2, 3445, 4, IB, V
156.2, 3448, 4, IB, V
156.2, 3454, 4, IB, V
156.2, 3792, 4, LTS, III
156.3, 7, 0, RS, VI
156.3, 1120, 1, FS, V
156.3, 1161, 1, IB, V
156.3, 3011, 3, FS, III
156.3, 3022, 3, FS, III
156.3, 3585, 4, LTS, IV
156.4, 657, 0, RS, III
156.4, 1099, 1, RS, V
156.4, 1300, 1, LTS, IV
156.4, 1730, 2, RS, VI
156.4, 2323, 3, RS, VI
156.4, 2662, 3, FS, V
156.4, 3017, 3, FS, III
156.4, 3020, 3, FS, III
156.4, 3346, 4, RS, V
156.4, 3462, 4, IB, V
156.5, 1142, 1, FS, V
156.5, 1182, 1, IB, V
156.5, 1621, 2, RS, VI
156.5, 2241, 2, FS, III
156.5, 2683, 3, IB, V
156.5, 2998, 3, FS, III
156.5, 3475, 4, IB, V
156.5, 3556, 4, FS, IV
156.5, 3558, 4, FS, IV
156.5, 3564, 4, FS, IV
156.6, 605, 0, RS, III
156.6, 732, 0, FS, III
156.6, 833, 1, RS, VI
156.6, 1118, 1, FS, V
156.6, 1184, 1, IB, V
156.6, 1190, 1, IB, V
156.6, 1469, 1, RS, III
156.6, 1500, 1, FS, III
156.6, 2567, 3, RS, V
156.6, 2642, 3, FS, V
156.6, 2647, 3, FS, V
156.6, 2666, 3, FS, V
156.6, 2999, 3, FS, III
156.7, 731, 0, FS, III
156.7, 1116, 1, FS, V
156.7, 1124, 1, FS, V
156.7, 1125, 1, FS, V
156.7, 1166, 1, IB, V
156.7, 2253, 2, FS, III
156.7, 2650, 3, FS, V
156.7, 3333, 4, RS, V
156.8, 1122, 1, FS, V
156.8, 1181, 1, IB, V
156.8, 2292, 3, RS, VI
156.8, 2655, 3, FS, V
156.8, 2663, 3, FS, V
156.8, 3328, 4, RS, V
156.8, 3451, 4, IB, V
156.8, 3563, 4, FS, IV
156.8, 3568, 4, FS, IV
156.8, 3571, 4, FS, IV
156.8, 3573, 4, FS, IV
156.9, 1170, 1, IB, V
156.9, 2578, 3, RS, V
156.9, 2641, 3, FS, V
156.9, 2656, 3, FS, V
156.9, 2668, 3, FS, V
156.9, 3562, 4, FS, IV
156.9, 3572, 4, FS, IV
156.9, 3800, 4, LTS, III
157, 1128, 1, FS, V
157, 1138, 1, FS, V
157, 1174, 1, IB, V
157, 1326, 1, RS, III
157, 1525, 2, RS, VI
157, 1612, 2, RS, VI
157, 2191, 2, RS, III
157, 2684, 3, IB, V
157, 3446, 4, IB, V
157, 3577, 4, FS, IV
157.1, 383, 0, FS, V
157.1, 1123, 1, FS, V
157.1, 1143, 1, FS, V
157.1, 1169, 1, IB, V
157.1, 1173, 1, IB, V
157.1, 1175, 1, IB, V
157.1, 1900, 2, FS, V
157.1, 1944, 2, IB, V
157.1, 2667, 3, FS, V
157.1, 3575, 4, FS, IV
157.1, 3579, 4, LTS, IV
157.2, 694, 0, RS, III
157.2, 705, 0, RS, III
157.2, 1171, 1, IB, V
157.2, 1178, 1, IB, V
157.2, 2664, 3, FS, V
157.3, 1119, 1, FS, V
157.3, 1165, 1, IB, V
157.3, 1440, 1, RS, III
157.3, 1478, 1, FS, III
157.3, 2638, 3, FS, V
157.3, 2661, 3, FS, V
157.3, 3013, 3, FS, III
157.3, 3036, 3, LTS, III
157.3, 3567, 4, FS, IV
157.4, 1144, 1, FS, V
157.4, 1896, 2, FS, V
157.4, 2665, 3, FS, V
157.4, 3005, 3, FS, III
157.5, 129, 0, RS, VI
157.5, 1102, 1, RS, V
157.5, 1131, 1, FS, V
157.5, 1188, 1, IB, V
157.5, 1328, 1, RS, III
157.5, 1365, 1, RS, III
157.5, 1883, 2, FS, V
157.5, 2251, 2, FS, III
157.5, 2701, 3, IB, V
157.5, 3461, 4, IB, V
157.6, 413, 0, IB, V
157.6, 726, 0, FS, III
157.6, 1040, 1, RS, V
157.6, 1074, 1, RS, V
157.6, 1168, 1, IB, V
157.6, 2401, 3, RS, VI
157.6, 2699, 3, IB, V
157.6, 3043, 3, LTS, III
157.6, 3557, 4, FS, IV
157.6, 3584, 4, LTS, IV
157.7, 381, 0, FS, V
157.7, 1334, 1, RS, III
157.7, 1479, 1, FS, III
157.7, 1890, 2, FS, V
157.7, 2344, 3, RS, VI
157.7, 2555, 3, RS, V
157.7, 2646, 3, FS, V
157.7, 2654, 3, FS, V
157.7, 3018, 3, FS, III
157.7, 3389, 4, RS, V
157.7, 3801, 4, LTS, III
157.8, 1048, 1, RS, V
157.8, 1127, 1, FS, V
157.8, 1502, 1, LTS, III
157.8, 3463, 4, IB, V
157.8, 3793, 4, LTS, III
157.9, 1585, 2, RS, VI
157.9, 1676, 2, RS, VI
157.9, 2592, 3, RS, V
157.9, 2648, 3, FS, V
157.9, 2649, 3, FS, V
157.9, 3554, 4, FS, IV
158, 1932, 2, IB, V
158, 2689, 3, IB, V
158, 3455, 4, IB, V
158, 3460, 4, IB, V
158, 3804, 4, LTS, III
158.1, 619, 0, RS, III
158.1, 1185, 1, IB, V
158.1, 1316, 1, RS, III
158.1, 1895, 2, FS, V
158.1, 2640, 3, FS, V
158.1, 3472, 4, IB, V
158.2, 1134, 1, FS, V
158.2, 1183, 1, IB, V
158.3, 758, 0, LTS, III
158.3, 1117, 1, FS, V
158.3, 1716, 2, RS, VI
158.3, 3021, 3, FS, III
158.4, 609, 0, RS, III
158.4, 1130, 1, FS, V
158.4, 1429, 1, RS, III
158.4, 1485, 1, FS, III
158.4, 1501, 1, FS, III
158.4, 2582, 3, RS, V
158.4, 2614, 3, RS, V
158.5, 262, 0, LTS, VI
158.5, 1187, 1, IB, V
158.5, 1191, 1, IB, V
158.5, 3010, 3, FS, III
158.5, 3456, 4, IB, V
158.6, 3464, 4, IB, V
158.6, 3787, 4, LTS, III
158.7, 67, 0, RS, VI
158.7, 107, 0, RS, VI
158.7, 1141, 1, FS, V
158.7, 2059, 2, LTS, IV
158.7, 3019, 3, FS, III
158.7, 3770, 4, FS, III
158.7, 3794, 4, LTS, III
158.8, 363, 0, FS, V
158.8, 1025, 1, LTS, VI
158.8, 1923, 2, IB, V
158.8, 3037, 3, LTS, III
158.8, 3042, 3, LTS, III
158.8, 3565, 4, FS, IV
158.8, 3790, 4, LTS, III
158.9, 1028, 1, LTS, VI
158.9, 1083, 1, RS, V
158.9, 1121, 1, FS, V
158.9, 1140, 1, FS, V
158.9, 1492, 1, FS, III
158.9, 2692, 3, IB, V
158.9, 3024, 3, LTS, III
158.9, 3449, 4, IB, V
158.9, 3789, 4, LTS, III
159, 1068, 1, RS, V
159, 1136, 1, FS, V
159, 1494, 1, FS, III
159, 2693, 3, IB, V
159, 3473, 4, IB, V
159.1, 1137, 1, FS, V
159.1, 2653, 3, FS, V
159.1, 3016, 3, FS, III
159.1, 3029, 3, LTS, III
159.2, 375, 0, FS, V
159.2, 1120, 1, FS, V
159.2, 1142, 1, FS, V
159.2, 1145, 1, FS, V
159.2, 1180, 1, IB, V
159.2, 2618, 3, RS, V
159.2, 3026, 3, LTS, III
159.2, 3041, 3, LTS, III
159.2, 3452, 4, IB, V
159.2, 3795, 4, LTS, III
159.3, 1132, 1, FS, V
159.3, 1179, 1, IB, V
159.3, 2659, 3, FS, V
159.3, 2866, 3, RS, III
159.3, 3324, 4, RS, V
159.3, 3431, 4, LTS, V
159.3, 3448, 4, IB, V
159.3, 3466, 4, IB, V
159.3, 3788, 4, LTS, III
159.4, 1079, 1, RS, V
159.4, 1343, 1, RS, III
159.4, 2568, 3, RS, V
159.4, 3349, 4, RS, V
159.4, 3588, 4, LTS, IV
159.5, 1657, 2, RS, VI
159.5, 1713, 2, RS, VI
159.5, 2439, 3, RS, VI
159.5, 2644, 3, FS, V
159.5, 3582, 4, LTS, IV
159.6, 1104, 1, RS, V
159.6, 1105, 1, RS, V
159.6, 1162, 1, IB, V
159.6, 1186, 1, IB, V
159.6, 2586, 3, RS, V
159.6, 2645, 3, FS, V
159.6, 3799, 4, LTS, III
159.7, 1122, 1, FS, V
159.7, 1124, 1, FS, V
159.7, 1495, 1, FS, III
159.8, 1172, 1, IB, V
159.8, 1177, 1, IB, V
159.8, 1182, 1, IB, V
159.8, 1192, 1, IB, V
159.8, 2625, 3, RS, V
159.8, 2709, 3, IB, V
159.8, 3453, 4, IB, V
159.8, 3462, 4, IB, V
159.8, 3578, 4, FS, IV
159.8, 3802, 4, LTS, III
159.9, 1166, 1, IB, V
159.9, 1184, 1, IB, V
159.9, 1498, 1, FS, III
159.9, 1499, 1, FS, III
159.9, 3454, 4, IB, V
160, 1161, 1, IB, V
160, 3468, 4, IB, V
160.1, 1128, 1, FS, V
160.1, 1174, 1, IB, V
160.1, 1181, 1, IB, V
160.1, 1476, 1, FS, III
160.1, 1489, 1, FS, III
160.2, 1116, 1, FS, V
160.2, 1133, 1, FS, V
160.2, 1170, 1, IB, V
160.2, 1190, 1, IB, V
160.2, 1455, 1, RS, III
160.3, 87, 0, RS, VI
160.3, 1123, 1, FS, V
160.3, 1175, 1, IB, V
160.3, 1483, 1, FS, III
160.3, 1729, 2, RS, VI
160.3, 2652, 3, FS, V
160.3, 3035, 3, LTS, III
160.3, 3803, 4, LTS, III
160.4, 257, 0, LTS, VI
160.4, 1119, 1, FS, V
160.4, 1163, 1, IB, V
160.4, 1165, 1, IB, V
160.4, 3458, 4, IB, V
160.4, 3733, 4, RS, III
160.5, 1131, 1, FS, V
160.5, 1139, 1, FS, V
160.5, 2700, 3, IB, V
160.5, 2898, 3, RS, III
160.5, 3586, 4, LTS, IV
160.6, 1169, 1, IB, V
160.6, 1385, 1, RS, III
160.6, 1924, 2, IB, V
160.6, 2687, 3, IB, V
160.6, 3445, 4, IB, V
160.7, 1347, 1, RS, III
160.7, 1389, 1, RS, III
160.7, 1944, 2, IB, V
160.7, 2711, 3, IB, V
160.8, 1171, 1, IB, V
160.8, 1484, 1, FS, III
160.9, 1072, 1, RS, V
160.9, 1477, 1, FS, III
160.9, 2325, 3, RS, VI
160.9, 2710, 3, IB, V
160.9, 3425, 4, FS, V
160.9, 3450, 4, IB, V
160.9, 3581, 4, LTS, IV
161, 1173, 1, IB, V
161, 3374, 4, RS, V
161, 3652, 4, RS, III
161.1, 1020, 1, LTS, VI
161.1, 3461, 4, IB, V
161.1, 3786, 4, LTS, III
161.2, 250, 0, LTS, VI
161.2, 1129, 1, FS, V
161.2, 1143, 1, FS, V
161.2, 1355, 1, RS, III
161.2, 3470, 4, IB, V
161.2, 3580, 4, LTS, IV
161.3, 1491, 1, FS, III
161.3, 1583, 2, RS, VI
161.4, 1117, 1, FS, V
161.4, 1118, 1, FS, V
161.4, 3320, 4, RS, V
161.5, 1112, 1, RS, V
161.5, 1167, 1, IB, V
161.5, 1185, 1, IB, V
161.5, 2563, 3, RS, V
161.5, 3030, 3, LTS, III
161.5, 3415, 4, FS, V
161.6, 1127, 1, FS, V
161.6, 1134, 1, FS, V
161.6, 3460, 4, IB, V
161.7, 3471, 4, IB, V
161.8, 1183, 1, IB, V
161.8, 1191, 1, IB, V
161.8, 2676, 3, LTS, V
161.8, 3039, 3, LTS, III
161.9, 3456, 4, IB, V
162, 3131, 4, RS, VI
162.1, 1070, 1, RS, V
162.1, 1120, 1, FS, V
162.1, 1497, 1, FS, III
162.1, 3446, 4, IB, V
162.2, 1090, 1, RS, V
162.2, 1125, 1, FS, V
162.2, 1486, 1, FS, III
162.3, 85, 0, RS, VI
162.3, 1066, 1, RS, V
162.3, 1137, 1, FS, V
162.3, 2670, 3, LTS, V
162.3, 2671, 3, LTS, V
162.4, 1180, 1, IB, V
162.4, 1362, 1, RS, III
162.5, 2473, 3, RS, VI
162.6, 1501, 1, FS, III
162.7, 1179, 1, IB, V
162.8, 1032, 1, LTS, VI
162.8, 1085, 1, RS, V
162.8, 2429, 3, RS, VI
162.8, 3373, 4, RS, V
162.9, 3465, 4, IB, V
163, 1142, 1, FS, V
163.1, 1178, 1, IB, V
163.1, 1182, 1, IB, V
163.2, 1128, 1, FS, V
163.2, 1174, 1, IB, V
163.2, 1494, 1, FS, III
163.2, 1694, 2, RS, VI
163.3, 1162, 1, IB, V
163.3, 3462, 4, IB, V
163.4, 1146, 1, FS, V
163.6, 1145, 1, FS, V
163.6, 1937, 2, IB, V
163.6, 2239, 2, FS, III
163.6, 3448, 4, IB, V
163.7, 1102, 1, RS, V
163.7, 1161, 1, IB, V
163.7, 1447, 1, RS, III
163.7, 3773, 4, FS, III
163.8, 1189, 1, IB, V
163.8, 1190, 1, IB, V
163.8, 3396, 4, RS, V
163.8, 3454, 4, IB, V
163.8, 3475, 4, IB, V
164, 1131, 1, FS, V
164, 1186, 1, IB, V
164.1, 1124, 1, FS, V
164.1, 1163, 1, IB, V
164.1, 3437, 4, LTS, V
164.2, 1357, 1, RS, III
164.2, 3800, 4, LTS, III
164.3, 3801, 4, LTS, III
164.4, 1144, 1, FS, V
164.5, 855, 1, RS, VI
164.5, 1548, 2, RS, VI
164.6, 1492, 1, FS, III
164.6, 1582, 2, RS, VI
164.6, 3028, 3, LTS, III
164.7, 3461, 4, IB, V
164.9, 1185, 1, IB, V
165, 1883, 2, FS, V
165.1, 13, 0, RS, VI
165.1, 1136, 1, FS, V
165.2, 2328, 3, RS, VI
165.5, 1117, 1, FS, V
165.5, 1891, 2, FS, V
165.7, 3384, 4, RS, V
165.7, 3458, 4, IB, V
165.7, 3770, 4, FS, III
165.8, 1120, 1, FS, V
165.8, 1781, 2, LTS, VI
165.8, 3150, 4, RS, VI
166.1, 311, 0, RS, V
166.3, 2818, 3, LTS, IV
166.3, 3455, 4, IB, V
166.4, 1182, 1, IB, V
166.4, 1885, 2, FS, V
166.6, 259, 0, LTS, VI
166.6, 1892, 2, FS, V
166.6, 3474, 4, IB, V
166.8, 3473, 4, IB, V
167.3, 1119, 1, FS, V
167.3, 1948, 2, IB, V
167.4, 3376, 4, RS, V
167.8, 3472, 4, IB, V
168.2, 267, 0, LTS, VI
168.5, 3425, 4, FS, V
168.5, 3649, 4, RS, III
168.7, 3362, 4, RS, V
169.3, 268, 0, LTS, VI
169.4, 1895, 2, FS, V
169.6, 3636, 4, RS, III
170.3, 1904, 2, FS, V
171.5, 1780, 2, LTS, VI
171.6, 1878, 2, FS, V
171.9, 256, 0, LTS, VI
175.8, 261, 0, LTS, VI
176.1, 3738, 4, RS, III
177, 3306, 4, LTS, VI
178.9, 3355, 4, RS, V
183.8, 2545, 3, LTS, VI
190.2, 393, 0, LTS, V
192.9, 387, 0, LTS, V
194.1, 1148, 1, LTS, V
194.4, 399, 0, LTS, V
195, 395, 0, LTS, V
195.2, 1151, 1, LTS, V
195.3, 1160, 1, LTS, V
195.4, 1153, 1, LTS, V
195.8, 1154, 1, LTS, V
196.4, 1155, 1, LTS, V
197.2, 394, 0, LTS, V
197.5, 1915, 2, LTS, V
197.7, 1147, 1, LTS, V
197.7, 1158, 1, LTS, V
198.3, 1921, 2, LTS, V
198.5, 1156, 1, LTS, V
198.6, 1157, 1, LTS, V
199.7, 1150, 1, LTS, V
199.9, 1149, 1, LTS, V
199.9, 1908, 2, LTS, V
200.8, 391, 0, LTS, V
203.8, 390, 0, LTS, V
203.9, 1920, 2, LTS, V
207.7, 1152, 1, LTS, V
207.8, 386, 0, LTS, V
208.3, 1509, 1, LTS, III
210.1, 1159, 1, LTS, V
210.1, 1918, 2, LTS, V
228.2, 1518, 1, LTS, III
232.4, 3785, 4, LTS, III
235.8, 2060, 2, LTS, IV
241.2, 3027, 3, LTS, III
260.6, 2822, 3, LTS, IV
282.6, 1915, 2, LTS, V
289.2, 393, 0, LTS, V
292.3, 3430, 4, LTS, V
298.8, 1780, 2, LTS, VI
299.6, 261, 0, LTS, VI
315.9, 2818, 3, LTS, IV
332.3, 1154, 1, LTS, V
335.6, 539, 0, LTS, IV
336.4, 1921, 2, LTS, V
336.8, 2545, 3, LTS, VI
337.4, 760, 0, LTS, III
338.6, 3302, 4, LTS, VI
340.8, 3579, 4, LTS, IV
344.6, 259, 0, LTS, VI
362, 3043, 3, LTS, III
372.1, 1299, 1, LTS, IV
372.5, 2821, 3, LTS, IV
375.4, 2669, 3, LTS, V
384.3, 2061, 2, LTS, IV
389.9, 2544, 3, LTS, VI
392.9, 399, 0, LTS, V
397.6, 2676, 3, LTS, V
408.2, 3306, 4, LTS, VI
412.5, 2266, 2, LTS, III
415.1, 1147, 1, LTS, V
416.2, 3583, 4, LTS, IV
423.1, 1148, 1, LTS, V
439, 1780, 2, LTS, VI
443.8, 2533, 3, LTS, VI
447.4, 2822, 3, LTS, IV
452.8, 258, 0, LTS, VI
460.4, 1783, 2, LTS, VI
463.7, 1023, 1, LTS, VI
464, 1011, 1, LTS, VI
465.5, 758, 0, LTS, III
477, 3305, 4, LTS, VI
478.4, 1915, 2, LTS, V
480.9, 1300, 1, LTS, IV
486.7, 3794, 4, LTS, III
487.6, 3033, 3, LTS, III
488.9, 3579, 4, LTS, IV
491.8, 1784, 2, LTS, VI
504, 393, 0, LTS, V
505.6, 3443, 4, LTS, V
513, 2669, 3, LTS, V
513.3, 1296, 1, LTS, IV
516, 1792, 2, LTS, VI
518.7, 2541, 3, LTS, VI
519.6, 261, 0, LTS, VI
521.4, 1160, 1, LTS, V
522.5, 3294, 4, LTS, VI
536.7, 1507, 1, LTS, III
540.4, 1921, 2, LTS, V
546.4, 258, 0, LTS, VI
550.7, 250, 0, LTS, VI
554.9, 1908, 2, LTS, V
559.6, 1780, 2, LTS, VI
561.5, 1022, 1, LTS, VI
572.8, 744, 0, LTS, III
584.3, 2822, 3, LTS, IV
585.2, 386, 0, LTS, V
586.3, 262, 0, LTS, VI
587.7, 539, 0, LTS, IV
595.4, 1154, 1, LTS, V
596.8, 1772, 2, LTS, VI
602.5, 2821, 3, LTS, IV
607, 2682, 3, LTS, V
608.1, 3582, 4, LTS, IV
608.8, 3043, 3, LTS, III
612.1, 2669, 3, LTS, V
618.4, 1011, 1, LTS, VI
620.9, 3027, 3, LTS, III
622.7, 399, 0, LTS, V
632, 394, 0, LTS, V
634.7, 2280, 2, LTS, III
636.9, 2057, 2, LTS, IV
638.4, 2540, 3, LTS, VI
643.5, 2676, 3, LTS, V
645.3, 3305, 4, LTS, VI
646, 1160, 1, LTS, V
650.3, 1506, 1, LTS, III
656.2, 1911, 2, LTS, V
657.5, 2266, 2, LTS, III
661.2, 1023, 1, LTS, VI
666.4, 1019, 1, LTS, VI
672.6, 1784, 2, LTS, VI
681, 3587, 4, LTS, IV
689.7, 1147, 1, LTS, V
695.4, 2533, 3, LTS, VI
696, 2673, 3, LTS, V
703, 2821, 3, LTS, IV
704.4, 3302, 4, LTS, VI
707.6, 3437, 4, LTS, V
714.5, 1521, 1, LTS, III
714.6, 387, 0, LTS, V
721.4, 3802, 4, LTS, III
726.1, 2281, 2, LTS, III
733.8, 2818, 3, LTS, IV
736.4, 3294, 4, LTS, VI
737, 1296, 1, LTS, IV
738.2, 1780, 2, LTS, VI
741.8, 2676, 3, LTS, V
746.1, 2682, 3, LTS, V
760.2, 2822, 3, LTS, IV
762.9, 2541, 3, LTS, VI
772.8, 3306, 4, LTS, VI
774, 539, 0, LTS, IV
777.8, 1299, 1, LTS, IV
781.6, 3041, 3, LTS, III
783.8, 3431, 4, LTS, V
785.1, 1155, 1, LTS, V
786.7, 2545, 3, LTS, VI
789.3, 2282, 2, LTS, III
798.3, 1023, 1, LTS, VI
799.2, 1921, 2, LTS, V
804.7, 399, 0, LTS, V
807.1, 3305, 4, LTS, VI
807.3, 1158, 1, LTS, V
808.7, 2533, 3, LTS, VI
812, 2268, 2, LTS, III
812.2, 387, 0, LTS, V
813.6, 1772, 2, LTS, VI
815.1, 3043, 3, LTS, III
817.4, 2057, 2, LTS, IV
818.2, 1011, 1, LTS, VI
821.7, 1908, 2, LTS, V
826.7, 1300, 1, LTS, IV
827.9, 3582, 4, LTS, IV
838, 386, 0, LTS, V
850.6, 250, 0, LTS, VI
852, 1506, 1, LTS, III
853.8, 2821, 3, LTS, IV
857.5, 1784, 2, LTS, VI
859.3, 2544, 3, LTS, VI
870, 3804, 4, LTS, III
877.6, 3027, 3, LTS, III
879, 3789, 4, LTS, III
882.1, 390, 0, LTS, V
885.4, 1230, 1, RS, IV
886.9, 1783, 2, LTS, VI
893.3, 3794, 4, LTS, III
894.2, 2822, 3, LTS, IV
898.3, 758, 0, LTS, III
899.4, 2682, 3, LTS, V
905.2, 1521, 1, LTS, III
906.8, 399, 0, LTS, V
909.6, 1299, 1, LTS, IV
912.7, 1916, 2, LTS, V
918.6, 3306, 4, LTS, VI
920.5, 2067, 2, LTS, IV
921.4, 1300, 1, LTS, IV
924.2, 270, 0, LTS, VI
930.8, 535, 0, LTS, IV
931.7, 1511, 1, LTS, III
933.4, 1915, 2, LTS, V
942.2, 1780, 2, LTS, VI
944.8, 2065, 2, LTS, IV
949.7, 1151, 1, LTS, V
950, 1518, 1, LTS, III
954.3, 2271, 2, LTS, III
956.4, 1908, 2, LTS, V
960.5, 1306, 1, LTS, IV
968.1, 2670, 3, LTS, V
978.5, 539, 0, LTS, IV
979.1, 3583, 4, LTS, IV
980.3, 2280, 2, LTS, III
984.8, 2676, 3, LTS, V
998.2, 262, 0, LTS, VI
