12.6, 1028, 1, LTS, VI
13.3, 1515, 1, LTS, III
14.1, 525, 0, LTS, IV
16.9, 1298, 1, LTS, IV
21.4, 2540, 3, LTS, VI
23.1, 1923, 2, LTS, V
23.4, 752, 0, LTS, III
24.3, 1790, 2, LTS, VI
24.6, 408, 0, LTS, V
25.3, 3569, 4, LTS, IV
28.7, 2691, 3, LTS, V
28.8, 3575, 4, LTS, IV
29.6, 2060, 2, LTS, IV
31.8, 267, 0, LTS, VI
32.8, 2821, 3, LTS, IV
33.3, 2274, 2, LTS, III
33.7, 405, 0, LTS, V
34.4, 3037, 3, LTS, III
34.9, 1290, 1, LTS, IV
35, 400, 0, LTS, V
35.2, 2826, 3, LTS, IV
36, 409, 0, LTS, V
37.2, 1167, 1, LTS, V
40.2, 542, 0, LTS, IV
42.2, 1780, 2, LTS, VI
43.2, 3582, 4, LTS, IV
43.9, 1292, 1, LTS, IV
43.9, 2282, 2, LTS, III
44, 261, 0, LTS, VI
44.1, 3444, 4, LTS, V
46.7, 3304, 4, LTS, VI
47.2, 1303, 1, LTS, IV
50.9, 401, 0, LTS, V
53.6, 2051, 2, LTS, IV
53.7, 2280, 2, LTS, III
57.1, 2553, 3, LTS, VI
59.2, 529, 0, LTS, IV
60, 1021, 1, LTS, VI
60.5, 1783, 2, LTS, VI
60.7, 2683, 3, LTS, V
61.2, 3576, 4, LTS, IV
61.9, 3804, 4, LTS, III
62.9, 269, 0, LTS, VI
66.4, 2055, 2, LTS, IV
67.2, 1286, 1, LTS, IV
68.8, 2541, 3, LTS, VI
69.1, 758, 0, LTS, III
72.9, 2817, 3, LTS, IV
74.9, 1295, 1, LTS, IV
75.3, 2825, 3, LTS, IV
75.4, 3437, 4, LTS, V
75.6, 543, 0, LTS, IV
76.4, 1163, 1, LTS, V
77, 1169, 1, LTS, V
83.1, 3798, 4, LTS, III
84.6, 2687, 3, LTS, V
85.6, 1513, 1, LTS, III
86.3, 584, 0, RS, III
87.9, 1922, 2, LTS, V
88.4, 3447, 4, LTS, V
89.6, 396, 0, LTS, V
90.5, 1299, 1, LTS, IV
92.6, 3041, 3, LTS, III
97.7, 1161, 1, LTS, V
104.1, 1220, 1, RS, IV
104.1, 3577, 4, LTS, IV
104.3, 1195, 1, RS, IV
104.4, 507, 0, FS, IV
104.5, 1207, 1, RS, IV
104.7, 522, 0, FS, IV
104.7, 1222, 1, RS, IV
104.7, 1254, 1, RS, IV
104.8, 1255, 1, RS, IV
104.9, 1198, 1, RS, IV
105, 1147, 1, FS, V
105.1, 1221, 1, RS, IV
105.1, 1231, 1, RS, IV
105.1, 1278, 1, FS, IV
105.2, 1201, 1, RS, IV
105.2, 1204, 1, RS, IV
105.2, 1239, 1, RS, IV
105.2, 1268, 1, FS, IV
105.3, 515, 0, FS, IV
105.3, 519, 0, FS, IV
105.3, 1202, 1, RS, IV
105.3, 1249, 1, RS, IV
105.3, 1264, 1, RS, IV
105.3, 1272, 1, FS, IV
105.3, 1274, 1, FS, IV
105.3, 2043, 2, FS, IV
105.4, 1244, 1, RS, IV
105.6, 1114, 1, FS, V
105.6, 1228, 1, RS, IV
105.6, 1250, 1, RS, IV
105.6, 2045, 2, FS, IV
105.7, 517, 0, FS, IV
105.7, 1119, 1, FS, V
105.7, 1216, 1, RS, IV
105.7, 1253, 1, RS, IV
105.7, 1260, 1, RS, IV
105.8, 1213, 1, RS, IV
105.8, 1236, 1, RS, IV
105.8, 1277, 1, FS, IV
105.8, 3799, 4, LTS, III
105.9, 1203, 1, RS, IV
105.9, 1212, 1, RS, IV
105.9, 2040, 2, FS, IV
106, 1193, 1, RS, IV
106, 1205, 1, RS, IV
106, 1217, 1, RS, IV
106, 1240, 1, RS, IV
106, 1280, 1, FS, IV
106.1, 3035, 3, LTS, III
106.2, 1243, 1, RS, IV
106.3, 1245, 1, RS, IV
106.3, 1266, 1, RS, IV
106.3, 1281, 1, FS, IV
106.4, 1209, 1, RS, IV
106.4, 1225, 1, RS, IV
106.4, 1246, 1, RS, IV
106.4, 1262, 1, RS, IV
106.4, 1270, 1, FS, IV
106.4, 1279, 1, FS, IV
106.4, 2802, 3, FS, IV
106.5, 1261, 1, RS, IV
106.5, 2037, 2, FS, IV
106.6, 520, 0, FS, IV
106.6, 1227, 1, RS, IV
106.6, 1248, 1, RS, IV
106.7, 1258, 1, RS, IV
106.8, 1116, 1, FS, V
106.9, 1199, 1, RS, IV
107, 1215, 1, RS, IV
107, 1234, 1, RS, IV
107, 2032, 2, FS, IV
107.1, 512, 0, FS, IV
107.1, 1206, 1, RS, IV
107.1, 1233, 1, RS, IV
107.1, 1282, 1, FS, IV
107.2, 514, 0, FS, IV
107.2, 1241, 1, RS, IV
107.2, 1252, 1, RS, IV
107.2, 2044, 2, FS, IV
107.2, 2790, 3, FS, IV
107.3, 511, 0, FS, IV
107.3, 521, 0, FS, IV
107.3, 1115, 1, FS, V
107.3, 1238, 1, RS, IV
107.3, 1273, 1, FS, IV
107.3, 1284, 1, FS, IV
107.3, 2036, 2, FS, IV
107.4, 1153, 1, FS, V
107.4, 1226, 1, RS, IV
107.4, 1257, 1, RS, IV
107.4, 1269, 1, FS, IV
107.4, 1283, 1, FS, IV
107.5, 1197, 1, RS, IV
107.5, 1267, 1, FS, IV
107.5, 2039, 2, FS, IV
107.6, 518, 0, FS, IV
107.6, 1194, 1, RS, IV
107.6, 1196, 1, RS, IV
107.6, 1265, 1, RS, IV
107.7, 510, 0, FS, IV
107.7, 1121, 1, FS, V
107.7, 1224, 1, RS, IV
107.7, 1235, 1, RS, IV
107.7, 1276, 1, FS, IV
107.8, 1122, 1, FS, V
107.8, 1127, 1, FS, V
107.8, 1210, 1, RS, IV
107.8, 1256, 1, RS, IV
108, 260, 0, LTS, VI
108, 1133, 1, FS, V
108, 1237, 1, RS, IV
108, 1278, 1, FS, IV
108.1, 1214, 1, RS, IV
108.1, 1268, 1, FS, IV
108.1, 2034, 2, FS, IV
108.2, 1272, 1, FS, IV
108.2, 1274, 1, FS, IV
108.2, 1275, 1, FS, IV
108.3, 508, 0, FS, IV
108.3, 1208, 1, RS, IV
108.3, 1230, 1, RS, IV
108.3, 1259, 1, RS, IV
108.3, 1271, 1, FS, IV
108.4, 1219, 1, RS, IV
108.4, 2030, 2, FS, IV
108.4, 2801, 3, FS, IV
108.5, 513, 0, FS, IV
108.5, 1128, 1, FS, V
108.5, 1136, 1, FS, V
108.5, 1142, 1, FS, V
108.5, 1200, 1, RS, IV
108.5, 1211, 1, RS, IV
108.5, 2029, 2, FS, IV
108.6, 1143, 1, FS, V
108.6, 1242, 1, RS, IV
108.6, 2794, 3, FS, IV
108.7, 1124, 1, FS, V
108.7, 1277, 1, FS, IV
108.7, 2041, 2, FS, IV
108.8, 1251, 1, RS, IV
108.8, 2270, 2, LTS, III
108.9, 523, 0, FS, IV
108.9, 1120, 1, FS, V
108.9, 1280, 1, FS, IV
108.9, 2042, 2, FS, IV
109, 1141, 1, FS, V
109, 1263, 1, RS, IV
109, 2035, 2, FS, IV
109.1, 2796, 3, FS, IV
109.2, 1281, 1, FS, IV
109.2, 2033, 2, FS, IV
109.3, 1270, 1, FS, IV
109.3, 1279, 1, FS, IV
109.4, 1064, 1, RS, V
109.4, 1148, 1, FS, V
109.4, 1229, 1, RS, IV
109.5, 1447, 1, RS, III
109.6, 1134, 1, FS, V
109.6, 1151, 1, FS, V
109.7, 1290, 1, LTS, IV
109.7, 1304, 1, LTS, IV
109.8, 1333, 1, RS, III
109.8, 1504, 1, FS, III
109.9, 1223, 1, RS, IV
109.9, 1289, 1, LTS, IV
109.9, 1469, 1, RS, III
110, 507, 0, FS, IV
110, 1282, 1, FS, IV
110, 1296, 1, LTS, IV
110, 1427, 1, RS, III
110, 2798, 3, FS, IV
110.1, 514, 0, FS, IV
110.1, 1328, 1, RS, III
110.1, 1362, 1, RS, III
110.1, 1380, 1, RS, III
110.1, 1397, 1, RS, III
110.1, 1449, 1, RS, III
110.1, 1456, 1, RS, III
110.1, 1480, 1, FS, III
110.1, 1499, 1, FS, III
110.2, 1273, 1, FS, IV
110.2, 1284, 1, FS, IV
110.2, 1288, 1, LTS, IV
110.2, 1361, 1, RS, III
110.2, 1367, 1, RS, III
110.2, 1394, 1, RS, III
110.2, 1416, 1, RS, III
110.2, 1460, 1, RS, III
110.2, 1485, 1, FS, III
110.2, 1490, 1, FS, III
110.2, 1500, 1, FS, III
110.2, 2036, 2, FS, IV
110.2, 2038, 2, FS, IV
110.3, 1269, 1, FS, IV
110.3, 1283, 1, FS, IV
110.3, 1293, 1, LTS, IV
110.3, 1348, 1, RS, III
110.3, 1438, 1, RS, III
110.3, 1467, 1, RS, III
110.3, 1472, 1, RS, III
110.4, 1267, 1, FS, IV
110.4, 1306, 1, LTS, IV
110.4, 1309, 1, RS, III
110.4, 1346, 1, RS, III
110.4, 1463, 1, RS, III
110.4, 1476, 1, FS, III
110.5, 1390, 1, RS, III
110.5, 1433, 1, RS, III
110.5, 1439, 1, RS, III
110.5, 1453, 1, RS, III
110.5, 1465, 1, RS, III
110.5, 1466, 1, RS, III
110.5, 1778, 2, LTS, VI
110.5, 2032, 2, FS, IV
110.6, 1276, 1, FS, IV
110.6, 1383, 1, RS, III
110.6, 1398, 1, RS, III
110.6, 1430, 1, RS, III
110.6, 1495, 1, FS, III
110.6, 1501, 1, FS, III
110.7, 1297, 1, LTS, IV
110.7, 1312, 1, RS, III
110.7, 1332, 1, RS, III
110.7, 1335, 1, RS, III
110.7, 1338, 1, RS, III
110.7, 1379, 1, RS, III
110.7, 1401, 1, RS, III
110.7, 1420, 1, RS, III
110.7, 1471, 1, RS, III
110.8, 1325, 1, RS, III
110.8, 1377, 1, RS, III
110.8, 1408, 1, RS, III
110.8, 1418, 1, RS, III
110.8, 1461, 1, RS, III
110.8, 1503, 1, FS, III
110.9, 516, 0, FS, IV
110.9, 1278, 1, FS, IV
110.9, 1404, 1, RS, III
110.9, 1441, 1, RS, III
110.9, 1488, 1, FS, III
111, 1268, 1, FS, IV
111, 1319, 1, RS, III
111, 1349, 1, RS, III
111, 1350, 1, RS, III
111, 1352, 1, RS, III
111, 1373, 1, RS, III
111, 1431, 1, RS, III
111, 1435, 1, RS, III
111, 1451, 1, RS, III
111, 1459, 1, RS, III
111, 1462, 1, RS, III
111.1, 1272, 1, FS, IV
111.1, 1274, 1, FS, IV
111.1, 1275, 1, FS, IV
111.1, 1387, 1, RS, III
111.1, 1388, 1, RS, III
111.1, 1400, 1, RS, III
111.1, 1421, 1, RS, III
111.1, 1444, 1, RS, III
111.1, 1446, 1, RS, III
111.1, 1454, 1, RS, III
111.1, 2037, 2, FS, IV
111.2, 510, 0, FS, IV
111.2, 515, 0, FS, IV
111.2, 1271, 1, FS, IV
111.2, 1314, 1, RS, III
111.2, 1317, 1, RS, III
111.2, 1347, 1, RS, III
111.2, 1356, 1, RS, III
111.2, 1359, 1, RS, III
111.2, 1360, 1, RS, III
111.2, 1425, 1, RS, III
111.2, 1474, 1, FS, III
111.2, 1489, 1, FS, III
111.2, 1496, 1, FS, III
111.3, 1470, 1, RS, III
111.4, 1308, 1, RS, III
111.4, 1322, 1, RS, III
111.4, 1355, 1, RS, III
111.4, 1358, 1, RS, III
111.4, 1370, 1, RS, III
111.4, 1381, 1, RS, III
111.4, 1399, 1, RS, III
111.4, 1410, 1, RS, III
111.4, 1502, 1, FS, III
111.4, 2043, 2, FS, IV
111.5, 1365, 1, RS, III
111.5, 1378, 1, RS, III
111.5, 1506, 1, FS, III
111.5, 1508, 1, FS, III
111.6, 1277, 1, FS, IV
111.6, 1337, 1, RS, III
111.6, 1339, 1, RS, III
111.6, 1345, 1, RS, III
111.6, 1442, 1, RS, III
111.6, 1483, 1, FS, III
111.7, 1301, 1, LTS, IV
111.7, 1363, 1, RS, III
111.7, 1392, 1, RS, III
111.7, 1395, 1, RS, III
111.7, 1411, 1, RS, III
111.7, 1487, 1, FS, III
111.7, 1505, 1, FS, III
111.7, 1507, 1, FS, III
111.7, 2044, 2, FS, IV
111.8, 1280, 1, FS, IV
111.8, 1375, 1, RS, III
111.8, 1384, 1, RS, III
111.8, 1423, 1, RS, III
111.8, 1448, 1, RS, III
111.8, 1452, 1, RS, III
111.8, 1457, 1, RS, III
111.8, 1458, 1, RS, III
111.8, 1479, 1, FS, III
111.9, 519, 0, FS, IV
111.9, 1285, 1, LTS, IV
111.9, 1351, 1, RS, III
111.9, 1368, 1, RS, III
111.9, 1385, 1, RS, III
111.9, 1393, 1, RS, III
111.9, 1402, 1, RS, III
111.9, 1405, 1, RS, III
111.9, 1426, 1, RS, III
112, 1310, 1, RS, III
112, 1316, 1, RS, III
112, 1323, 1, RS, III
112, 1329, 1, RS, III
112, 1334, 1, RS, III
112, 1372, 1, RS, III
112, 1386, 1, RS, III
112, 1429, 1, RS, III
112, 1482, 1, FS, III
112, 1494, 1, FS, III
112.1, 1281, 1, FS, IV
112.1, 1294, 1, LTS, IV
112.1, 1315, 1, RS, III
112.1, 1353, 1, RS, III
112.1, 1364, 1, RS, III
112.1, 1369, 1, RS, III
112.1, 1382, 1, RS, III
112.1, 1389, 1, RS, III
112.1, 1403, 1, RS, III
112.1, 1409, 1, RS, III
112.1, 1419, 1, RS, III
112.1, 1436, 1, RS, III
112.1, 1468, 1, RS, III
112.1, 1492, 1, FS, III
112.1, 2031, 2, FS, IV
112.2, 1270, 1, FS, IV
112.2, 1279, 1, FS, IV
112.2, 1341, 1, RS, III
112.2, 1477, 1, FS, III
112.3, 1340, 1, RS, III
112.3, 1414, 1, RS, III
112.3, 1450, 1, RS, III
112.3, 1478, 1, FS, III
112.4, 1291, 1, LTS, IV
112.4, 1318, 1, RS, III
112.4, 1320, 1, RS, III
112.4, 1331, 1, RS, III
112.4, 1343, 1, RS, III
112.4, 1357, 1, RS, III
112.4, 1412, 1, RS, III
112.4, 1424, 1, RS, III
112.4, 3453, 4, LTS, V
112.5, 1311, 1, RS, III
112.5, 1327, 1, RS, III
112.5, 1475, 1, FS, III
112.5, 1484, 1, FS, III
112.6, 1422, 1, RS, III
112.6, 1432, 1, RS, III
112.6, 1473, 1, FS, III
112.6, 1791, 2, LTS, VI
112.7, 1298, 1, LTS, IV
112.7, 1336, 1, RS, III
112.7, 1434, 1, RS, III
112.8, 1324, 1, RS, III
112.8, 1354, 1, RS, III
112.8, 1493, 1, FS, III
112.8, 1497, 1, FS, III
112.9, 1342, 1, RS, III
112.9, 1415, 1, RS, III
112.9, 1464, 1, RS, III
113, 1307, 1, RS, III
113, 1396, 1, RS, III
113, 1428, 1, RS, III
113.1, 1313, 1, RS, III
113.1, 1498, 1, FS, III
113.1, 1500, 1, FS, III
113.2, 1283, 1, FS, IV
113.2, 1413, 1, RS, III
113.2, 1455, 1, RS, III
113.2, 1504, 1, FS, III
113.2, 3456, 4, IB, V
113.3, 1374, 1, RS, III
113.3, 1391, 1, RS, III
113.3, 1407, 1, RS, III
113.3, 1481, 1, FS, III
113.3, 2804, 3, FS, IV
113.4, 1330, 1, RS, III
113.4, 1437, 1, RS, III
113.5, 1376, 1, RS, III
113.5, 1406, 1, RS, III
113.5, 1440, 1, RS, III
113.5, 1491, 1, FS, III
113.5, 1495, 1, FS, III
113.5, 1499, 1, FS, III
113.6, 1321, 1, RS, III
113.6, 1344, 1, RS, III
113.6, 1371, 1, RS, III
113.6, 1485, 1, FS, III
113.6, 1486, 1, FS, III
113.6, 1490, 1, FS, III
113.6, 2035, 2, FS, IV
113.7, 1366, 1, RS, III
113.7, 1480, 1, FS, III
113.7, 1600, 2, RS, VI
113.9, 2034, 2, FS, IV
114.1, 1445, 1, RS, III
114.1, 1496, 1, FS, III
114.1, 1519, 1, LTS, III
114.2, 1417, 1, RS, III
114.2, 2040, 2, FS, IV
114.2, 3302, 4, LTS, VI
114.3, 1181, 1, IB, V
114.3, 1501, 1, FS, III
114.3, 3452, 4, LTS, V
114.4, 1067, 1, RS, V
114.4, 1182, 1, IB, V
114.4, 1474, 1, FS, III
114.4, 1506, 1, FS, III
114.4, 1508, 1, FS, III
114.5, 1058, 1, RS, V
114.5, 1483, 1, FS, III
114.6, 1054, 1, RS, V
114.6, 1099, 1, RS, V
114.6, 1113, 1, RS, V
114.6, 1507, 1, FS, III
114.7, 1044, 1, RS, V
114.7, 1073, 1, RS, V
114.7, 1080, 1, RS, V
114.7, 1479, 1, FS, III
114.7, 1488, 1, FS, III
114.7, 1502, 1, FS, III
114.8, 736, 0, FS, III
114.8, 1071, 1, RS, V
114.8, 1097, 1, RS, V
114.8, 1174, 1, IB, V
114.8, 1187, 1, IB, V
114.8, 1275, 1, FS, IV
114.8, 1326, 1, RS, III
114.8, 1487, 1, FS, III
114.9, 733, 0, FS, III
114.9, 1036, 1, RS, V
114.9, 1057, 1, RS, V
114.9, 1069, 1, RS, V
114.9, 1074, 1, RS, V
114.9, 1088, 1, RS, V
114.9, 1102, 1, RS, V
114.9, 1104, 1, RS, V
114.9, 1173, 1, IB, V
114.9, 1176, 1, IB, V
114.9, 1476, 1, FS, III
114.9, 1503, 1, FS, III
115, 727, 0, FS, III
115, 729, 0, FS, III
115, 744, 0, FS, III
115, 1037, 1, RS, V
115, 1038, 1, RS, V
115, 1065, 1, RS, V
115, 1107, 1, RS, V
115, 1110, 1, RS, V
115, 1171, 1, IB, V
115, 1494, 1, FS, III
115, 2258, 2, FS, III
115, 2263, 2, FS, III
115.1, 1086, 1, RS, V
115.1, 1093, 1, RS, V
115.1, 1105, 1, RS, V
115.1, 1112, 1, RS, V
115.1, 1186, 1, IB, V
115.1, 1189, 1, IB, V
115.1, 1443, 1, RS, III
115.1, 1477, 1, FS, III
115.1, 1492, 1, FS, III
115.2, 714, 0, FS, III
115.2, 723, 0, FS, III
115.2, 726, 0, FS, III
115.2, 738, 0, FS, III
115.2, 1052, 1, RS, V
115.2, 1092, 1, RS, V
115.2, 1094, 1, RS, V
115.2, 1478, 1, FS, III
115.2, 2234, 2, FS, III
115.2, 2235, 2, FS, III
115.2, 2241, 2, FS, III
115.2, 2252, 2, FS, III
115.3, 717, 0, FS, III
115.3, 1040, 1, RS, V
115.3, 1072, 1, RS, V
115.3, 1083, 1, RS, V
115.3, 1090, 1, RS, V
115.3, 1108, 1, RS, V
115.3, 1175, 1, IB, V
115.3, 1183, 1, IB, V
115.3, 1489, 1, FS, III
115.3, 2237, 2, FS, III
115.3, 2259, 2, FS, III
115.4, 724, 0, FS, III
115.4, 737, 0, FS, III
115.4, 1047, 1, RS, V
115.4, 1055, 1, RS, V
115.4, 1060, 1, RS, V
115.4, 1079, 1, RS, V
115.4, 1085, 1, RS, V
115.4, 1178, 1, IB, V
115.4, 1180, 1, IB, V
115.4, 1475, 1, FS, III
115.4, 1484, 1, FS, III
115.4, 2248, 2, FS, III
115.4, 2251, 2, FS, III
115.5, 728, 0, FS, III
115.5, 731, 0, FS, III
115.5, 734, 0, FS, III
115.5, 746, 0, FS, III
115.5, 1034, 1, RS, V
115.5, 1039, 1, RS, V
115.5, 1056, 1, RS, V
115.5, 1061, 1, RS, V
115.5, 1068, 1, RS, V
115.5, 1077, 1, RS, V
115.5, 2239, 2, FS, III
115.5, 2240, 2, FS, III
115.6, 712, 0, FS, III
115.6, 1046, 1, RS, V
115.6, 1059, 1, RS, V
115.6, 1075, 1, RS, V
115.6, 1096, 1, RS, V
115.6, 1103, 1, RS, V
115.6, 1106, 1, RS, V
115.6, 1177, 1, IB, V
115.6, 1296, 1, LTS, IV
115.6, 1473, 1, FS, III
115.6, 2245, 2, FS, III
115.6, 2268, 2, FS, III
115.7, 720, 0, FS, III
115.7, 732, 0, FS, III
115.7, 1049, 1, RS, V
115.7, 1053, 1, RS, V
115.7, 1062, 1, RS, V
115.7, 1066, 1, RS, V
115.7, 1078, 1, RS, V
115.7, 1087, 1, RS, V
115.7, 1191, 1, IB, V
115.7, 1497, 1, FS, III
115.7, 2242, 2, FS, III
115.7, 2260, 2, FS, III
115.8, 730, 0, FS, III
115.8, 1035, 1, RS, V
115.8, 1042, 1, RS, V
115.8, 1048, 1, RS, V
115.8, 1051, 1, RS, V
115.8, 1076, 1, RS, V
115.8, 1084, 1, RS, V
115.8, 1100, 1, RS, V
115.8, 1188, 1, IB, V
115.8, 1447, 1, RS, III
115.8, 2253, 2, FS, III
115.8, 2254, 2, FS, III
115.8, 2256, 2, FS, III
115.8, 2269, 2, FS, III
115.9, 719, 0, FS, III
115.9, 1033, 1, RS, V
115.9, 1043, 1, RS, V
115.9, 1045, 1, RS, V
115.9, 1050, 1, RS, V
115.9, 1081, 1, RS, V
115.9, 1089, 1, RS, V
115.9, 1091, 1, RS, V
115.9, 1184, 1, IB, V
115.9, 2255, 2, FS, III
115.9, 2261, 2, FS, III
116, 715, 0, FS, III
116, 721, 0, FS, III
116, 743, 0, FS, III
116, 1185, 1, IB, V
116, 1498, 1, FS, III
116, 1500, 1, FS, III
116, 2243, 2, FS, III
116, 2244, 2, FS, III
116, 2247, 2, FS, III
116, 2257, 2, FS, III
116, 2262, 2, FS, III
116, 2266, 2, FS, III
116, 2267, 2, FS, III
116.1, 722, 0, FS, III
116.1, 739, 0, FS, III
116.1, 1064, 1, RS, V
116.1, 1070, 1, RS, V
116.1, 1095, 1, RS, V
116.1, 1109, 1, RS, V
116.1, 1172, 1, IB, V
116.1, 1179, 1, IB, V
116.1, 1192, 1, IB, V
116.1, 1333, 1, RS, III
116.1, 2238, 2, FS, III
116.1, 2265, 2, FS, III
116.2, 713, 0, FS, III
116.2, 716, 0, FS, III
116.2, 735, 0, FS, III
116.2, 742, 0, FS, III
116.2, 1082, 1, RS, V
116.2, 1111, 1, RS, V
116.2, 1469, 1, RS, III
116.2, 1481, 1, FS, III
116.2, 2250, 2, FS, III
116.3, 718, 0, FS, III
116.3, 1098, 1, RS, V
116.3, 1101, 1, RS, V
116.3, 1190, 1, IB, V
116.3, 1427, 1, RS, III
116.3, 2236, 2, FS, III
116.3, 2264, 2, FS, III
116.4, 1041, 1, RS, V
116.4, 1328, 1, RS, III
116.4, 1362, 1, RS, III
116.4, 1380, 1, RS, III
116.4, 1397, 1, RS, III
116.4, 1449, 1, RS, III
116.4, 1456, 1, RS, III
116.5, 725, 0, FS, III
116.5, 740, 0, FS, III
116.5, 1063, 1, RS, V
116.5, 1361, 1, RS, III
116.5, 1367, 1, RS, III
116.5, 1394, 1, RS, III
116.5, 1460, 1, RS, III
116.5, 1485, 1, FS, III
116.5, 1486, 1, FS, III
116.5, 1495, 1, FS, III
116.5, 2249, 2, FS, III
116.6, 741, 0, FS, III
116.6, 1348, 1, RS, III
116.6, 1438, 1, RS, III
116.6, 1467, 1, RS, III
116.6, 1472, 1, RS, III
116.6, 1480, 1, FS, III
116.7, 1309, 1, RS, III
116.7, 1346, 1, RS, III
116.7, 1416, 1, RS, III
116.7, 1463, 1, RS, III
116.7, 2246, 2, FS, III
116.8, 747, 0, FS, III
116.8, 1390, 1, RS, III
116.8, 1433, 1, RS, III
116.8, 1439, 1, RS, III
116.8, 1453, 1, RS, III
116.8, 1465, 1, RS, III
116.8, 1466, 1, RS, III
116.8, 1490, 1, FS, III
116.9, 1383, 1, RS, III
116.9, 1398, 1, RS, III
116.9, 1430, 1, RS, III
117, 1312, 1, RS, III
117, 1332, 1, RS, III
117, 1335, 1, RS, III
117, 1338, 1, RS, III
117, 1379, 1, RS, III
117, 1401, 1, RS, III
117, 1420, 1, RS, III
117, 1482, 1, FS, III
117, 1496, 1, FS, III
117, 1505, 1, FS, III
117.1, 1325, 1, RS, III
117.1, 1377, 1, RS, III
117.1, 1408, 1, RS, III
117.1, 1418, 1, RS, III
117.1, 1461, 1, RS, III
117.1, 3007, 3, FS, III
117.2, 1404, 1, RS, III
117.2, 1441, 1, RS, III
117.2, 1493, 1, FS, III
117.2, 1501, 1, FS, III
117.2, 3016, 3, FS, III
117.3, 1319, 1, RS, III
117.3, 1349, 1, RS, III
117.3, 1350, 1, RS, III
117.3, 1352, 1, RS, III
117.3, 1373, 1, RS, III
117.3, 1431, 1, RS, III
117.3, 1435, 1, RS, III
117.3, 1451, 1, RS, III
117.3, 1459, 1, RS, III
117.3, 1462, 1, RS, III
117.4, 745, 0, FS, III
117.4, 1387, 1, RS, III
117.4, 1388, 1, RS, III
117.4, 1400, 1, RS, III
117.4, 1421, 1, RS, III
117.4, 1444, 1, RS, III
117.4, 1446, 1, RS, III
117.4, 3011, 3, FS, III
117.5, 1314, 1, RS, III
117.5, 1317, 1, RS, III
117.5, 1347, 1, RS, III
117.5, 1356, 1, RS, III
117.5, 1359, 1, RS, III
117.5, 1360, 1, RS, III
117.5, 1425, 1, RS, III
117.6, 1136, 1, FS, V
117.6, 1141, 1, FS, V
117.6, 1470, 1, RS, III
117.6, 1504, 1, FS, III
117.6, 3005, 3, FS, III
117.7, 736, 0, FS, III
117.7, 1181, 1, IB, V
117.7, 1322, 1, RS, III
117.7, 1355, 1, RS, III
117.7, 1358, 1, RS, III
117.7, 1370, 1, RS, III
117.7, 1399, 1, RS, III
117.7, 1410, 1, RS, III
117.7, 3002, 3, FS, III
117.8, 733, 0, FS, III
117.8, 1125, 1, FS, V
117.8, 1139, 1, FS, V
117.8, 1143, 1, FS, V
117.8, 1153, 1, FS, V
117.8, 1182, 1, IB, V
117.8, 1365, 1, RS, III
117.8, 1378, 1, RS, III
117.8, 1507, 1, FS, III
117.8, 3025, 3, FS, III
117.9, 727, 0, FS, III
117.9, 729, 0, FS, III
117.9, 744, 0, FS, III
117.9, 1115, 1, FS, V
117.9, 1121, 1, FS, V
117.9, 1122, 1, FS, V
117.9, 1129, 1, FS, V
117.9, 1135, 1, FS, V
117.9, 1337, 1, RS, III
117.9, 1339, 1, RS, III
117.9, 1442, 1, RS, III
117.9, 2258, 2, FS, III
117.9, 2263, 2, FS, III
117.9, 3004, 3, FS, III
117.9, 3018, 3, FS, III
118, 1116, 1, FS, V
118, 1117, 1, FS, V
118, 1118, 1, FS, V
118, 1124, 1, FS, V
118, 1130, 1, FS, V
118, 1145, 1, FS, V
118, 1148, 1, FS, V
118, 1149, 1, FS, V
118, 1150, 1, FS, V
118, 1363, 1, RS, III
118, 1392, 1, RS, III
118, 1395, 1, RS, III
118, 1411, 1, RS, III
118, 3000, 3, FS, III
118.1, 364, 0, FS, V
118.1, 714, 0, FS, III
118.1, 723, 0, FS, III
118.1, 726, 0, FS, III
118.1, 738, 0, FS, III
118.1, 1126, 1, FS, V
118.1, 1127, 1, FS, V
118.1, 1131, 1, FS, V
118.1, 1134, 1, FS, V
118.1, 1142, 1, FS, V
118.1, 1146, 1, FS, V
118.1, 1147, 1, FS, V
118.1, 1152, 1, FS, V
118.1, 1375, 1, RS, III
118.1, 1384, 1, RS, III
118.1, 1423, 1, RS, III
118.1, 1448, 1, RS, III
118.1, 1452, 1, RS, III
118.1, 1457, 1, RS, III
118.1, 1458, 1, RS, III
118.1, 2235, 2, FS, III
118.1, 3013, 3, FS, III
118.1, 3014, 3, FS, III
118.1, 3028, 3, FS, III
118.2, 1114, 1, FS, V
118.2, 1119, 1, FS, V
118.2, 1123, 1, FS, V
118.2, 1140, 1, FS, V
118.2, 1144, 1, FS, V
118.2, 1151, 1, FS, V
118.2, 1174, 1, IB, V
118.2, 1187, 1, IB, V
118.2, 1351, 1, RS, III
118.2, 1385, 1, RS, III
118.2, 1393, 1, RS, III
118.2, 1402, 1, RS, III
118.2, 1405, 1, RS, III
118.2, 1426, 1, RS, III
118.2, 2259, 2, FS, III
118.2, 3020, 3, FS, III
118.2, 3023, 3, FS, III
118.3, 375, 0, FS, V
118.3, 737, 0, FS, III
118.3, 1138, 1, FS, V
118.3, 1173, 1, IB, V
118.3, 1176, 1, IB, V
118.3, 1310, 1, RS, III
118.3, 1323, 1, RS, III
118.3, 1329, 1, RS, III
118.3, 1334, 1, RS, III
118.3, 1372, 1, RS, III
118.3, 1429, 1, RS, III
118.3, 1454, 1, RS, III
118.3, 1502, 1, FS, III
118.3, 2248, 2, FS, III
118.3, 2251, 2, FS, III
118.4, 367, 0, FS, V
118.4, 373, 0, FS, V
118.4, 374, 0, FS, V
118.4, 378, 0, FS, V
118.4, 384, 0, FS, V
118.4, 746, 0, FS, III
118.4, 1120, 1, FS, V
118.4, 1128, 1, FS, V
118.4, 1132, 1, FS, V
118.4, 1171, 1, IB, V
118.4, 1315, 1, RS, III
118.4, 1353, 1, RS, III
118.4, 1364, 1, RS, III
118.4, 1369, 1, RS, III
118.4, 1382, 1, RS, III
118.4, 1389, 1, RS, III
118.4, 1403, 1, RS, III
118.4, 1409, 1, RS, III
118.4, 1436, 1, RS, III
118.4, 1468, 1, RS, III
118.4, 1890, 2, FS, V
118.4, 3027, 3, FS, III
118.5, 360, 0, FS, V
118.5, 361, 0, FS, V
118.5, 363, 0, FS, V
118.5, 383, 0, FS, V
118.5, 724, 0, FS, III
118.5, 1133, 1, FS, V
118.5, 1186, 1, IB, V
118.5, 1189, 1, IB, V
118.5, 1341, 1, RS, III
118.5, 1885, 2, FS, V
118.5, 1909, 2, FS, V
118.5, 2245, 2, FS, III
118.5, 3022, 3, FS, III
118.5, 3026, 3, FS, III
118.6, 357, 0, FS, V
118.6, 365, 0, FS, V
118.6, 368, 0, FS, V
118.6, 390, 0, FS, V
118.6, 731, 0, FS, III
118.6, 1137, 1, FS, V
118.6, 1340, 1, RS, III
118.6, 1414, 1, RS, III
118.6, 1886, 2, FS, V
118.6, 1897, 2, FS, V
118.6, 1913, 2, FS, V
118.6, 2239, 2, FS, III
118.6, 2252, 2, FS, III
118.6, 2998, 3, FS, III
118.6, 3003, 3, FS, III
118.7, 354, 0, FS, V
118.7, 356, 0, FS, V
118.7, 369, 0, FS, V
118.7, 376, 0, FS, V
118.7, 388, 0, FS, V
118.7, 392, 0, FS, V
118.7, 1175, 1, IB, V
118.7, 1183, 1, IB, V
118.7, 1318, 1, RS, III
118.7, 1331, 1, RS, III
118.7, 1343, 1, RS, III
118.7, 1357, 1, RS, III
118.7, 1412, 1, RS, III
118.7, 1424, 1, RS, III
118.7, 1492, 1, FS, III
118.7, 1914, 2, FS, V
118.8, 379, 0, FS, V
118.8, 380, 0, FS, V
118.8, 382, 0, FS, V
118.8, 1178, 1, IB, V
118.8, 1180, 1, IB, V
118.8, 1311, 1, RS, III
118.8, 1327, 1, RS, III
118.8, 1503, 1, FS, III
118.8, 1877, 2, FS, V
118.8, 1884, 2, FS, V
118.8, 1887, 2, FS, V
118.8, 1903, 2, FS, V
118.8, 1905, 2, FS, V
118.8, 2241, 2, FS, III
118.8, 2995, 3, FS, III
118.8, 3024, 3, FS, III
118.9, 359, 0, FS, V
118.9, 366, 0, FS, V
118.9, 381, 0, FS, V
118.9, 389, 0, FS, V
118.9, 1422, 1, RS, III
118.9, 1881, 2, FS, V
118.9, 1895, 2, FS, V
118.9, 1904, 2, FS, V
119, 358, 0, FS, V
119, 385, 0, FS, V
119, 1177, 1, IB, V
119, 1336, 1, RS, III
119, 1434, 1, RS, III
119, 1883, 2, FS, V
119, 1896, 2, FS, V
119, 1899, 2, FS, V
119, 1908, 2, FS, V
119, 1912, 2, FS, V
119, 3029, 3, FS, III
119.1, 355, 0, FS, V
119.1, 391, 0, FS, V
119.1, 1191, 1, IB, V
119.1, 1324, 1, RS, III
119.1, 1432, 1, RS, III
119.1, 1876, 2, FS, V
119.1, 1879, 2, FS, V
119.1, 1882, 2, FS, V
119.1, 1898, 2, FS, V
119.1, 2996, 3, FS, III
119.2, 362, 0, FS, V
119.2, 372, 0, FS, V
119.2, 386, 0, FS, V
119.2, 387, 0, FS, V
119.2, 1188, 1, IB, V
119.2, 1342, 1, RS, III
119.2, 1415, 1, RS, III
119.2, 1464, 1, RS, III
119.2, 1878, 2, FS, V
119.2, 1891, 2, FS, V
119.2, 1894, 2, FS, V
119.2, 1900, 2, FS, V
119.2, 1910, 2, FS, V
119.2, 1911, 2, FS, V
119.2, 3010, 3, FS, III
119.3, 370, 0, FS, V
119.3, 1184, 1, IB, V
119.3, 1307, 1, RS, III
119.3, 1396, 1, RS, III
119.3, 1428, 1, RS, III
119.3, 1889, 2, FS, V
119.3, 1892, 2, FS, V
119.3, 2253, 2, FS, III
119.4, 1185, 1, IB, V
119.4, 1313, 1, RS, III
119.4, 1486, 1, FS, III
119.4, 1488, 1, FS, III
119.4, 1906, 2, FS, V
119.4, 1907, 2, FS, V
119.5, 377, 0, FS, V
119.5, 1172, 1, IB, V
119.5, 1179, 1, IB, V
119.5, 1192, 1, IB, V
119.5, 1455, 1, RS, III
119.5, 1479, 1, FS, III
119.5, 1875, 2, FS, V
119.5, 1893, 2, FS, V
119.5, 1901, 2, FS, V
119.5, 1902, 2, FS, V
119.5, 3021, 3, FS, III
119.6, 353, 0, FS, V
119.6, 1374, 1, RS, III
119.6, 1391, 1, RS, III
119.6, 1407, 1, RS, III
119.6, 1474, 1, FS, III
119.6, 1475, 1, FS, III
119.6, 1477, 1, FS, III
119.7, 371, 0, FS, V
119.7, 1190, 1, IB, V
119.7, 1478, 1, FS, III
119.7, 1880, 2, FS, V
119.7, 3017, 3, FS, III
119.8, 717, 0, FS, III
119.8, 1440, 1, RS, III
119.8, 1515, 1, LTS, III
119.8, 2240, 2, FS, III
119.9, 1321, 1, RS, III
119.9, 1371, 1, RS, III
119.9, 1485, 1, FS, III
119.9, 1496, 1, FS, III
119.9, 1888, 2, FS, V
119.9, 2174, 2, RS, III
120, 1476, 1, FS, III
120, 1484, 1, FS, III
120, 1497, 1, FS, III
120, 1500, 1, FS, III
120, 3008, 3, FS, III
120.1, 1480, 1, FS, III
120.1, 1482, 1, FS, III
120.1, 1490, 1, FS, III
120.1, 1501, 1, FS, III
120.1, 2268, 2, FS, III
120.2, 1481, 1, FS, III
120.2, 1518, 1, LTS, III
120.3, 1508, 1, FS, III
120.3, 3009, 3, FS, III
120.4, 1303, 1, LTS, IV
120.4, 1445, 1, RS, III
120.4, 1489, 1, FS, III
120.4, 1498, 1, FS, III
120.4, 2269, 2, FS, III
120.5, 1136, 1, FS, V
120.5, 1141, 1, FS, V
120.5, 1417, 1, RS, III
120.5, 1506, 1, FS, III
120.5, 1510, 1, LTS, III
120.5, 2255, 2, FS, III
120.5, 2999, 3, FS, III
120.6, 732, 0, FS, III
120.6, 1296, 1, LTS, IV
120.6, 1487, 1, FS, III
120.6, 1494, 1, FS, III
120.7, 1067, 1, RS, V
120.7, 1125, 1, FS, V
120.7, 1139, 1, FS, V
120.7, 1143, 1, FS, V
120.7, 1153, 1, FS, V
120.7, 1297, 1, LTS, IV
120.7, 1491, 1, FS, III
120.7, 1499, 1, FS, III
120.7, 1507, 1, FS, III
120.7, 1782, 2, LTS, VI
120.7, 3015, 3, FS, III
120.8, 1058, 1, RS, V
120.8, 1115, 1, FS, V
120.8, 1121, 1, FS, V
120.8, 1122, 1, FS, V
120.8, 1129, 1, FS, V
120.8, 1135, 1, FS, V
120.8, 1285, 1, LTS, IV
120.8, 1495, 1, FS, III
120.8, 1505, 1, FS, III
120.8, 1519, 1, LTS, III
120.9, 1054, 1, RS, V
120.9, 1099, 1, RS, V
120.9, 1113, 1, RS, V
120.9, 1116, 1, FS, V
120.9, 1117, 1, FS, V
120.9, 1118, 1, FS, V
120.9, 1124, 1, FS, V
120.9, 1130, 1, FS, V
120.9, 1145, 1, FS, V
120.9, 1148, 1, FS, V
120.9, 1149, 1, FS, V
120.9, 1150, 1, FS, V
120.9, 1473, 1, FS, III
121, 364, 0, FS, V
121, 1044, 1, RS, V
121, 1073, 1, RS, V
121, 1080, 1, RS, V
121, 1126, 1, FS, V
121, 1127, 1, FS, V
121, 1131, 1, FS, V
121, 1134, 1, FS, V
121, 1142, 1, FS, V
121, 1146, 1, FS, V
121, 1147, 1, FS, V
121, 1152, 1, FS, V
121, 1291, 1, LTS, IV
121, 1493, 1, FS, III
121.1, 1071, 1, RS, V
121.1, 1097, 1, RS, V
121.1, 1114, 1, FS, V
121.1, 1119, 1, FS, V
121.1, 1123, 1, FS, V
121.1, 1140, 1, FS, V
121.1, 1144, 1, FS, V
121.1, 1151, 1, FS, V
121.1, 1181, 1, IB, V
121.1, 1295, 1, LTS, IV
121.1, 1320, 1, RS, III
121.1, 1386, 1, RS, III
121.2, 375, 0, FS, V
121.2, 730, 0, FS, III
121.2, 1036, 1, RS, V
121.2, 1057, 1, RS, V
121.2, 1069, 1, RS, V
121.2, 1074, 1, RS, V
121.2, 1088, 1, RS, V
121.2, 1102, 1, RS, V
121.2, 1104, 1, RS, V
121.2, 1138, 1, FS, V
121.2, 1182, 1, IB, V
121.2, 1502, 1, FS, III
121.2, 3019, 3, FS, III
121.3, 367, 0, FS, V
121.3, 373, 0, FS, V
121.3, 374, 0, FS, V
121.3, 378, 0, FS, V
121.3, 384, 0, FS, V
121.3, 1037, 1, RS, V
121.3, 1038, 1, RS, V
121.3, 1065, 1, RS, V
121.3, 1107, 1, RS, V
121.3, 1110, 1, RS, V
121.3, 1120, 1, FS, V
121.3, 1128, 1, FS, V
121.3, 1132, 1, FS, V
121.3, 1483, 1, FS, III
121.3, 1512, 1, LTS, III
121.3, 1890, 2, FS, V
121.4, 360, 0, FS, V
121.4, 361, 0, FS, V
121.4, 363, 0, FS, V
121.4, 383, 0, FS, V
121.4, 1086, 1, RS, V
121.4, 1093, 1, RS, V
121.4, 1105, 1, RS, V
121.4, 1112, 1, RS, V
121.4, 1133, 1, FS, V
121.4, 1885, 2, FS, V
121.4, 1909, 2, FS, V
121.4, 2997, 3, FS, III
121.5, 357, 0, FS, V
121.5, 365, 0, FS, V
121.5, 368, 0, FS, V
121.5, 390, 0, FS, V
121.5, 1052, 1, RS, V
121.5, 1092, 1, RS, V
121.5, 1094, 1, RS, V
121.5, 1137, 1, FS, V
121.5, 1304, 1, LTS, IV
121.5, 1886, 2, FS, V
121.5, 1897, 2, FS, V
121.5, 1913, 2, FS, V
121.5, 3012, 3, FS, III
121.6, 356, 0, FS, V
121.6, 369, 0, FS, V
121.6, 376, 0, FS, V
121.6, 388, 0, FS, V
121.6, 392, 0, FS, V
121.6, 1040, 1, RS, V
121.6, 1072, 1, RS, V
121.6, 1083, 1, RS, V
121.6, 1090, 1, RS, V
121.6, 1108, 1, RS, V
121.6, 1174, 1, IB, V
121.6, 1187, 1, IB, V
121.6, 1492, 1, FS, III
121.6, 1914, 2, FS, V
121.7, 379, 0, FS, V
121.7, 380, 0, FS, V
121.7, 382, 0, FS, V
121.7, 1047, 1, RS, V
121.7, 1055, 1, RS, V
121.7, 1060, 1, RS, V
121.7, 1079, 1, RS, V
121.7, 1085, 1, RS, V
121.7, 1173, 1, IB, V
121.7, 1176, 1, IB, V
121.7, 1290, 1, LTS, IV
121.7, 1503, 1, FS, III
121.7, 1877, 2, FS, V
121.7, 1884, 2, FS, V
121.7, 1887, 2, FS, V
121.7, 1903, 2, FS, V
121.7, 1905, 2, FS, V
121.8, 359, 0, FS, V
121.8, 366, 0, FS, V
121.8, 389, 0, FS, V
121.8, 1034, 1, RS, V
121.8, 1039, 1, RS, V
121.8, 1056, 1, RS, V
121.8, 1061, 1, RS, V
121.8, 1068, 1, RS, V
121.8, 1077, 1, RS, V
121.8, 1171, 1, IB, V
121.8, 1881, 2, FS, V
121.8, 1895, 2, FS, V
121.8, 1904, 2, FS, V
121.9, 358, 0, FS, V
121.9, 381, 0, FS, V
121.9, 385, 0, FS, V
121.9, 1046, 1, RS, V
121.9, 1059, 1, RS, V
121.9, 1075, 1, RS, V
121.9, 1096, 1, RS, V
121.9, 1103, 1, RS, V
121.9, 1106, 1, RS, V
121.9, 1186, 1, IB, V
121.9, 1189, 1, IB, V
121.9, 1513, 1, LTS, III
121.9, 1883, 2, FS, V
121.9, 1896, 2, FS, V
121.9, 1899, 2, FS, V
121.9, 1908, 2, FS, V
121.9, 1912, 2, FS, V
121.9, 2247, 2, FS, III
122, 355, 0, FS, V
122, 1049, 1, RS, V
122, 1053, 1, RS, V
122, 1062, 1, RS, V
122, 1066, 1, RS, V
122, 1078, 1, RS, V
122, 1087, 1, RS, V
122, 1504, 1, FS, III
122, 1879, 2, FS, V
122, 1898, 2, FS, V
122.1, 362, 0, FS, V
122.1, 386, 0, FS, V
122.1, 1035, 1, RS, V
122.1, 1042, 1, RS, V
122.1, 1048, 1, RS, V
122.1, 1051, 1, RS, V
122.1, 1076, 1, RS, V
122.1, 1084, 1, RS, V
122.1, 1100, 1, RS, V
122.1, 1175, 1, IB, V
122.1, 1183, 1, IB, V
122.1, 1299, 1, LTS, IV
122.1, 1876, 2, FS, V
122.1, 1878, 2, FS, V
122.1, 1891, 2, FS, V
122.1, 1894, 2, FS, V
122.1, 1900, 2, FS, V
122.1, 1910, 2, FS, V
122.1, 1911, 2, FS, V
122.2, 372, 0, FS, V
122.2, 1033, 1, RS, V
122.2, 1043, 1, RS, V
122.2, 1045, 1, RS, V
122.2, 1050, 1, RS, V
122.2, 1081, 1, RS, V
122.2, 1089, 1, RS, V
122.2, 1091, 1, RS, V
122.2, 1178, 1, IB, V
122.2, 1180, 1, IB, V
122.2, 1294, 1, LTS, IV
122.2, 1308, 1, RS, III
122.2, 1521, 1, LTS, III
122.2, 1889, 2, FS, V
122.2, 1892, 2, FS, V
122.3, 1305, 1, LTS, IV
122.3, 1486, 1, FS, III
122.3, 1488, 1, FS, III
122.3, 1906, 2, FS, V
122.3, 1907, 2, FS, V
122.4, 1064, 1, RS, V
122.4, 1070, 1, RS, V
122.4, 1095, 1, RS, V
122.4, 1109, 1, RS, V
122.4, 1177, 1, IB, V
122.4, 1288, 1, LTS, IV
122.4, 1333, 1, RS, III
122.4, 1479, 1, FS, III
122.4, 1509, 1, LTS, III
122.4, 2651, 3, FS, V
122.4, 2654, 3, FS, V
122.5, 1082, 1, RS, V
122.5, 1111, 1, RS, V
122.5, 1191, 1, IB, V
122.5, 1381, 1, RS, III
122.5, 1406, 1, RS, III
122.5, 1474, 1, FS, III
122.5, 1475, 1, FS, III
122.5, 1477, 1, FS, III
122.5, 2653, 3, FS, V
122.5, 2659, 3, FS, V
122.6, 719, 0, FS, III
122.6, 1098, 1, RS, V
122.6, 1101, 1, RS, V
122.6, 1188, 1, IB, V
122.6, 1478, 1, FS, III
122.6, 2666, 3, FS, V
122.7, 1041, 1, RS, V
122.7, 1184, 1, IB, V
122.7, 1292, 1, LTS, IV
122.7, 1328, 1, RS, III
122.7, 1450, 1, RS, III
122.8, 1063, 1, RS, V
122.8, 1185, 1, IB, V
122.8, 1394, 1, RS, III
122.8, 1485, 1, FS, III
122.8, 1496, 1, FS, III
122.8, 1511, 1, LTS, III
122.8, 2243, 2, FS, III
122.8, 3006, 3, FS, III
122.9, 1172, 1, IB, V
122.9, 1179, 1, IB, V
122.9, 1192, 1, IB, V
122.9, 1438, 1, RS, III
122.9, 1476, 1, FS, III
122.9, 1484, 1, FS, III
122.9, 1497, 1, FS, III
122.9, 1500, 1, FS, III
122.9, 2656, 3, FS, V
123, 1346, 1, RS, III
123, 1480, 1, FS, III
123, 1490, 1, FS, III
123, 1501, 1, FS, III
123.1, 820, 1, RS, VI
123.1, 1190, 1, IB, V
123.1, 1289, 1, LTS, IV
123.1, 1433, 1, RS, III
123.1, 1465, 1, RS, III
123.1, 1466, 1, RS, III
123.1, 1481, 1, FS, III
123.1, 1514, 1, LTS, III
123.2, 721, 0, FS, III
123.2, 1367, 1, RS, III
123.2, 1508, 1, FS, III
123.2, 2639, 3, FS, V
123.3, 1326, 1, RS, III
123.3, 1489, 1, FS, III
123.3, 1498, 1, FS, III
123.4, 1136, 1, FS, V
123.4, 1141, 1, FS, V
123.4, 1345, 1, RS, III
123.4, 1418, 1, RS, III
123.4, 1506, 1, FS, III
123.4, 2245, 2, FS, III
123.5, 1300, 1, LTS, IV
123.5, 1487, 1, FS, III
123.5, 1494, 1, FS, III
123.5, 2657, 3, FS, V
123.6, 1125, 1, FS, V
123.6, 1143, 1, FS, V
123.6, 1153, 1, FS, V
123.6, 1319, 1, RS, III
123.6, 1349, 1, RS, III
123.6, 1350, 1, RS, III
123.6, 1459, 1, RS, III
123.6, 1462, 1, RS, III
123.6, 1499, 1, FS, III
123.6, 1507, 1, FS, III
123.7, 1115, 1, FS, V
123.7, 1121, 1, FS, V
123.7, 1122, 1, FS, V
123.7, 1129, 1, FS, V
123.7, 1135, 1, FS, V
123.7, 1298, 1, LTS, IV
123.7, 1388, 1, RS, III
123.7, 1390, 1, RS, III
123.7, 1437, 1, RS, III
123.7, 1482, 1, FS, III
123.7, 1491, 1, FS, III
123.7, 1495, 1, FS, III
123.7, 1505, 1, FS, III
123.7, 2660, 3, FS, V
123.7, 2661, 3, FS, V
123.8, 1116, 1, FS, V
123.8, 1124, 1, FS, V
123.8, 1145, 1, FS, V
123.8, 1150, 1, FS, V
123.8, 1352, 1, RS, III
123.8, 1356, 1, RS, III
123.8, 1425, 1, RS, III
123.8, 2645, 3, FS, V
123.8, 2669, 3, FS, V
123.9, 1126, 1, FS, V
123.9, 1127, 1, FS, V
123.9, 1146, 1, FS, V
123.9, 1147, 1, FS, V
123.9, 1148, 1, FS, V
123.9, 1287, 1, LTS, IV
123.9, 1314, 1, RS, III
124, 1114, 1, FS, V
124, 1140, 1, FS, V
124, 1144, 1, FS, V
124, 1151, 1, FS, V
124, 1410, 1, RS, III
124, 2649, 3, FS, V
124, 2675, 3, FS, V
124.1, 1138, 1, FS, V
124.1, 1149, 1, FS, V
124.1, 1301, 1, LTS, IV
124.1, 2636, 3, FS, V
124.2, 862, 1, RS, VI
124.2, 1118, 1, FS, V
124.2, 1347, 1, RS, III
124.2, 1502, 1, FS, III
124.2, 2674, 3, FS, V
124.3, 1152, 1, FS, V
124.3, 1306, 1, LTS, IV
124.3, 1395, 1, RS, III
124.4, 1123, 1, FS, V
124.4, 1142, 1, FS, V
124.4, 1423, 1, RS, III
124.5, 1133, 1, FS, V
124.5, 1181, 1, IB, V
124.5, 1351, 1, RS, III
124.5, 1385, 1, RS, III
124.5, 1405, 1, RS, III
124.5, 1517, 1, LTS, III
124.5, 2644, 3, FS, V
124.6, 1182, 1, IB, V
124.6, 1344, 1, RS, III
124.6, 1429, 1, RS, III
124.6, 1451, 1, RS, III
124.6, 1515, 1, LTS, III
124.6, 2637, 3, FS, V
124.7, 893, 1, RS, VI
124.7, 1315, 1, RS, III
124.7, 1382, 1, RS, III
124.7, 2640, 3, FS, V
124.7, 2647, 3, FS, V
124.8, 1132, 1, FS, V
124.8, 1341, 1, RS, III
124.8, 1443, 1, RS, III
124.8, 1520, 1, LTS, III
124.9, 942, 1, RS, VI
124.9, 1139, 1, FS, V
124.9, 1361, 1, RS, III
124.9, 1414, 1, RS, III
124.9, 1503, 1, FS, III
125, 784, 1, RS, VI
125, 1174, 1, IB, V
125, 1187, 1, IB, V
125, 1331, 1, RS, III
125, 1518, 1, LTS, III
125, 2652, 3, FS, V
125.1, 1173, 1, IB, V
125.1, 1176, 1, IB, V
125.1, 1327, 1, RS, III
125.1, 2663, 3, FS, V
125.2, 726, 0, FS, III
125.2, 861, 1, RS, VI
125.2, 1171, 1, IB, V
125.2, 1303, 1, LTS, IV
125.2, 1368, 1, RS, III
125.3, 1186, 1, IB, V
125.3, 1189, 1, IB, V
125.3, 1336, 1, RS, III
125.3, 1434, 1, RS, III
125.3, 1479, 1, FS, III
125.3, 1486, 1, FS, III
125.3, 1510, 1, LTS, III
125.3, 2662, 3, FS, V
125.3, 2664, 3, FS, V
125.4, 1296, 1, LTS, IV
125.4, 1477, 1, FS, III
125.4, 1493, 1, FS, III
125.5, 1175, 1, IB, V
125.5, 1183, 1, IB, V
125.5, 1297, 1, LTS, IV
125.5, 1342, 1, RS, III
125.5, 2641, 3, FS, V
125.5, 2642, 3, FS, V
125.5, 2646, 3, FS, V
125.6, 1117, 1, FS, V
125.6, 1178, 1, IB, V
125.6, 1180, 1, IB, V
125.6, 1285, 1, LTS, IV
125.6, 1286, 1, LTS, IV
125.6, 1302, 1, LTS, IV
125.6, 1307, 1, RS, III
125.6, 1396, 1, RS, III
125.6, 1428, 1, RS, III
125.6, 1492, 1, FS, III
125.6, 1519, 1, LTS, III
125.7, 1134, 1, FS, V
125.7, 1313, 1, RS, III
125.7, 1473, 1, FS, III
125.8, 1177, 1, IB, V
125.8, 1291, 1, LTS, IV
125.8, 1476, 1, FS, III
125.8, 1497, 1, FS, III
125.8, 2638, 3, FS, V
125.9, 1191, 1, IB, V
125.9, 1295, 1, LTS, IV
125.9, 1501, 1, FS, III
126, 788, 1, RS, VI
126, 1188, 1, IB, V
126, 1293, 1, LTS, IV
126.1, 1184, 1, IB, V
126.1, 1392, 1, RS, III
126.1, 1496, 1, FS, III
126.1, 1512, 1, LTS, III
126.1, 2658, 3, FS, V
126.1, 2668, 3, FS, V
126.2, 1185, 1, IB, V
126.2, 1484, 1, FS, III
126.3, 951, 1, RS, VI
126.3, 1130, 1, FS, V
126.3, 1136, 1, FS, V
126.3, 1141, 1, FS, V
126.3, 1172, 1, IB, V
126.3, 1179, 1, IB, V
126.3, 1192, 1, IB, V
126.3, 1304, 1, LTS, IV
126.4, 819, 1, RS, VI
126.4, 848, 1, RS, VI
126.4, 1446, 1, RS, III
126.4, 1480, 1, FS, III
126.4, 1485, 1, FS, III
126.4, 1500, 1, FS, III
126.5, 1125, 1, FS, V
126.5, 1137, 1, FS, V
126.5, 1143, 1, FS, V
126.5, 1153, 1, FS, V
126.5, 1190, 1, IB, V
126.5, 1290, 1, LTS, IV
126.5, 1415, 1, RS, III
126.5, 1474, 1, FS, III
126.5, 1506, 1, FS, III
126.5, 1507, 1, FS, III
126.5, 2670, 3, FS, V
126.6, 807, 1, RS, VI
126.6, 814, 1, RS, VI
126.6, 839, 1, RS, VI
126.6, 1115, 1, FS, V
126.6, 1121, 1, FS, V
126.6, 1122, 1, FS, V
126.6, 1129, 1, FS, V
126.6, 1135, 1, FS, V
126.6, 1343, 1, RS, III
126.6, 1505, 1, FS, III
126.7, 1116, 1, FS, V
126.7, 1124, 1, FS, V
126.7, 1145, 1, FS, V
126.7, 1150, 1, FS, V
126.7, 1481, 1, FS, III
126.7, 1490, 1, FS, III
126.7, 1498, 1, FS, III
126.7, 1513, 1, LTS, III
126.8, 1119, 1, FS, V
126.8, 1126, 1, FS, V
126.8, 1127, 1, FS, V
126.8, 1146, 1, FS, V
126.8, 1147, 1, FS, V
126.8, 1148, 1, FS, V
126.8, 1365, 1, RS, III
126.8, 1417, 1, RS, III
126.8, 1475, 1, FS, III
126.8, 1488, 1, FS, III
126.8, 1489, 1, FS, III
126.8, 2643, 3, FS, V
126.9, 947, 1, RS, VI
126.9, 1114, 1, FS, V
126.9, 1131, 1, FS, V
126.9, 1140, 1, FS, V
126.9, 1144, 1, FS, V
126.9, 1151, 1, FS, V
126.9, 1299, 1, LTS, IV
126.9, 1387, 1, RS, III
127, 1067, 1, RS, V
127, 1138, 1, FS, V
127, 1149, 1, FS, V
127, 1294, 1, LTS, IV
127, 1521, 1, LTS, III
127.1, 768, 1, RS, VI
127.1, 956, 1, RS, VI
127.1, 962, 1, RS, VI
127.1, 1058, 1, RS, V
127.1, 1118, 1, FS, V
127.1, 1305, 1, LTS, IV
127.1, 1374, 1, RS, III
127.1, 1491, 1, FS, III
127.1, 1502, 1, FS, III
127.2, 258, 0, LTS, VI
127.2, 1054, 1, RS, V
127.2, 1099, 1, RS, V
127.2, 1113, 1, RS, V
127.2, 1152, 1, FS, V
127.2, 1288, 1, LTS, IV
127.3, 918, 1, RS, VI
127.3, 941, 1, RS, VI
127.3, 1044, 1, RS, V
127.3, 1073, 1, RS, V
127.3, 1080, 1, RS, V
127.4, 1071, 1, RS, V
127.4, 1097, 1, RS, V
127.4, 1133, 1, FS, V
127.5, 1036, 1, RS, V
127.5, 1057, 1, RS, V
127.5, 1069, 1, RS, V
127.5, 1074, 1, RS, V
127.5, 1088, 1, RS, V
127.5, 1102, 1, RS, V
127.5, 1104, 1, RS, V
127.5, 1292, 1, LTS, IV
127.5, 1360, 1, RS, III
127.6, 1037, 1, RS, V
127.6, 1038, 1, RS, V
127.6, 1065, 1, RS, V
127.6, 1107, 1, RS, V
127.6, 1110, 1, RS, V
127.6, 1123, 1, FS, V
127.6, 1487, 1, FS, III
127.6, 1511, 1, LTS, III
127.7, 812, 1, RS, VI
127.7, 1086, 1, RS, V
127.7, 1093, 1, RS, V
127.7, 1105, 1, RS, V
127.7, 1112, 1, RS, V
127.7, 1132, 1, FS, V
127.8, 379, 0, FS, V
127.8, 1052, 1, RS, V
127.8, 1092, 1, RS, V
127.8, 1094, 1, RS, V
127.8, 1509, 1, LTS, III
127.9, 1040, 1, RS, V
127.9, 1072, 1, RS, V
127.9, 1083, 1, RS, V
127.9, 1090, 1, RS, V
127.9, 1108, 1, RS, V
127.9, 1181, 1, IB, V
127.9, 1289, 1, LTS, IV
127.9, 1316, 1, RS, III
127.9, 1514, 1, LTS, III
128, 847, 1, RS, VI
128, 1047, 1, RS, V
128, 1055, 1, RS, V
128, 1060, 1, RS, V
128, 1079, 1, RS, V
128, 1085, 1, RS, V
128, 1182, 1, IB, V
128.1, 828, 1, RS, VI
128.1, 1034, 1, RS, V
128.1, 1039, 1, RS, V
128.1, 1056, 1, RS, V
128.1, 1061, 1, RS, V
128.1, 1068, 1, RS, V
128.1, 1077, 1, RS, V
128.1, 1419, 1, RS, III
128.2, 1046, 1, RS, V
128.2, 1059, 1, RS, V
128.2, 1075, 1, RS, V
128.2, 1096, 1, RS, V
128.2, 1103, 1, RS, V
128.2, 1106, 1, RS, V
128.2, 1383, 1, RS, III
128.2, 1479, 1, FS, III
128.2, 1486, 1, FS, III
128.3, 1049, 1, RS, V
128.3, 1053, 1, RS, V
128.3, 1062, 1, RS, V
128.3, 1066, 1, RS, V
128.3, 1078, 1, RS, V
128.3, 1087, 1, RS, V
128.3, 1300, 1, LTS, IV
128.3, 1338, 1, RS, III
128.3, 1358, 1, RS, III
128.4, 1035, 1, RS, V
128.4, 1042, 1, RS, V
128.4, 1048, 1, RS, V
128.4, 1051, 1, RS, V
128.4, 1076, 1, RS, V
128.4, 1084, 1, RS, V
128.4, 1100, 1, RS, V
128.4, 1174, 1, IB, V
128.4, 1187, 1, IB, V
128.5, 792, 1, RS, VI
128.5, 1033, 1, RS, V
128.5, 1043, 1, RS, V
128.5, 1045, 1, RS, V
128.5, 1050, 1, RS, V
128.5, 1081, 1, RS, V
128.5, 1089, 1, RS, V
128.5, 1091, 1, RS, V
128.5, 1173, 1, IB, V
128.5, 1176, 1, IB, V
128.5, 1298, 1, LTS, IV
128.6, 904, 1, RS, VI
128.6, 983, 1, RS, VI
128.6, 1171, 1, IB, V
128.7, 1064, 1, RS, V
128.7, 1070, 1, RS, V
128.7, 1095, 1, RS, V
128.7, 1109, 1, RS, V
128.7, 1186, 1, IB, V
128.7, 1189, 1, IB, V
128.7, 1287, 1, LTS, IV
128.7, 1497, 1, FS, III
128.8, 1082, 1, RS, V
128.8, 1111, 1, RS, V
128.8, 1406, 1, RS, III
128.9, 798, 1, RS, VI
128.9, 811, 1, RS, VI
128.9, 1098, 1, RS, V
128.9, 1101, 1, RS, V
128.9, 1175, 1, IB, V
128.9, 1183, 1, IB, V
128.9, 1301, 1, LTS, IV
129, 881, 1, RS, VI
129, 898, 1, RS, VI
129, 1041, 1, RS, V
129, 1178, 1, IB, V
129, 1180, 1, IB, V
129, 1408, 1, RS, III
129.1, 841, 1, RS, VI
129.1, 852, 1, RS, VI
129.1, 877, 1, RS, VI
129.1, 967, 1, RS, VI
129.1, 1063, 1, RS, V
129.1, 1306, 1, LTS, IV
129.1, 1476, 1, FS, III
129.2, 1136, 1, FS, V
129.2, 1141, 1, FS, V
129.2, 1177, 1, IB, V
129.2, 1438, 1, RS, III
129.3, 1191, 1, IB, V
129.3, 1346, 1, RS, III
129.3, 1381, 1, RS, III
129.3, 1517, 1, LTS, III
129.4, 772, 1, RS, VI
129.4, 1125, 1, FS, V
129.4, 1128, 1, FS, V
129.4, 1143, 1, FS, V
129.4, 1153, 1, FS, V
129.4, 1188, 1, IB, V
129.4, 1466, 1, RS, III
129.4, 1515, 1, LTS, III
129.5, 958, 1, RS, VI
129.5, 1115, 1, FS, V
129.5, 1135, 1, FS, V
129.5, 1184, 1, IB, V
129.5, 1500, 1, FS, III
129.6, 926, 1, RS, VI
129.6, 1124, 1, FS, V
129.6, 1145, 1, FS, V
129.6, 1150, 1, FS, V
129.6, 1185, 1, IB, V
129.7, 1031, 1, LTS, VI
129.7, 1172, 1, IB, V
129.7, 1179, 1, IB, V
129.7, 1192, 1, IB, V
129.7, 1418, 1, RS, III
129.7, 1440, 1, RS, III
129.8, 864, 1, RS, VI
129.8, 1126, 1, FS, V
129.8, 1127, 1, FS, V
129.8, 1140, 1, FS, V
129.8, 1147, 1, FS, V
129.8, 1518, 1, LTS, III
129.9, 964, 1, RS, VI
129.9, 1120, 1, FS, V
129.9, 1138, 1, FS, V
129.9, 1190, 1, IB, V
130, 364, 0, FS, V
130, 910, 1, RS, VI
130, 1303, 1, LTS, IV
130, 1333, 1, RS, III
130.1, 1151, 1, FS, V
130.2, 1142, 1, FS, V
130.2, 1296, 1, LTS, IV
130.3, 838, 1, RS, VI
130.3, 1122, 1, FS, V
130.3, 1133, 1, FS, V
130.3, 1152, 1, FS, V
130.3, 1410, 1, RS, III
130.3, 1464, 1, RS, III
130.4, 795, 1, RS, VI
130.4, 1028, 1, LTS, VI
130.4, 1114, 1, FS, V
130.4, 1139, 1, FS, V
130.4, 1285, 1, LTS, IV
130.4, 1286, 1, LTS, IV
130.4, 1519, 1, LTS, III
130.5, 773, 1, RS, VI
130.5, 1347, 1, RS, III
130.5, 1372, 1, RS, III
130.6, 378, 0, FS, V
130.6, 1116, 1, FS, V
130.6, 1118, 1, FS, V
130.6, 1121, 1, FS, V
130.6, 1132, 1, FS, V
130.6, 1148, 1, FS, V
130.6, 1291, 1, LTS, IV
130.6, 1885, 2, FS, V
130.7, 379, 0, FS, V
130.7, 930, 1, RS, VI
130.7, 982, 1, RS, VI
130.7, 1144, 1, FS, V
130.7, 1146, 1, FS, V
130.7, 1149, 1, FS, V
130.7, 1295, 1, LTS, IV
130.8, 373, 0, FS, V
130.8, 375, 0, FS, V
130.8, 914, 1, RS, VI
130.8, 1129, 1, FS, V
130.8, 1351, 1, RS, III
130.8, 1405, 1, RS, III
130.8, 1445, 1, RS, III
130.8, 1905, 2, FS, V
130.9, 368, 0, FS, V
130.9, 989, 1, RS, VI
130.9, 1344, 1, RS, III
130.9, 1424, 1, RS, III
130.9, 1510, 1, LTS, III
130.9, 1903, 2, FS, V
131, 876, 1, RS, VI
131, 976, 1, RS, VI
131, 1123, 1, FS, V
131, 1134, 1, FS, V
131, 1315, 1, RS, III
131, 1890, 2, FS, V
131.1, 383, 0, FS, V
131.1, 791, 1, RS, VI
131.1, 1335, 1, RS, III
131.1, 1899, 2, FS, V
131.1, 1910, 2, FS, V
131.2, 365, 0, FS, V
131.2, 1879, 2, FS, V
131.2, 1898, 2, FS, V
131.3, 386, 0, FS, V
131.3, 952, 1, RS, VI
131.3, 1181, 1, IB, V
131.3, 1290, 1, LTS, IV
131.3, 1302, 1, LTS, IV
131.3, 1884, 2, FS, V
131.4, 374, 0, FS, V
131.4, 384, 0, FS, V
131.4, 1182, 1, IB, V
131.4, 1319, 1, RS, III
131.4, 1893, 2, FS, V
131.4, 1900, 2, FS, V
131.4, 1908, 2, FS, V
131.4, 1911, 2, FS, V
131.5, 363, 0, FS, V
131.5, 382, 0, FS, V
131.5, 1389, 1, RS, III
131.5, 1909, 2, FS, V
131.6, 376, 0, FS, V
131.6, 385, 0, FS, V
131.6, 388, 0, FS, V
131.6, 389, 0, FS, V
131.6, 944, 1, RS, VI
131.6, 1117, 1, FS, V
131.6, 1119, 1, FS, V
131.6, 1130, 1, FS, V
131.6, 1506, 1, FS, III
131.6, 1914, 2, FS, V
131.7, 372, 0, FS, V
131.7, 380, 0, FS, V
131.7, 390, 0, FS, V
131.7, 836, 1, RS, VI
131.7, 1131, 1, FS, V
131.7, 1299, 1, LTS, IV
131.7, 1507, 1, FS, III
131.7, 1904, 2, FS, V
131.8, 360, 0, FS, V
131.8, 984, 1, RS, VI
131.8, 1174, 1, IB, V
131.8, 1187, 1, IB, V
131.8, 1294, 1, LTS, IV
131.8, 1892, 2, FS, V
131.8, 3449, 4, LTS, V
131.9, 357, 0, FS, V
131.9, 358, 0, FS, V
131.9, 366, 0, FS, V
131.9, 367, 0, FS, V
131.9, 1137, 1, FS, V
131.9, 1173, 1, IB, V
131.9, 1176, 1, IB, V
131.9, 1305, 1, LTS, IV
131.9, 1349, 1, RS, III
131.9, 1396, 1, RS, III
131.9, 1876, 2, FS, V
131.9, 1881, 2, FS, V
131.9, 1883, 2, FS, V
131.9, 1886, 2, FS, V
131.9, 1887, 2, FS, V
131.9, 1894, 2, FS, V
132, 369, 0, FS, V
132, 939, 1, RS, VI
132, 1171, 1, IB, V
132, 1288, 1, LTS, IV
132, 1451, 1, RS, III
132.1, 381, 0, FS, V
132.1, 392, 0, FS, V
132.1, 761, 1, RS, VI
132.1, 1136, 1, FS, V
132.1, 1141, 1, FS, V
132.1, 1186, 1, IB, V
132.1, 1189, 1, IB, V
132.1, 1912, 2, FS, V
132.2, 353, 0, FS, V
132.2, 355, 0, FS, V
132.2, 362, 0, FS, V
132.2, 857, 1, RS, VI
132.2, 1297, 1, LTS, IV
132.2, 1878, 2, FS, V
132.2, 1889, 2, FS, V
132.3, 1125, 1, FS, V
132.3, 1128, 1, FS, V
132.3, 1143, 1, FS, V
132.3, 1153, 1, FS, V
132.3, 1175, 1, IB, V
132.3, 1183, 1, IB, V
132.4, 880, 1, RS, VI
132.4, 1115, 1, FS, V
132.4, 1135, 1, FS, V
132.4, 1178, 1, IB, V
132.4, 1180, 1, IB, V
132.5, 371, 0, FS, V
132.5, 1124, 1, FS, V
132.5, 1145, 1, FS, V
132.5, 1150, 1, FS, V
132.5, 1293, 1, LTS, IV
132.5, 1412, 1, RS, III
132.5, 1480, 1, FS, III
132.5, 1875, 2, FS, V
132.5, 1880, 2, FS, V
132.6, 361, 0, FS, V
132.6, 1177, 1, IB, V
132.6, 1513, 1, LTS, III
132.6, 1877, 2, FS, V
132.6, 1882, 2, FS, V
132.6, 1896, 2, FS, V
132.7, 359, 0, FS, V
132.7, 1126, 1, FS, V
132.7, 1127, 1, FS, V
132.7, 1140, 1, FS, V
132.7, 1147, 1, FS, V
132.7, 1191, 1, IB, V
132.7, 1484, 1, FS, III
132.7, 1897, 2, FS, V
132.7, 1901, 2, FS, V
132.8, 901, 1, RS, VI
132.8, 1120, 1, FS, V
132.8, 1138, 1, FS, V
132.8, 1188, 1, IB, V
132.8, 1415, 1, RS, III
132.8, 1455, 1, RS, III
132.8, 1486, 1, FS, III
132.8, 1895, 2, FS, V
132.9, 364, 0, FS, V
132.9, 802, 1, RS, VI
132.9, 825, 1, RS, VI
132.9, 851, 1, RS, VI
132.9, 1184, 1, IB, V
132.9, 1511, 1, LTS, III
133, 840, 1, RS, VI
133, 974, 1, RS, VI
133, 1151, 1, FS, V
133, 1185, 1, IB, V
133, 1327, 1, RS, III
133, 1479, 1, FS, III
133, 1521, 1, LTS, III
133, 1913, 2, FS, V
133.1, 387, 0, FS, V
133.1, 391, 0, FS, V
133.1, 1142, 1, FS, V
133.1, 1172, 1, IB, V
133.1, 1179, 1, IB, V
133.1, 1192, 1, IB, V
133.1, 1300, 1, LTS, IV
133.1, 1320, 1, RS, III
133.1, 1497, 1, FS, III
133.1, 1902, 2, FS, V
133.2, 354, 0, FS, V
133.2, 1122, 1, FS, V
133.2, 1133, 1, FS, V
133.2, 1152, 1, FS, V
133.2, 1289, 1, LTS, IV
133.2, 1450, 1, RS, III
133.2, 1476, 1, FS, III
133.3, 370, 0, FS, V
133.3, 377, 0, FS, V
133.3, 1067, 1, RS, V
133.3, 1114, 1, FS, V
133.3, 1139, 1, FS, V
133.3, 1190, 1, IB, V
133.3, 1298, 1, LTS, IV
133.3, 1906, 2, FS, V
133.4, 965, 1, RS, VI
133.4, 1058, 1, RS, V
133.4, 1292, 1, LTS, IV
133.4, 1350, 1, RS, III
133.4, 1512, 1, LTS, III
133.5, 378, 0, FS, V
133.5, 1029, 1, LTS, VI
133.5, 1054, 1, RS, V
133.5, 1099, 1, RS, V
133.5, 1113, 1, RS, V
133.5, 1116, 1, FS, V
133.5, 1118, 1, FS, V
133.5, 1121, 1, FS, V
133.5, 1132, 1, FS, V
133.5, 1148, 1, FS, V
133.5, 1287, 1, LTS, IV
133.5, 1885, 2, FS, V
133.6, 379, 0, FS, V
133.6, 783, 1, RS, VI
133.6, 1044, 1, RS, V
133.6, 1073, 1, RS, V
133.6, 1080, 1, RS, V
133.6, 1144, 1, FS, V
133.6, 1146, 1, FS, V
133.6, 1149, 1, FS, V
133.6, 1491, 1, FS, III
133.6, 1501, 1, FS, III
133.7, 373, 0, FS, V
133.7, 375, 0, FS, V
133.7, 1071, 1, RS, V
133.7, 1097, 1, RS, V
133.7, 1129, 1, FS, V
133.7, 1301, 1, LTS, IV
133.7, 1489, 1, FS, III
133.7, 1891, 2, FS, V
133.7, 1905, 2, FS, V
133.8, 368, 0, FS, V
133.8, 896, 1, RS, VI
133.8, 1036, 1, RS, V
133.8, 1057, 1, RS, V
133.8, 1069, 1, RS, V
133.8, 1074, 1, RS, V
133.8, 1088, 1, RS, V
133.8, 1102, 1, RS, V
133.8, 1104, 1, RS, V
133.8, 1304, 1, LTS, IV
133.8, 1360, 1, RS, III
133.8, 1485, 1, FS, III
133.8, 1888, 2, FS, V
133.8, 1903, 2, FS, V
133.9, 957, 1, RS, VI
133.9, 1037, 1, RS, V
133.9, 1038, 1, RS, V
133.9, 1065, 1, RS, V
133.9, 1107, 1, RS, V
133.9, 1110, 1, RS, V
133.9, 1123, 1, FS, V
133.9, 1134, 1, FS, V
133.9, 1306, 1, LTS, IV
133.9, 1890, 2, FS, V
134, 383, 0, FS, V
134, 1086, 1, RS, V
134, 1093, 1, RS, V
134, 1105, 1, RS, V
134, 1112, 1, RS, V
134, 1899, 2, FS, V
134, 1910, 2, FS, V
134.1, 356, 0, FS, V
134.1, 365, 0, FS, V
134.1, 766, 1, RS, VI
134.1, 835, 1, RS, VI
134.1, 1052, 1, RS, V
134.1, 1092, 1, RS, V
134.1, 1094, 1, RS, V
134.1, 1502, 1, FS, III
134.1, 1505, 1, FS, III
134.1, 1517, 1, LTS, III
134.1, 1879, 2, FS, V
134.1, 1898, 2, FS, V
134.1, 3305, 4, LTS, VI
134.2, 386, 0, FS, V
134.2, 1040, 1, RS, V
134.2, 1072, 1, RS, V
134.2, 1083, 1, RS, V
134.2, 1090, 1, RS, V
134.2, 1108, 1, RS, V
134.2, 1493, 1, FS, III
134.2, 1498, 1, FS, III
134.2, 1515, 1, LTS, III
134.2, 1884, 2, FS, V
134.3, 374, 0, FS, V
134.3, 384, 0, FS, V
134.3, 1047, 1, RS, V
134.3, 1055, 1, RS, V
134.3, 1060, 1, RS, V
134.3, 1079, 1, RS, V
134.3, 1085, 1, RS, V
134.3, 1893, 2, FS, V
134.3, 1900, 2, FS, V
134.3, 1908, 2, FS, V
134.3, 1911, 2, FS, V
134.4, 363, 0, FS, V
134.4, 382, 0, FS, V
134.4, 922, 1, RS, VI
134.4, 1034, 1, RS, V
134.4, 1039, 1, RS, V
134.4, 1056, 1, RS, V
134.4, 1061, 1, RS, V
134.4, 1068, 1, RS, V
134.4, 1077, 1, RS, V
134.4, 1909, 2, FS, V
134.5, 376, 0, FS, V
134.5, 385, 0, FS, V
134.5, 388, 0, FS, V
134.5, 389, 0, FS, V
134.5, 1046, 1, RS, V
134.5, 1059, 1, RS, V
134.5, 1075, 1, RS, V
134.5, 1096, 1, RS, V
134.5, 1103, 1, RS, V
134.5, 1106, 1, RS, V
134.5, 1117, 1, FS, V
134.5, 1119, 1, FS, V
134.5, 1130, 1, FS, V
134.5, 1388, 1, RS, III
134.5, 1506, 1, FS, III
134.5, 1914, 2, FS, V
134.5, 2543, 3, LTS, VI
134.6, 372, 0, FS, V
134.6, 380, 0, FS, V
134.6, 390, 0, FS, V
134.6, 832, 1, RS, VI
134.6, 1049, 1, RS, V
134.6, 1062, 1, RS, V
134.6, 1066, 1, RS, V
134.6, 1078, 1, RS, V
134.6, 1087, 1, RS, V
134.6, 1131, 1, FS, V
134.6, 1358, 1, RS, III
134.6, 1404, 1, RS, III
134.6, 1518, 1, LTS, III
134.6, 1904, 2, FS, V
134.7, 360, 0, FS, V
134.7, 1035, 1, RS, V
134.7, 1042, 1, RS, V
134.7, 1048, 1, RS, V
134.7, 1051, 1, RS, V
134.7, 1076, 1, RS, V
134.7, 1084, 1, RS, V
134.7, 1100, 1, RS, V
134.7, 1181, 1, IB, V
134.7, 1475, 1, FS, III
134.7, 1892, 2, FS, V
134.8, 358, 0, FS, V
134.8, 366, 0, FS, V
134.8, 367, 0, FS, V
134.8, 821, 1, RS, VI
134.8, 860, 1, RS, VI
134.8, 1033, 1, RS, V
134.8, 1043, 1, RS, V
134.8, 1045, 1, RS, V
134.8, 1050, 1, RS, V
134.8, 1081, 1, RS, V
134.8, 1089, 1, RS, V
134.8, 1091, 1, RS, V
134.8, 1182, 1, IB, V
134.8, 1303, 1, LTS, IV
134.8, 1380, 1, RS, III
134.8, 1481, 1, FS, III
134.8, 1876, 2, FS, V
134.8, 1881, 2, FS, V
134.8, 1883, 2, FS, V
134.8, 1886, 2, FS, V
134.8, 1887, 2, FS, V
134.8, 1894, 2, FS, V
134.9, 357, 0, FS, V
134.9, 369, 0, FS, V
134.9, 1907, 2, FS, V
135, 381, 0, FS, V
135, 392, 0, FS, V
135, 1064, 1, RS, V
135, 1070, 1, RS, V
135, 1095, 1, RS, V
135, 1109, 1, RS, V
135, 1136, 1, FS, V
135, 1141, 1, FS, V
135, 1296, 1, LTS, IV
135, 1514, 1, LTS, III
135, 1912, 2, FS, V
135.1, 353, 0, FS, V
135.1, 355, 0, FS, V
135.1, 362, 0, FS, V
135.1, 818, 1, RS, VI
135.1, 946, 1, RS, VI
135.1, 1082, 1, RS, V
135.1, 1111, 1, RS, V
135.1, 1406, 1, RS, III
135.1, 1460, 1, RS, III
135.1, 1488, 1, FS, III
135.1, 1878, 2, FS, V
135.1, 1889, 2, FS, V
135.2, 855, 1, RS, VI
135.2, 1098, 1, RS, V
135.2, 1125, 1, FS, V
135.2, 1137, 1, FS, V
135.2, 1143, 1, FS, V
135.2, 1153, 1, FS, V
135.2, 1174, 1, IB, V
135.2, 1187, 1, IB, V
135.2, 1285, 1, LTS, IV
135.2, 1286, 1, LTS, IV
135.2, 1519, 1, LTS, III
135.3, 601, 0, RS, III
135.3, 853, 1, RS, VI
135.3, 1041, 1, RS, V
135.3, 1115, 1, FS, V
135.3, 1135, 1, FS, V
135.3, 1173, 1, IB, V
135.3, 1176, 1, IB, V
135.4, 371, 0, FS, V
135.4, 769, 1, RS, VI
135.4, 1063, 1, RS, V
135.4, 1124, 1, FS, V
135.4, 1145, 1, FS, V
135.4, 1150, 1, FS, V
135.4, 1171, 1, IB, V
135.4, 1291, 1, LTS, IV
135.4, 1334, 1, RS, III
135.4, 1880, 2, FS, V
135.5, 1186, 1, IB, V
135.5, 1189, 1, IB, V
135.5, 1295, 1, LTS, IV
135.5, 1438, 1, RS, III
135.5, 1459, 1, RS, III
135.5, 1896, 2, FS, V
135.6, 831, 1, RS, VI
135.6, 1126, 1, FS, V
135.6, 1127, 1, FS, V
135.6, 1140, 1, FS, V
135.6, 1147, 1, FS, V
135.6, 1354, 1, RS, III
135.6, 1374, 1, RS, III
135.6, 1500, 1, FS, III
135.6, 1507, 1, FS, III
135.7, 793, 1, RS, VI
135.7, 1120, 1, FS, V
135.7, 1138, 1, FS, V
135.7, 1175, 1, IB, V
135.7, 1183, 1, IB, V
135.7, 1433, 1, RS, III
135.7, 1466, 1, RS, III
135.7, 1895, 2, FS, V
135.7, 1897, 2, FS, V
135.8, 364, 0, FS, V
135.8, 1178, 1, IB, V
135.8, 1180, 1, IB, V
135.8, 1324, 1, RS, III
135.8, 1877, 2, FS, V
135.9, 1019, 1, LTS, VI
135.9, 1151, 1, FS, V
135.9, 1336, 1, RS, III
135.9, 1385, 1, RS, III
136, 970, 1, RS, VI
136, 1142, 1, FS, V
136, 1177, 1, IB, V
136, 1313, 1, RS, III
136, 1370, 1, RS, III
136.1, 833, 1, RS, VI
136.1, 1026, 1, LTS, VI
136.1, 1122, 1, FS, V
136.1, 1133, 1, FS, V
136.1, 1152, 1, FS, V
136.1, 1191, 1, IB, V
136.1, 1290, 1, LTS, IV
136.1, 1487, 1, FS, III
136.1, 1497, 1, FS, III
136.1, 1504, 1, FS, III
136.1, 1882, 2, FS, V
136.1, 1901, 2, FS, V
136.2, 361, 0, FS, V
136.2, 1114, 1, FS, V
136.2, 1139, 1, FS, V
136.2, 1188, 1, IB, V
136.2, 1375, 1, RS, III
136.2, 1416, 1, RS, III
136.3, 1128, 1, FS, V
136.3, 1184, 1, IB, V
136.3, 1913, 2, FS, V
136.4, 378, 0, FS, V
136.4, 1116, 1, FS, V
136.4, 1118, 1, FS, V
136.4, 1121, 1, FS, V
136.4, 1132, 1, FS, V
136.4, 1148, 1, FS, V
136.4, 1185, 1, IB, V
136.4, 1885, 2, FS, V
136.5, 379, 0, FS, V
136.5, 1144, 1, FS, V
136.5, 1146, 1, FS, V
136.5, 1149, 1, FS, V
136.5, 1172, 1, IB, V
136.5, 1179, 1, IB, V
136.5, 1192, 1, IB, V
136.5, 1413, 1, RS, III
136.6, 373, 0, FS, V
136.6, 375, 0, FS, V
136.6, 1129, 1, FS, V
136.6, 1294, 1, LTS, IV
136.6, 1905, 2, FS, V
136.7, 368, 0, FS, V
136.7, 1021, 1, LTS, VI
136.7, 1190, 1, IB, V
136.7, 1305, 1, LTS, IV
136.7, 1394, 1, RS, III
136.7, 1875, 2, FS, V
136.7, 1903, 2, FS, V
136.8, 359, 0, FS, V
136.8, 1123, 1, FS, V
136.8, 1134, 1, FS, V
136.8, 1347, 1, RS, III
136.8, 1477, 1, FS, III
136.8, 1890, 2, FS, V
136.9, 1427, 1, RS, III
136.9, 1899, 2, FS, V
136.9, 1910, 2, FS, V
137, 365, 0, FS, V
137, 781, 1, RS, VI
137, 1030, 1, LTS, VI
137, 1299, 1, LTS, IV
137, 1879, 2, FS, V
137, 1898, 2, FS, V
137.1, 386, 0, FS, V
137.1, 905, 1, RS, VI
137.1, 1302, 1, LTS, IV
137.1, 1351, 1, RS, III
137.1, 1382, 1, RS, III
137.1, 1405, 1, RS, III
137.1, 1884, 2, FS, V
137.2, 374, 0, FS, V
137.2, 383, 0, FS, V
137.2, 384, 0, FS, V
137.2, 1893, 2, FS, V
137.2, 1900, 2, FS, V
137.2, 1902, 2, FS, V
137.2, 1908, 2, FS, V
137.2, 1911, 2, FS, V
137.3, 363, 0, FS, V
137.3, 382, 0, FS, V
137.3, 1315, 1, RS, III
137.3, 1446, 1, RS, III
137.3, 1480, 1, FS, III
137.3, 1906, 2, FS, V
137.3, 1909, 2, FS, V
137.4, 376, 0, FS, V
137.4, 388, 0, FS, V
137.4, 389, 0, FS, V
137.4, 991, 1, RS, VI
137.4, 1117, 1, FS, V
137.4, 1119, 1, FS, V
137.4, 1130, 1, FS, V
137.4, 1482, 1, FS, III
137.4, 1513, 1, LTS, III
137.4, 1891, 2, FS, V
137.4, 1914, 2, FS, V
137.5, 372, 0, FS, V
137.5, 380, 0, FS, V
137.5, 390, 0, FS, V
137.5, 642, 0, RS, III
137.5, 1131, 1, FS, V
137.5, 1904, 2, FS, V
137.6, 385, 0, FS, V
137.6, 1892, 2, FS, V
137.6, 3301, 4, LTS, VI
137.7, 358, 0, FS, V
137.7, 1381, 1, RS, III
137.7, 1431, 1, RS, III
137.7, 1511, 1, LTS, III
137.7, 1876, 2, FS, V
137.7, 1881, 2, FS, V
137.7, 1883, 2, FS, V
137.7, 1886, 2, FS, V
137.7, 1887, 2, FS, V
137.7, 1894, 2, FS, V
137.8, 366, 0, FS, V
137.8, 377, 0, FS, V
137.8, 1101, 1, RS, V
137.8, 1521, 1, LTS, III
137.9, 381, 0, FS, V
137.9, 1136, 1, FS, V
137.9, 1141, 1, FS, V
137.9, 1300, 1, LTS, IV
137.9, 1912, 2, FS, V
138, 362, 0, FS, V
138, 1410, 1, RS, III
138, 1418, 1, RS, III
138.1, 882, 1, RS, VI
138.1, 1018, 1, LTS, VI
138.1, 1125, 1, FS, V
138.1, 1137, 1, FS, V
138.1, 1143, 1, FS, V
138.1, 1153, 1, FS, V
138.1, 1181, 1, IB, V
138.1, 1878, 2, FS, V
138.2, 357, 0, FS, V
138.2, 367, 0, FS, V
138.2, 1115, 1, FS, V
138.2, 1135, 1, FS, V
138.2, 1182, 1, IB, V
138.3, 369, 0, FS, V
138.3, 1124, 1, FS, V
138.3, 1145, 1, FS, V
138.3, 1150, 1, FS, V
138.3, 1287, 1, LTS, IV
138.3, 1339, 1, RS, III
138.3, 1888, 2, FS, V
138.4, 354, 0, FS, V
138.4, 1896, 2, FS, V
138.5, 353, 0, FS, V
138.5, 355, 0, FS, V
138.5, 1017, 1, LTS, VI
138.5, 1126, 1, FS, V
138.5, 1127, 1, FS, V
138.5, 1140, 1, FS, V
138.5, 1147, 1, FS, V
138.5, 1421, 1, RS, III
138.5, 1486, 1, FS, III
138.5, 1889, 2, FS, V
138.6, 392, 0, FS, V
138.6, 1120, 1, FS, V
138.6, 1138, 1, FS, V
138.6, 1174, 1, IB, V
138.6, 1187, 1, IB, V
138.6, 1491, 1, FS, III
138.7, 364, 0, FS, V
138.7, 929, 1, RS, VI
138.7, 1173, 1, IB, V
138.7, 1176, 1, IB, V
138.7, 1489, 1, FS, III
138.7, 1895, 2, FS, V
138.7, 1897, 2, FS, V
138.8, 706, 0, RS, III
138.8, 799, 1, RS, VI
138.8, 960, 1, RS, VI
138.8, 1151, 1, FS, V
138.8, 1171, 1, IB, V
138.8, 1473, 1, FS, III
138.8, 2649, 3, FS, V
138.9, 1142, 1, FS, V
138.9, 1186, 1, IB, V
138.9, 1189, 1, IB, V
138.9, 1288, 1, LTS, IV
138.9, 1479, 1, FS, III
138.9, 1485, 1, FS, III
138.9, 1494, 1, FS, III
138.9, 1506, 1, FS, III
138.9, 1517, 1, LTS, III
138.9, 1880, 2, FS, V
139, 918, 1, RS, VI
139, 1022, 1, LTS, VI
139, 1122, 1, FS, V
139, 1133, 1, FS, V
139, 1152, 1, FS, V
139, 1281, 1, FS, IV
139, 1484, 1, FS, III
139, 1497, 1, FS, III
139, 1515, 1, LTS, III
139, 1901, 2, FS, V
139, 2675, 3, FS, V
139.1, 1114, 1, FS, V
139.1, 1139, 1, FS, V
139.1, 1175, 1, IB, V
139.1, 1183, 1, IB, V
139.1, 1877, 2, FS, V
139.1, 2645, 3, FS, V
139.2, 360, 0, FS, V
139.2, 371, 0, FS, V
139.2, 573, 0, RS, III
139.2, 850, 1, RS, VI
139.2, 1027, 1, LTS, VI
139.2, 1128, 1, FS, V
139.2, 1178, 1, IB, V
139.2, 1180, 1, IB, V
139.2, 1476, 1, FS, III
139.3, 361, 0, FS, V
139.3, 378, 0, FS, V
139.3, 1116, 1, FS, V
139.3, 1118, 1, FS, V
139.3, 1121, 1, FS, V
139.3, 1132, 1, FS, V
139.3, 1148, 1, FS, V
139.3, 1474, 1, FS, III
139.3, 1487, 1, FS, III
139.3, 1495, 1, FS, III
139.3, 1498, 1, FS, III
139.3, 1501, 1, FS, III
139.3, 1502, 1, FS, III
139.3, 1505, 1, FS, III
139.3, 1507, 1, FS, III
139.3, 1885, 2, FS, V
139.4, 379, 0, FS, V
139.4, 1144, 1, FS, V
139.4, 1146, 1, FS, V
139.4, 1149, 1, FS, V
139.4, 1177, 1, IB, V
139.4, 1301, 1, LTS, IV
139.4, 1488, 1, FS, III
139.4, 1518, 1, LTS, III
139.5, 370, 0, FS, V
139.5, 373, 0, FS, V
139.5, 375, 0, FS, V
139.5, 1129, 1, FS, V
139.5, 1191, 1, IB, V
139.5, 1496, 1, FS, III
139.5, 1905, 2, FS, V
139.6, 368, 0, FS, V
139.6, 1067, 1, RS, V
139.6, 1188, 1, IB, V
139.6, 1292, 1, LTS, IV
139.6, 1303, 1, LTS, IV
139.6, 1392, 1, RS, III
139.6, 1400, 1, RS, III
139.6, 1493, 1, FS, III
139.6, 1512, 1, LTS, III
139.6, 1903, 2, FS, V
139.7, 1058, 1, RS, V
139.7, 1123, 1, FS, V
139.7, 1134, 1, FS, V
139.7, 1184, 1, IB, V
139.7, 1342, 1, RS, III
139.7, 1890, 2, FS, V
139.8, 787, 1, RS, VI
139.8, 935, 1, RS, VI
139.8, 1054, 1, RS, V
139.8, 1099, 1, RS, V
139.8, 1113, 1, RS, V
139.8, 1185, 1, IB, V
139.8, 1882, 2, FS, V
139.8, 1899, 2, FS, V
139.8, 1910, 2, FS, V
139.9, 365, 0, FS, V
139.9, 1032, 1, LTS, VI
139.9, 1044, 1, RS, V
139.9, 1073, 1, RS, V
139.9, 1080, 1, RS, V
139.9, 1172, 1, IB, V
139.9, 1179, 1, IB, V
139.9, 1192, 1, IB, V
139.9, 1442, 1, RS, III
139.9, 1492, 1, FS, III
139.9, 1508, 1, FS, III
139.9, 1879, 2, FS, V
139.9, 1898, 2, FS, V
140, 386, 0, FS, V
140, 1025, 1, LTS, VI
140, 1097, 1, RS, V
140, 1285, 1, LTS, IV
140, 1286, 1, LTS, IV
140, 1307, 1, RS, III
140, 1481, 1, FS, III
140.1, 374, 0, FS, V
140.1, 383, 0, FS, V
140.1, 384, 0, FS, V
140.1, 777, 1, RS, VI
140.1, 924, 1, RS, VI
140.1, 1036, 1, RS, V
140.1, 1057, 1, RS, V
140.1, 1069, 1, RS, V
140.1, 1074, 1, RS, V
140.1, 1088, 1, RS, V
140.1, 1102, 1, RS, V
140.1, 1104, 1, RS, V
140.1, 1190, 1, IB, V
140.1, 1297, 1, LTS, IV
140.1, 1477, 1, FS, III
140.1, 1504, 1, FS, III
140.1, 1790, 2, LTS, VI
140.1, 1893, 2, FS, V
140.1, 1908, 2, FS, V
140.1, 1911, 2, FS, V
140.1, 2654, 3, FS, V
140.1, 2660, 3, FS, V
140.2, 363, 0, FS, V
140.2, 382, 0, FS, V
140.2, 387, 0, FS, V
140.2, 1037, 1, RS, V
140.2, 1038, 1, RS, V
140.2, 1065, 1, RS, V
140.2, 1107, 1, RS, V
140.2, 1110, 1, RS, V
140.2, 1271, 1, FS, IV
140.2, 1274, 1, FS, IV
140.2, 1289, 1, LTS, IV
140.2, 1365, 1, RS, III
140.2, 1480, 1, FS, III
140.2, 1884, 2, FS, V
140.2, 1909, 2, FS, V
140.3, 376, 0, FS, V
140.3, 388, 0, FS, V
140.3, 389, 0, FS, V
140.3, 1086, 1, RS, V
140.3, 1093, 1, RS, V
140.3, 1112, 1, RS, V
140.3, 1117, 1, FS, V
140.3, 1119, 1, FS, V
140.3, 1130, 1, FS, V
140.3, 1295, 1, LTS, IV
140.3, 1298, 1, LTS, IV
140.3, 1306, 1, LTS, IV
140.3, 1900, 2, FS, V
140.3, 1914, 2, FS, V
140.4, 372, 0, FS, V
140.4, 1052, 1, RS, V
140.4, 1092, 1, RS, V
140.4, 1094, 1, RS, V
140.4, 1131, 1, FS, V
140.4, 1396, 1, RS, III
140.4, 1904, 2, FS, V
140.4, 1906, 2, FS, V
140.5, 1023, 1, LTS, VI
140.5, 1040, 1, RS, V
140.5, 1072, 1, RS, V
140.5, 1090, 1, RS, V
140.5, 1108, 1, RS, V
140.5, 1304, 1, LTS, IV
140.5, 1462, 1, RS, III
140.5, 1478, 1, FS, III
140.5, 1490, 1, FS, III
140.5, 1892, 2, FS, V
140.6, 358, 0, FS, V
140.6, 390, 0, FS, V
140.6, 1047, 1, RS, V
140.6, 1055, 1, RS, V
140.6, 1060, 1, RS, V
140.6, 1079, 1, RS, V
140.6, 1085, 1, RS, V
140.6, 1360, 1, RS, III
140.6, 1894, 2, FS, V
140.6, 2661, 3, FS, V
140.7, 380, 0, FS, V
140.7, 820, 1, RS, VI
140.7, 1034, 1, RS, V
140.7, 1039, 1, RS, V
140.7, 1056, 1, RS, V
140.7, 1061, 1, RS, V
140.7, 1068, 1, RS, V
140.7, 1077, 1, RS, V
140.7, 1348, 1, RS, III
140.7, 1500, 1, FS, III
140.8, 1046, 1, RS, V
140.8, 1059, 1, RS, V
140.8, 1075, 1, RS, V
140.8, 1096, 1, RS, V
140.8, 1103, 1, RS, V
140.8, 1106, 1, RS, V
140.8, 1136, 1, FS, V
140.8, 1141, 1, FS, V
140.8, 1452, 1, RS, III
140.9, 605, 0, RS, III
140.9, 1049, 1, RS, V
140.9, 1062, 1, RS, V
140.9, 1078, 1, RS, V
140.9, 1087, 1, RS, V
140.9, 1290, 1, LTS, IV
140.9, 1434, 1, RS, III
140.9, 1499, 1, FS, III
140.9, 1503, 1, FS, III
141, 385, 0, FS, V
141, 1035, 1, RS, V
141, 1042, 1, RS, V
141, 1048, 1, RS, V
141, 1051, 1, RS, V
141, 1076, 1, RS, V
141, 1084, 1, RS, V
141, 1100, 1, RS, V
141, 1125, 1, FS, V
141, 1137, 1, FS, V
141, 1143, 1, FS, V
141, 1153, 1, FS, V
141, 1293, 1, LTS, IV
141, 2651, 3, FS, V
141.1, 837, 1, RS, VI
141.1, 1033, 1, RS, V
141.1, 1043, 1, RS, V
141.1, 1045, 1, RS, V
141.1, 1089, 1, RS, V
141.1, 1091, 1, RS, V
141.1, 1115, 1, FS, V
141.1, 1135, 1, FS, V
141.1, 1429, 1, RS, III
141.1, 1482, 1, FS, III
141.2, 362, 0, FS, V
141.2, 1124, 1, FS, V
141.2, 1145, 1, FS, V
141.2, 1150, 1, FS, V
141.2, 1283, 1, FS, IV
141.3, 1064, 1, RS, V
141.3, 1109, 1, RS, V
141.3, 1338, 1, RS, III
141.3, 1876, 2, FS, V
141.4, 748, 0, LTS, III
141.4, 1082, 1, RS, V
141.4, 1126, 1, FS, V
141.4, 1127, 1, FS, V
141.4, 1140, 1, FS, V
141.4, 1147, 1, FS, V
141.4, 1294, 1, LTS, IV
141.5, 1098, 1, RS, V
141.5, 1120, 1, FS, V
141.5, 1138, 1, FS, V
141.5, 1181, 1, IB, V
141.5, 1305, 1, LTS, IV
141.5, 1486, 1, FS, III
141.5, 1491, 1, FS, III
141.6, 364, 0, FS, V
141.6, 815, 1, RS, VI
141.6, 1041, 1, RS, V
141.6, 1182, 1, IB, V
141.6, 1422, 1, RS, III
141.6, 1465, 1, RS, III
141.7, 1151, 1, FS, V
141.8, 1142, 1, FS, V
141.8, 1291, 1, LTS, IV
141.8, 1296, 1, LTS, IV
141.8, 1412, 1, RS, III
141.8, 1479, 1, FS, III
141.9, 786, 1, RS, VI
141.9, 1122, 1, FS, V
141.9, 1133, 1, FS, V
141.9, 1152, 1, FS, V
141.9, 1428, 1, RS, III
141.9, 1497, 1, FS, III
142, 951, 1, RS, VI
142, 1114, 1, FS, V
142, 1139, 1, FS, V
142, 1174, 1, IB, V
142, 1187, 1, IB, V
142, 1309, 1, RS, III
142, 1466, 1, RS, III
142, 2675, 3, FS, V
142.1, 1173, 1, IB, V
142.1, 1176, 1, IB, V
142.1, 1299, 1, LTS, IV
142.1, 1476, 1, FS, III
142.1, 1485, 1, FS, III
142.1, 1506, 1, FS, III
142.1, 2637, 3, FS, V
142.2, 378, 0, FS, V
142.2, 1116, 1, FS, V
142.2, 1118, 1, FS, V
142.2, 1121, 1, FS, V
142.2, 1132, 1, FS, V
142.2, 1148, 1, FS, V
142.2, 1171, 1, IB, V
142.2, 1484, 1, FS, III
142.2, 1513, 1, LTS, III
142.2, 1514, 1, LTS, III
142.2, 2668, 3, FS, V
142.3, 379, 0, FS, V
142.3, 1144, 1, FS, V
142.3, 1146, 1, FS, V
142.3, 1149, 1, FS, V
142.3, 1186, 1, IB, V
142.3, 1189, 1, IB, V
142.3, 1498, 1, FS, III
142.4, 373, 0, FS, V
142.4, 723, 0, FS, III
142.4, 1128, 1, FS, V
142.4, 1129, 1, FS, V
142.4, 1475, 1, FS, III
142.4, 2646, 3, FS, V
142.5, 1175, 1, IB, V
142.5, 1183, 1, IB, V
142.5, 1358, 1, RS, III
142.5, 1404, 1, RS, III
142.5, 1511, 1, LTS, III
142.5, 1516, 1, LTS, III
142.5, 1903, 2, FS, V
142.6, 375, 0, FS, V
142.6, 771, 1, RS, VI
142.6, 1123, 1, FS, V
142.6, 1134, 1, FS, V
142.6, 1178, 1, IB, V
142.6, 1180, 1, IB, V
142.6, 1521, 1, LTS, III
142.7, 2645, 3, FS, V
142.8, 1177, 1, IB, V
142.9, 368, 0, FS, V
142.9, 381, 0, FS, V
142.9, 1191, 1, IB, V
143, 365, 0, FS, V
143, 1905, 2, FS, V
143, 1910, 2, FS, V
143, 2649, 3, FS, V
143.1, 363, 0, FS, V
143.1, 374, 0, FS, V
143.1, 1184, 1, IB, V
143.1, 1345, 1, RS, III
143.1, 1347, 1, RS, III
143.1, 1520, 1, LTS, III
143.1, 2262, 2, FS, III
143.2, 357, 0, FS, V
143.2, 376, 0, FS, V
143.2, 1083, 1, RS, V
143.2, 1117, 1, FS, V
143.2, 1119, 1, FS, V
143.2, 1130, 1, FS, V
143.2, 1185, 1, IB, V
143.2, 1889, 2, FS, V
143.2, 1911, 2, FS, V
143.3, 1131, 1, FS, V
143.3, 1172, 1, IB, V
143.3, 1179, 1, IB, V
143.3, 1904, 2, FS, V
143.3, 1909, 2, FS, V
143.4, 1382, 1, RS, III
143.4, 1458, 1, RS, III
143.4, 1879, 2, FS, V
143.4, 1898, 2, FS, V
143.4, 2659, 3, FS, V
143.5, 384, 0, FS, V
143.5, 1024, 1, LTS, VI
143.5, 1111, 1, RS, V
143.5, 1190, 1, IB, V
143.5, 1489, 1, FS, III
143.5, 1894, 2, FS, V
143.5, 2654, 3, FS, V
143.6, 359, 0, FS, V
143.6, 388, 0, FS, V
143.6, 389, 0, FS, V
143.6, 1885, 2, FS, V
143.6, 1890, 2, FS, V
143.6, 2658, 3, FS, V
143.7, 353, 0, FS, V
143.7, 369, 0, FS, V
143.7, 386, 0, FS, V
143.7, 1136, 1, FS, V
143.7, 1141, 1, FS, V
143.7, 1517, 1, LTS, III
143.7, 1900, 2, FS, V
143.7, 1908, 2, FS, V
143.8, 382, 0, FS, V
143.8, 932, 1, RS, VI
143.8, 1300, 1, LTS, IV
143.8, 1437, 1, RS, III
143.8, 1893, 2, FS, V
143.8, 1899, 2, FS, V
143.8, 1914, 2, FS, V
143.9, 380, 0, FS, V
143.9, 1125, 1, FS, V
143.9, 1137, 1, FS, V
143.9, 1143, 1, FS, V
143.9, 1153, 1, FS, V
143.9, 1883, 2, FS, V
143.9, 1892, 2, FS, V
143.9, 2647, 3, FS, V
143.9, 2653, 3, FS, V
144, 358, 0, FS, V
144, 390, 0, FS, V
144, 1115, 1, FS, V
144, 1135, 1, FS, V
144, 1896, 2, FS, V
144.1, 361, 0, FS, V
144.1, 362, 0, FS, V
144.1, 367, 0, FS, V
144.1, 1124, 1, FS, V
144.1, 1145, 1, FS, V
144.1, 1150, 1, FS, V
144.1, 1881, 2, FS, V
144.1, 1886, 2, FS, V
144.1, 1902, 2, FS, V
144.1, 1912, 2, FS, V
144.2, 372, 0, FS, V
144.2, 383, 0, FS, V
144.2, 385, 0, FS, V
144.2, 1518, 1, LTS, III
144.2, 1876, 2, FS, V
144.3, 1126, 1, FS, V
144.3, 1127, 1, FS, V
144.3, 1140, 1, FS, V
144.3, 1147, 1, FS, V
144.3, 1884, 2, FS, V
144.3, 1897, 2, FS, V
144.4, 1120, 1, FS, V
144.4, 1138, 1, FS, V
144.4, 1878, 2, FS, V
144.4, 2665, 3, FS, V
144.5, 355, 0, FS, V
144.5, 364, 0, FS, V
144.5, 1302, 1, LTS, IV
144.5, 1415, 1, RS, III
144.5, 1474, 1, FS, III
144.5, 1493, 1, FS, III
144.5, 1502, 1, FS, III
144.5, 1515, 1, LTS, III
144.6, 1151, 1, FS, V
144.6, 1491, 1, FS, III
144.6, 2661, 3, FS, V
144.6, 2666, 3, FS, V
144.7, 575, 0, RS, III
144.7, 727, 0, FS, III
144.7, 1020, 1, LTS, VI
144.7, 1142, 1, FS, V
144.7, 1479, 1, FS, III
144.8, 366, 0, FS, V
144.8, 371, 0, FS, V
144.8, 1122, 1, FS, V
144.8, 1133, 1, FS, V
144.8, 1152, 1, FS, V
144.8, 1487, 1, FS, III
144.8, 1501, 1, FS, III
144.8, 2660, 3, FS, V
144.9, 360, 0, FS, V
144.9, 624, 0, RS, III
144.9, 1114, 1, FS, V
144.9, 1139, 1, FS, V
144.9, 1287, 1, LTS, IV
144.9, 1477, 1, FS, III
144.9, 1880, 2, FS, V
144.9, 1882, 2, FS, V
145, 354, 0, FS, V
145, 1182, 1, IB, V
145, 1329, 1, RS, III
145, 1497, 1, FS, III
145, 1877, 2, FS, V
145.1, 378, 0, FS, V
145.1, 1116, 1, FS, V
145.1, 1118, 1, FS, V
145.1, 1121, 1, FS, V
145.1, 1132, 1, FS, V
145.1, 1148, 1, FS, V
145.1, 1181, 1, IB, V
145.1, 1484, 1, FS, III
145.1, 1488, 1, FS, III
145.1, 1499, 1, FS, III
145.2, 379, 0, FS, V
145.2, 1144, 1, FS, V
145.2, 1146, 1, FS, V
145.2, 1149, 1, FS, V
145.2, 1490, 1, FS, III
145.2, 1887, 2, FS, V
145.2, 1895, 2, FS, V
145.2, 1901, 2, FS, V
145.2, 2636, 3, FS, V
145.2, 2657, 3, FS, V
145.3, 373, 0, FS, V
145.3, 1128, 1, FS, V
145.3, 1129, 1, FS, V
145.3, 1480, 1, FS, III
145.3, 1486, 1, FS, III
145.3, 1907, 2, FS, V
145.3, 2195, 2, RS, III
145.3, 2280, 2, LTS, III
145.4, 1174, 1, IB, V
145.4, 1187, 1, IB, V
145.4, 1506, 1, FS, III
145.4, 1507, 1, FS, III
145.4, 1903, 2, FS, V
145.5, 370, 0, FS, V
145.5, 375, 0, FS, V
145.5, 392, 0, FS, V
145.5, 1123, 1, FS, V
145.5, 1134, 1, FS, V
145.5, 1173, 1, IB, V
145.5, 1176, 1, IB, V
145.5, 1498, 1, FS, III
145.5, 1503, 1, FS, III
145.5, 2259, 2, FS, III
145.6, 1171, 1, IB, V
145.6, 1473, 1, FS, III
145.6, 1906, 2, FS, V
145.6, 2237, 2, FS, III
145.7, 672, 0, RS, III
145.7, 726, 0, FS, III
145.7, 1186, 1, IB, V
145.7, 1189, 1, IB, V
145.7, 1369, 1, RS, III
145.8, 368, 0, FS, V
145.8, 381, 0, FS, V
145.8, 1505, 1, FS, III
145.8, 1875, 2, FS, V
145.8, 2675, 3, FS, V
145.9, 365, 0, FS, V
145.9, 586, 0, RS, III
145.9, 1183, 1, IB, V
145.9, 1481, 1, FS, III
145.9, 1905, 2, FS, V
145.9, 1910, 2, FS, V
146, 356, 0, FS, V
146, 363, 0, FS, V
146, 374, 0, FS, V
146, 1058, 1, RS, V
146, 1180, 1, IB, V
146, 2277, 2, LTS, III
146.1, 357, 0, FS, V
146.1, 376, 0, FS, V
146.1, 1113, 1, RS, V
146.1, 1117, 1, FS, V
146.1, 1119, 1, FS, V
146.1, 1130, 1, FS, V
146.1, 1476, 1, FS, III
146.1, 1485, 1, FS, III
146.1, 1495, 1, FS, III
146.1, 1889, 2, FS, V
146.1, 1911, 2, FS, V
146.2, 742, 0, FS, III
146.2, 760, 0, LTS, III
146.2, 1044, 1, RS, V
146.2, 1131, 1, FS, V
146.2, 1177, 1, IB, V
146.2, 1344, 1, RS, III
146.2, 1904, 2, FS, V
146.2, 1909, 2, FS, V
146.2, 1913, 2, FS, V
146.3, 377, 0, FS, V
146.3, 717, 0, FS, III
146.3, 1097, 1, RS, V
146.3, 1191, 1, IB, V
146.3, 1508, 1, FS, III
146.3, 1879, 2, FS, V
146.3, 1898, 2, FS, V
146.4, 384, 0, FS, V
146.4, 1057, 1, RS, V
146.4, 1069, 1, RS, V
146.4, 1104, 1, RS, V
146.4, 1489, 1, FS, III
146.4, 1894, 2, FS, V
146.5, 388, 0, FS, V
146.5, 389, 0, FS, V
146.5, 1065, 1, RS, V
146.5, 1110, 1, RS, V
146.5, 1184, 1, IB, V
146.5, 1492, 1, FS, III
146.5, 1885, 2, FS, V
146.5, 1890, 2, FS, V
146.5, 2265, 2, FS, III
146.6, 386, 0, FS, V
146.6, 534, 0, LTS, IV
146.6, 757, 0, LTS, III
146.6, 1112, 1, RS, V
146.6, 1136, 1, FS, V
146.6, 1141, 1, FS, V
146.6, 1185, 1, IB, V
146.6, 1450, 1, RS, III
146.6, 1494, 1, FS, III
146.6, 1900, 2, FS, V
146.6, 1908, 2, FS, V
146.7, 382, 0, FS, V
146.7, 1092, 1, RS, V
146.7, 1172, 1, IB, V
146.7, 1179, 1, IB, V
146.7, 1478, 1, FS, III
146.7, 1496, 1, FS, III
146.7, 1893, 2, FS, V
146.7, 1899, 2, FS, V
146.7, 1914, 2, FS, V
146.7, 2064, 2, LTS, IV
146.8, 369, 0, FS, V
146.8, 380, 0, FS, V
146.8, 1040, 1, RS, V
146.8, 1125, 1, FS, V
146.8, 1137, 1, FS, V
146.8, 1143, 1, FS, V
146.8, 1153, 1, FS, V
146.8, 1892, 2, FS, V
146.8, 2251, 2, FS, III
146.9, 353, 0, FS, V
146.9, 358, 0, FS, V
146.9, 390, 0, FS, V
146.9, 728, 0, FS, III
146.9, 1047, 1, RS, V
146.9, 1055, 1, RS, V
146.9, 1115, 1, FS, V
146.9, 1135, 1, FS, V
146.9, 1891, 2, FS, V
146.9, 2252, 2, FS, III
147, 359, 0, FS, V
147, 361, 0, FS, V
147, 362, 0, FS, V
147, 367, 0, FS, V
147, 1039, 1, RS, V
147, 1124, 1, FS, V
147, 1145, 1, FS, V
147, 1150, 1, FS, V
147, 1509, 1, LTS, III
147, 1513, 1, LTS, III
147, 1519, 1, LTS, III
147, 1881, 2, FS, V
147, 1886, 2, FS, V
147, 1912, 2, FS, V
147, 2050, 2, LTS, IV
147.1, 372, 0, FS, V
147.1, 714, 0, FS, III
147.1, 1103, 1, RS, V
147.1, 1876, 2, FS, V
147.1, 2239, 2, FS, III
147.2, 738, 0, FS, III
147.2, 1049, 1, RS, V
147.2, 1087, 1, RS, V
147.2, 1126, 1, FS, V
147.2, 1127, 1, FS, V
147.2, 1140, 1, FS, V
147.2, 1147, 1, FS, V
147.2, 1883, 2, FS, V
147.2, 1884, 2, FS, V
147.2, 1897, 2, FS, V
147.3, 391, 0, FS, V
147.3, 1042, 1, RS, V
147.3, 1051, 1, RS, V
147.3, 1100, 1, RS, V
147.3, 1120, 1, FS, V
147.3, 1138, 1, FS, V
147.3, 1511, 1, LTS, III
147.3, 2273, 2, LTS, III
147.3, 2674, 3, FS, V
147.4, 355, 0, FS, V
147.4, 364, 0, FS, V
147.4, 1045, 1, RS, V
147.4, 1521, 1, LTS, III
147.4, 1896, 2, FS, V
147.4, 1902, 2, FS, V
147.4, 2263, 2, FS, III
147.5, 1151, 1, FS, V
147.5, 1500, 1, FS, III
147.6, 724, 0, FS, III
147.6, 737, 0, FS, III
147.6, 1142, 1, FS, V
147.6, 1479, 1, FS, III
147.7, 366, 0, FS, V
147.7, 371, 0, FS, V
147.7, 718, 0, FS, III
147.7, 1122, 1, FS, V
147.7, 1133, 1, FS, V
147.7, 1152, 1, FS, V
147.7, 1888, 2, FS, V
147.8, 1114, 1, FS, V
147.8, 1139, 1, FS, V
147.8, 1880, 2, FS, V
147.8, 2188, 2, RS, III
147.9, 387, 0, FS, V
147.9, 1497, 1, FS, III
147.9, 2238, 2, FS, III
148, 378, 0, FS, V
148, 1116, 1, FS, V
148, 1118, 1, FS, V
148, 1121, 1, FS, V
148, 1132, 1, FS, V
148, 1148, 1, FS, V
148, 1341, 1, RS, III
148, 2247, 2, FS, III
148, 2269, 2, FS, III
148.1, 379, 0, FS, V
148.1, 1144, 1, FS, V
148.1, 1146, 1, FS, V
148.1, 1149, 1, FS, V
148.1, 1320, 1, RS, III
148.1, 1475, 1, FS, III
148.1, 1878, 2, FS, V
148.1, 1882, 2, FS, V
148.1, 1895, 2, FS, V
148.1, 2260, 2, FS, III
148.2, 373, 0, FS, V
148.2, 1128, 1, FS, V
148.2, 1129, 1, FS, V
148.2, 2274, 2, LTS, III
148.3, 1903, 2, FS, V
148.4, 354, 0, FS, V
148.4, 370, 0, FS, V
148.4, 722, 0, FS, III
148.4, 735, 0, FS, III
148.4, 1123, 1, FS, V
148.4, 1134, 1, FS, V
148.4, 2278, 2, LTS, III
148.5, 681, 0, RS, III
148.5, 1517, 1, LTS, III
148.5, 1906, 2, FS, V
148.6, 360, 0, FS, V
148.6, 732, 0, FS, III
148.6, 2047, 2, LTS, IV
148.7, 368, 0, FS, V
148.7, 375, 0, FS, V
148.7, 383, 0, FS, V
148.7, 385, 0, FS, V
148.7, 1457, 1, RS, III
148.7, 1875, 2, FS, V
148.7, 1877, 2, FS, V
148.7, 2276, 2, LTS, III
148.8, 365, 0, FS, V
148.8, 1901, 2, FS, V
148.8, 1905, 2, FS, V
148.8, 1910, 2, FS, V
148.9, 363, 0, FS, V
148.9, 374, 0, FS, V
148.9, 753, 0, LTS, III
148.9, 2282, 2, LTS, III
149, 376, 0, FS, V
149, 1117, 1, FS, V
149, 1130, 1, FS, V
149, 1171, 1, IB, V
149, 1911, 2, FS, V
149.1, 1131, 1, FS, V
149.1, 1186, 1, IB, V
149.1, 1904, 2, FS, V
149.1, 1909, 2, FS, V
149.2, 392, 0, FS, V
149.2, 712, 0, FS, III
149.2, 1879, 2, FS, V
149.2, 1898, 2, FS, V
149.2, 2118, 2, RS, III
149.3, 384, 0, FS, V
149.3, 632, 0, RS, III
149.3, 1119, 1, FS, V
149.3, 1183, 1, IB, V
149.3, 1491, 1, FS, III
149.3, 1894, 2, FS, V
149.4, 388, 0, FS, V
149.4, 389, 0, FS, V
149.4, 609, 0, RS, III
149.4, 1890, 2, FS, V
149.4, 2249, 2, FS, III
149.5, 386, 0, FS, V
149.5, 1136, 1, FS, V
149.5, 1141, 1, FS, V
149.5, 1908, 2, FS, V
149.6, 357, 0, FS, V
149.6, 1887, 2, FS, V
149.6, 1893, 2, FS, V
149.6, 1913, 2, FS, V
149.6, 1914, 2, FS, V
149.7, 380, 0, FS, V
149.7, 1125, 1, FS, V
149.7, 1137, 1, FS, V
149.7, 1143, 1, FS, V
149.7, 1153, 1, FS, V
149.7, 1892, 2, FS, V
149.8, 353, 0, FS, V
149.8, 358, 0, FS, V
149.8, 381, 0, FS, V
149.8, 382, 0, FS, V
149.8, 716, 0, FS, III
149.8, 1115, 1, FS, V
149.8, 1135, 1, FS, V
149.8, 1885, 2, FS, V
149.9, 361, 0, FS, V
149.9, 367, 0, FS, V
149.9, 1124, 1, FS, V
149.9, 1145, 1, FS, V
149.9, 1150, 1, FS, V
149.9, 1886, 2, FS, V
149.9, 1889, 2, FS, V
149.9, 1912, 2, FS, V
149.9, 2253, 2, FS, III
150.1, 362, 0, FS, V
150.1, 1126, 1, FS, V
150.1, 1127, 1, FS, V
150.1, 1140, 1, FS, V
150.1, 1147, 1, FS, V
150.1, 1177, 1, IB, V
150.1, 1884, 2, FS, V
150.1, 1897, 2, FS, V
150.1, 1907, 2, FS, V
150.1, 2270, 2, LTS, III
150.2, 1120, 1, FS, V
150.2, 1138, 1, FS, V
150.2, 1474, 1, FS, III
150.2, 1891, 2, FS, V
150.2, 2084, 2, RS, III
150.3, 364, 0, FS, V
150.3, 741, 0, FS, III
150.3, 1876, 2, FS, V
150.4, 356, 0, FS, V
150.4, 359, 0, FS, V
150.4, 369, 0, FS, V
150.4, 372, 0, FS, V
150.4, 390, 0, FS, V
150.4, 1151, 1, FS, V
150.5, 355, 0, FS, V
150.5, 1142, 1, FS, V
150.5, 1899, 2, FS, V
150.5, 1900, 2, FS, V
150.6, 1122, 1, FS, V
150.6, 1133, 1, FS, V
150.6, 1152, 1, FS, V
150.7, 366, 0, FS, V
150.7, 721, 0, FS, III
150.7, 1114, 1, FS, V
150.7, 1139, 1, FS, V
150.7, 1881, 2, FS, V
150.8, 3031, 3, LTS, III
150.9, 378, 0, FS, V
150.9, 1116, 1, FS, V
150.9, 1118, 1, FS, V
150.9, 1121, 1, FS, V
150.9, 1132, 1, FS, V
150.9, 1148, 1, FS, V
151, 379, 0, FS, V
151, 1144, 1, FS, V
151, 1146, 1, FS, V
151, 1149, 1, FS, V
151, 1895, 2, FS, V
151, 1902, 2, FS, V
151.1, 373, 0, FS, V
151.1, 1128, 1, FS, V
151.2, 371, 0, FS, V
151.2, 750, 0, LTS, III
151.2, 1903, 2, FS, V
151.3, 1134, 1, FS, V
151.3, 1880, 2, FS, V
151.3, 2268, 2, FS, III
151.4, 3020, 3, FS, III
151.5, 370, 0, FS, V
151.5, 1305, 1, LTS, IV
151.5, 1772, 2, FS, VI
151.6, 1906, 2, FS, V
151.6, 2051, 2, LTS, IV
151.7, 1129, 1, FS, V
151.7, 1477, 1, FS, III
151.7, 1910, 2, FS, V
151.8, 374, 0, FS, V
151.9, 1130, 1, FS, V
151.9, 1911, 2, FS, V
152.1, 363, 0, FS, V
152.1, 1879, 2, FS, V
152.2, 385, 0, FS, V
152.4, 368, 0, FS, V
152.4, 375, 0, FS, V
152.4, 1141, 1, FS, V
152.6, 1125, 1, FS, V
152.6, 1143, 1, FS, V
152.6, 1153, 1, FS, V
152.7, 1115, 1, FS, V
152.7, 1904, 2, FS, V
152.8, 1145, 1, FS, V
152.8, 1150, 1, FS, V
152.9, 2827, 3, LTS, IV
153, 3792, 4, LTS, III
153.1, 1126, 1, FS, V
153.1, 1138, 1, FS, V
153.2, 1140, 1, FS, V
153.2, 1892, 2, FS, V
153.3, 376, 0, FS, V
153.3, 1117, 1, FS, V
153.4, 1131, 1, FS, V
153.5, 1124, 1, FS, V
153.6, 1135, 1, FS, V
153.7, 1888, 2, FS, V
153.7, 1905, 2, FS, V
153.8, 3010, 3, FS, III
153.9, 1132, 1, FS, V
154, 2654, 3, FS, V
154.1, 1127, 1, FS, V
154.4, 1147, 1, FS, V
154.5, 1479, 1, FS, III
154.5, 2048, 2, LTS, IV
154.8, 1118, 1, FS, V
154.9, 2675, 3, FS, V
155, 2250, 2, FS, III
155, 3037, 3, LTS, III
155.3, 634, 0, RS, III
155.3, 2151, 2, RS, III
155.6, 667, 0, RS, III
155.6, 1122, 1, FS, V
155.9, 1116, 1, FS, V
156.1, 532, 0, LTS, IV
156.2, 2823, 3, LTS, IV
156.4, 1153, 1, FS, V
156.4, 2642, 3, FS, V
156.5, 1151, 1, FS, V
156.8, 2649, 3, FS, V
157.9, 1878, 2, FS, V
159.2, 538, 0, LTS, IV
159.2, 758, 0, LTS, III
160, 544, 0, LTS, IV
161.2, 2821, 3, LTS, IV
162.8, 540, 0, LTS, IV
166.5, 2808, 3, LTS, IV
169.5, 420, 0, IB, V
169.6, 267, 0, LTS, VI
170.3, 3573, 4, LTS, IV
171.4, 3043, 3, LTS, III
172.1, 3312, 4, LTS, VI
173, 3448, 4, LTS, V
174.4, 3314, 4, LTS, VI
180, 406, 0, LTS, V
180.3, 1170, 1, LTS, V
180.7, 1930, 2, LTS, V
181.4, 1917, 2, LTS, V
181.4, 1918, 2, LTS, V
181.5, 1931, 2, LTS, V
181.6, 395, 0, LTS, V
181.8, 1926, 2, LTS, V
181.9, 404, 0, LTS, V
181.9, 2692, 3, LTS, V
182, 403, 0, LTS, V
182, 424, 0, IB, V
182.1, 408, 0, LTS, V
182.3, 402, 0, LTS, V
182.4, 1157, 1, LTS, V
182.4, 1166, 1, LTS, V
182.5, 397, 0, LTS, V
182.5, 537, 0, LTS, IV
182.5, 1169, 1, LTS, V
182.5, 1927, 2, LTS, V
182.6, 1161, 1, LTS, V
182.6, 1162, 1, LTS, V
182.7, 409, 0, LTS, V
182.7, 1923, 2, LTS, V
182.8, 407, 0, LTS, V
182.8, 1924, 2, LTS, V
182.9, 396, 0, LTS, V
183, 394, 0, LTS, V
183, 2684, 3, LTS, V
183.1, 1167, 1, LTS, V
183.3, 393, 0, LTS, V
183.3, 1921, 2, LTS, V
183.4, 405, 0, LTS, V
183.5, 400, 0, LTS, V
183.5, 1156, 1, LTS, V
183.5, 1922, 2, LTS, V
183.6, 1916, 2, LTS, V
183.6, 1928, 2, LTS, V
183.8, 1160, 1, LTS, V
183.9, 398, 0, LTS, V
183.9, 1155, 1, LTS, V
183.9, 1165, 1, LTS, V
184, 1929, 2, LTS, V
184.4, 399, 0, LTS, V
184.6, 322, 0, RS, V
184.6, 1159, 1, LTS, V
184.6, 1920, 2, LTS, V
184.9, 1154, 1, LTS, V
185.2, 1164, 1, LTS, V
185.8, 2066, 2, LTS, IV
185.8, 2541, 3, LTS, VI
186.5, 277, 0, RS, V
186.6, 1163, 1, LTS, V
186.7, 1925, 2, LTS, V
186.8, 1168, 1, LTS, V
186.9, 401, 0, LTS, V
187.6, 1158, 1, LTS, V
187.8, 2065, 2, LTS, IV
187.9, 2683, 3, LTS, V
188.6, 2054, 2, LTS, IV
189.2, 2691, 3, LTS, V
189.8, 1170, 1, LTS, V
190.2, 2063, 2, LTS, IV
190.3, 1915, 2, LTS, V
190.7, 3798, 4, LTS, III
191.1, 752, 0, LTS, III
191.2, 2678, 3, LTS, V
192.6, 1943, 2, IB, V
193.1, 2057, 2, LTS, IV
193.3, 2826, 3, LTS, IV
193.4, 2688, 3, LTS, V
193.7, 2686, 3, LTS, V
194.3, 1161, 1, LTS, V
195.7, 756, 0, LTS, III
195.7, 2687, 3, LTS, V
196.1, 754, 0, LTS, III
197.4, 3582, 4, LTS, IV
197.6, 529, 0, LTS, IV
197.8, 1919, 2, LTS, V
198.4, 2685, 3, LTS, V
198.6, 1927, 2, LTS, V
199.4, 3804, 4, LTS, III
199.8, 525, 0, LTS, IV
201.8, 2689, 3, LTS, V
205.6, 2275, 2, LTS, III
206.6, 3576, 4, LTS, IV
207.8, 256, 0, LTS, VI
208.7, 1162, 1, LTS, V
210.4, 1931, 2, LTS, V
211.5, 1790, 2, LTS, VI
213.3, 2816, 3, LTS, IV
213.6, 2583, 3, RS, V
216.9, 3613, 4, RS, III
218.3, 3316, 4, RS, V
218.4, 2270, 2, LTS, III
218.8, 1926, 2, LTS, V
218.9, 3041, 3, LTS, III
219.8, 2274, 2, LTS, III
220, 268, 0, LTS, VI
220.1, 400, 0, LTS, V
220.2, 3304, 4, LTS, VI
220.5, 408, 0, LTS, V
220.6, 402, 0, LTS, V
221.1, 269, 0, LTS, VI
221.4, 2540, 3, LTS, VI
222.2, 3802, 4, LTS, III
223.6, 3796, 4, LTS, III
224.7, 2060, 2, LTS, IV
225, 1167, 1, LTS, V
225.2, 1169, 1, LTS, V
225.6, 2549, 3, LTS, VI
225.6, 2553, 3, LTS, VI
225.7, 2747, 3, RS, IV
226.7, 2820, 3, LTS, IV
227.1, 2815, 3, LTS, IV
227.2, 3300, 4, LTS, VI
227.9, 3379, 4, RS, V
230.3, 1791, 2, LTS, VI
230.9, 3587, 4, LTS, IV
232.6, 1780, 2, LTS, VI
233.3, 1258, 1, RS, IV
234, 2677, 3, LTS, V
236.3, 2053, 2, LTS, IV
241.8, 1789, 2, LTS, VI
242.5, 1782, 2, LTS, VI
243.8, 2313, 3, RS, VI
245.9, 1922, 2, LTS, V
246.9, 2875, 3, RS, III
247.5, 1021, 1, LTS, VI
247.7, 1864, 2, RS, V
250.4, 2550, 3, LTS, VI
251, 165, 0, RS, VI
255.3, 3581, 4, LTS, IV
257.7, 1019, 1, LTS, VI
259, 1917, 2, LTS, V
260.7, 2822, 3, LTS, IV
262.4, 406, 0, LTS, V
262.9, 395, 0, LTS, V
262.9, 3575, 4, LTS, IV
263.4, 3035, 3, LTS, III
263.7, 1792, 2, LTS, VI
264.4, 1193, 1, RS, IV
268.7, 404, 0, LTS, V
269, 542, 0, LTS, IV
269.8, 1168, 1, LTS, V
273.5, 2780, 3, RS, IV
275.3, 3034, 3, LTS, III
276.6, 260, 0, LTS, VI
278.4, 3577, 4, LTS, IV
282.4, 3792, 4, LTS, III
282.9, 2050, 2, LTS, IV
283.2, 1790, 2, LTS, VI
283.5, 3444, 4, LTS, V
286, 2545, 3, LTS, VI
286.6, 2543, 3, LTS, VI
286.9, 528, 0, LTS, IV
293.2, 2055, 2, LTS, IV
295.8, 1923, 2, LTS, V
297.2, 1928, 2, LTS, V
297.4, 1303, 1, LTS, IV
297.4, 1515, 1, LTS, III
299.6, 2817, 3, LTS, IV
300.6, 270, 0, LTS, VI
301.2, 2808, 3, LTS, IV
301.5, 261, 0, LTS, VI
302.9, 2811, 3, LTS, IV
303.2, 1780, 2, LTS, VI
305.4, 1031, 1, LTS, VI
311, 258, 0, LTS, VI
311.1, 2130, 2, RS, III
311.6, 1021, 1, LTS, VI
311.8, 2691, 3, LTS, V
312.5, 2047, 2, LTS, IV
313.8, 3037, 3, LTS, III
313.9, 902, 1, RS, VI
315.6, 1028, 1, LTS, VI
318.1, 409, 0, LTS, V
318.7, 1291, 1, LTS, IV
319.7, 2678, 3, LTS, V
320.7, 1170, 1, LTS, V
321.2, 3572, 4, LTS, IV
321.4, 2280, 2, LTS, III
322.8, 2274, 2, LTS, III
323.5, 400, 0, LTS, V
324.4, 267, 0, LTS, VI
325, 3452, 4, LTS, V
325.5, 2814, 3, LTS, IV
327.5, 256, 0, LTS, VI
329.5, 1169, 1, LTS, V
330.1, 1922, 2, LTS, V
330.5, 1800, 2, RS, V
331.1, 1030, 1, LTS, VI
331.4, 3302, 4, LTS, VI
332.3, 3375, 4, RS, V
334.9, 760, 0, LTS, III
335.2, 543, 0, LTS, IV
335.4, 1791, 2, LTS, VI
335.5, 2065, 2, LTS, IV
337, 1786, 2, LTS, VI
337.4, 3327, 4, RS, V
337.5, 2553, 3, LTS, VI
337.6, 1779, 2, LTS, VI
338, 752, 0, LTS, III
339, 1519, 1, LTS, III
340.1, 259, 0, LTS, VI
342.3, 3587, 4, LTS, IV
345, 2812, 3, LTS, IV
346.4, 1930, 2, LTS, V
348.2, 1293, 1, LTS, IV
348.2, 3304, 4, LTS, VI
349.1, 2060, 2, LTS, IV
350.1, 3802, 4, LTS, III
350.6, 3796, 4, LTS, III
350.9, 3588, 4, LTS, IV
351.5, 1156, 1, LTS, V
352.9, 3307, 4, LTS, VI
353.1, 1304, 1, LTS, IV
353.2, 3043, 3, LTS, III
355.3, 2683, 3, LTS, V
355.4, 1292, 1, LTS, IV
360, 2550, 3, LTS, VI
360.2, 1931, 2, LTS, V
360.7, 269, 0, LTS, VI
362.2, 3582, 4, LTS, IV
362.8, 2552, 3, LTS, VI
363.4, 1927, 2, LTS, V
363.7, 2690, 3, LTS, V
364.4, 268, 0, LTS, VI
365.1, 3439, 4, LTS, V
365.4, 3798, 4, LTS, III
365.9, 1299, 1, LTS, IV
367.3, 2056, 2, LTS, IV
368.5, 1298, 1, LTS, IV
369.2, 2821, 3, LTS, IV
369.3, 1018, 1, LTS, VI
369.8, 758, 0, LTS, III
375.1, 2047, 2, LTS, IV
375.6, 404, 0, LTS, V
377.4, 1789, 2, LTS, VI
377.4, 3449, 4, LTS, V
380.9, 545, 0, LTS, IV
382.5, 2684, 3, LTS, V
383.2, 3313, 4, LTS, VI
383.6, 3569, 4, LTS, IV
384.1, 3312, 4, LTS, VI
385.1, 1792, 2, LTS, VI
387.5, 1165, 1, LTS, V
388.1, 2544, 3, LTS, VI
390, 3576, 4, LTS, IV
391.2, 2816, 3, LTS, IV
392.3, 1170, 1, LTS, V
394.9, 270, 0, LTS, VI
395, 1290, 1, LTS, IV
396.6, 532, 0, LTS, IV
397.7, 401, 0, LTS, V
398.8, 2815, 3, LTS, IV
398.9, 1286, 1, LTS, IV
399.2, 2551, 3, LTS, VI
403.5, 3717, 4, RS, III
404.4, 1161, 1, LTS, V
406.2, 2124, 2, RS, III
407.8, 3452, 4, LTS, V
409.6, 1635, 2, RS, VI
409.7, 1515, 1, LTS, III
409.9, 3037, 3, LTS, III
410.5, 3575, 4, LTS, IV
410.8, 1782, 2, LTS, VI
411.3, 2679, 3, LTS, V
412, 3792, 4, LTS, III
412.8, 3041, 3, LTS, III
413.1, 3581, 4, LTS, IV
414.7, 267, 0, LTS, VI
416.8, 525, 0, LTS, IV
421.5, 405, 0, LTS, V
422.4, 750, 0, LTS, III
422.9, 2281, 2, LTS, III
423.2, 1854, 2, RS, V
423.5, 1779, 2, LTS, VI
424.7, 3101, 4, RS, VI
426.4, 1021, 1, LTS, VI
426.8, 754, 0, LTS, III
427, 2826, 3, LTS, IV
427.1, 1295, 1, LTS, IV
428.2, 537, 0, LTS, IV
432.1, 1780, 2, LTS, VI
432.3, 752, 0, LTS, III
433.8, 2274, 2, LTS, III
436.9, 2051, 2, LTS, IV
437, 3804, 4, LTS, III
438.1, 1928, 2, LTS, V
440.3, 1166, 1, LTS, V
443.4, 258, 0, LTS, VI
444.5, 2065, 2, LTS, IV
445.6, 2553, 3, LTS, VI
445.8, 1399, 1, RS, III
447.4, 260, 0, LTS, VI
449.7, 2822, 3, LTS, IV
453.8, 2689, 3, LTS, V
454.1, 95, 0, RS, VI
455.7, 1783, 2, LTS, VI
457.2, 306, 0, RS, V
457.6, 543, 0, LTS, IV
461.9, 268, 0, LTS, VI
463.2, 758, 0, LTS, III
466.1, 3184, 4, RS, VI
466.3, 1023, 1, LTS, VI
466.4, 1019, 1, LTS, VI
468.2, 1294, 1, LTS, IV
468.9, 3523, 4, RS, IV
470.5, 2276, 2, LTS, III
470.6, 544, 0, LTS, IV
471.1, 1293, 1, LTS, IV
471.2, 270, 0, LTS, VI
473, 3305, 4, LTS, VI
473.1, 3802, 4, LTS, III
474.9, 3578, 4, LTS, IV
475.1, 1028, 1, LTS, VI
475.3, 2808, 3, LTS, IV
475.6, 256, 0, LTS, VI
477, 1169, 1, LTS, V
480.2, 1170, 1, LTS, V
481.3, 2825, 3, LTS, IV
483.1, 3304, 4, LTS, VI
483.5, 3449, 4, LTS, V
484.6, 1020, 1, LTS, VI
484.9, 3579, 4, LTS, IV
486.9, 3033, 3, LTS, III
489, 538, 0, LTS, IV
489.9, 3576, 4, LTS, IV
492.5, 3311, 4, LTS, VI
493.6, 1164, 1, LTS, V
493.7, 2683, 3, LTS, V
494.2, 2059, 2, LTS, IV
497.9, 1917, 2, LTS, V
499.7, 1926, 2, LTS, V
504.5, 752, 0, LTS, III
507, 2541, 3, LTS, VI
509.2, 1792, 2, LTS, VI
510, 2274, 2, LTS, III
510.9, 257, 0, LTS, VI
512.7, 760, 0, LTS, III
513.4, 2821, 3, LTS, IV
514.9, 532, 0, LTS, IV
516.7, 260, 0, LTS, VI
517, 261, 0, LTS, VI
517.5, 3041, 3, LTS, III
521.4, 1931, 2, LTS, V
523.4, 1286, 1, LTS, IV
524.7, 3452, 4, LTS, V
525.2, 525, 0, LTS, IV
527.3, 1509, 1, LTS, III
527.5, 1691, 2, RS, VI
528.1, 3448, 4, LTS, V
528.4, 2050, 2, LTS, IV
528.9, 1318, 1, RS, III
530.6, 1515, 1, LTS, III
534.9, 2593, 3, RS, V
535.5, 3035, 3, LTS, III
536, 258, 0, LTS, VI
536.7, 3582, 4, LTS, IV
537, 2060, 2, LTS, IV
537.4, 1018, 1, LTS, VI
537.4, 1317, 1, RS, III
537.8, 3798, 4, LTS, III
541.5, 754, 0, LTS, III
541.5, 3796, 4, LTS, III
546.2, 1789, 2, LTS, VI
546.8, 1810, 2, RS, V
549.5, 1303, 1, LTS, IV
551.5, 2816, 3, LTS, IV
552.8, 543, 0, LTS, IV
553.7, 1780, 2, LTS, VI
554.4, 1791, 2, LTS, VI
555.2, 2049, 2, LTS, IV
556.2, 3314, 4, LTS, VI
556.5, 1299, 1, LTS, IV
556.7, 2277, 2, LTS, III
558.5, 1022, 1, LTS, VI
558.7, 1925, 2, LTS, V
558.9, 827, 1, RS, VI
559.4, 2054, 2, LTS, IV
561.8, 1513, 1, LTS, III
565.2, 2814, 3, LTS, IV
566.3, 400, 0, LTS, V
566.8, 408, 0, LTS, V
571.2, 1161, 1, LTS, V
572.3, 1031, 1, LTS, VI
574.8, 1918, 2, LTS, V
575.6, 1298, 1, LTS, IV
577.2, 405, 0, LTS, V
577.2, 1304, 1, LTS, IV
577.7, 1293, 1, LTS, IV
578.8, 3309, 4, LTS, VI
582.3, 2820, 3, LTS, IV
582.7, 2543, 3, LTS, VI
584.6, 3447, 4, LTS, V
586.4, 2055, 2, LTS, IV
587, 537, 0, LTS, IV
587.1, 406, 0, LTS, V
587.2, 2553, 3, LTS, VI
591.3, 1305, 1, LTS, IV
597.1, 1169, 1, LTS, V
597.3, 262, 0, LTS, VI
597.4, 3572, 4, LTS, IV
597.5, 3313, 4, LTS, VI
599.3, 2552, 3, LTS, VI
599.3, 3801, 4, LTS, III
599.8, 2821, 3, LTS, IV
602.2, 3043, 3, LTS, III
602.6, 104, 0, RS, VI
602.6, 752, 0, LTS, III
605.9, 2692, 3, LTS, V
606.5, 396, 0, LTS, V
608.6, 266, 0, LTS, VI
611.1, 1780, 2, LTS, VI
614.3, 1030, 1, LTS, VI
616.5, 1930, 2, LTS, V
620, 1792, 2, LTS, VI
620.4, 1917, 2, LTS, V
620.9, 1789, 2, LTS, VI
621.6, 3302, 4, LTS, VI
622, 3311, 4, LTS, VI
624.2, 1170, 1, LTS, V
625.5, 2280, 2, LTS, III
629.1, 394, 0, LTS, V
629.4, 1515, 1, LTS, III
631.3, 3305, 4, LTS, VI
631.9, 2540, 3, LTS, VI
632.9, 2691, 3, LTS, V
633.3, 1306, 1, LTS, IV
633.8, 2276, 2, LTS, III
634.2, 1021, 1, LTS, VI
634.8, 3300, 4, LTS, VI
635.2, 2065, 2, LTS, IV
636.8, 532, 0, LTS, IV
636.9, 1018, 1, LTS, VI
637.5, 401, 0, LTS, V
638.8, 3798, 4, LTS, III
639.1, 2685, 3, LTS, V
640.2, 809, 1, RS, VI
641.2, 258, 0, LTS, VI
644.7, 3035, 3, LTS, III
645.9, 267, 0, LTS, VI
645.9, 270, 0, LTS, VI
648.6, 1519, 1, LTS, III
649.4, 3578, 4, LTS, IV
651.2, 1286, 1, LTS, IV
652.9, 3444, 4, LTS, V
654.4, 1922, 2, LTS, V
654.9, 758, 0, LTS, III
656.8, 1028, 1, LTS, VI
657, 1019, 1, LTS, VI
657.4, 2551, 3, LTS, VI
658.5, 1863, 2, RS, V
658.6, 2539, 3, LTS, VI
662.2, 2274, 2, LTS, III
668.1, 3569, 4, LTS, IV
672, 1782, 2, LTS, VI
672.4, 1784, 2, LTS, VI
672.8, 534, 0, LTS, IV
674, 3576, 4, LTS, IV
674.1, 2050, 2, LTS, IV
678.4, 3587, 4, LTS, IV
682.9, 1790, 2, LTS, VI
686.3, 400, 0, LTS, V
686.7, 1303, 1, LTS, IV
687.8, 3041, 3, LTS, III
687.9, 2811, 3, LTS, IV
688.1, 402, 0, LTS, V
689.2, 3749, 4, RS, III
690.3, 1031, 1, LTS, VI
693, 1156, 1, LTS, V
694.7, 2816, 3, LTS, IV
696.3, 1918, 2, LTS, V
697.5, 1162, 1, LTS, V
699.8, 2821, 3, LTS, IV
700.1, 533, 0, LTS, IV
701.5, 312, 0, RS, V
701.6, 3302, 4, LTS, VI
701.8, 3575, 4, LTS, IV
703.3, 1513, 1, LTS, III
704.5, 543, 0, LTS, IV
708, 1294, 1, LTS, IV
708.1, 2004, 2, RS, IV
709.8, 2825, 3, LTS, IV
710.3, 269, 0, LTS, VI
710.4, 532, 0, LTS, IV
710.9, 3437, 4, LTS, V
711.6, 754, 0, LTS, III
711.6, 3802, 4, LTS, III
711.8, 3573, 4, LTS, IV
714.2, 601, 0, RS, III
714.5, 2692, 3, LTS, V
715, 1509, 1, LTS, III
715.6, 3448, 4, LTS, V
718.7, 1298, 1, LTS, IV
719.2, 2216, 2, RS, III
719.7, 752, 0, LTS, III
720, 1780, 2, LTS, VI
720.3, 2812, 3, LTS, IV
720.4, 2051, 2, LTS, IV
721.4, 528, 0, LTS, IV
721.5, 2196, 2, RS, III
722.5, 1170, 1, LTS, V
723.1, 1161, 1, LTS, V
723.1, 1925, 2, LTS, V
724.5, 3588, 4, LTS, IV
725.4, 2817, 3, LTS, IV
726.8, 545, 0, LTS, IV
729.5, 2688, 3, LTS, V
732.2, 2053, 2, LTS, IV
732.6, 2052, 2, LTS, IV
734, 1838, 2, RS, V
734.2, 2270, 2, LTS, III
734.9, 267, 0, LTS, VI
735, 3305, 4, LTS, VI
739.9, 1945, 2, IB, V
742.1, 3452, 4, LTS, V
742.4, 525, 0, LTS, IV
742.5, 1289, 1, LTS, IV
743, 2507, 3, RS, VI
744.3, 256, 0, LTS, VI
745.5, 1930, 2, LTS, V
745.6, 309, 0, RS, V
745.8, 2047, 2, LTS, IV
747.2, 3439, 4, LTS, V
748.1, 1169, 1, LTS, V
749.4, 3038, 3, LTS, III
751.3, 2541, 3, LTS, VI
752.5, 3581, 4, LTS, IV
753.6, 966, 1, RS, VI
753.8, 2543, 3, LTS, VI
756.4, 2081, 2, RS, III
759.8, 1593, 2, RS, VI
761.6, 2691, 3, LTS, V
761.9, 2060, 2, LTS, IV
762.5, 2826, 3, LTS, IV
762.6, 1290, 1, LTS, IV
762.6, 1931, 2, LTS, V
763.6, 2065, 2, LTS, IV
766.3, 1293, 1, LTS, IV
766.7, 3447, 4, LTS, V
767.3, 212, 0, RS, VI
767.4, 2054, 2, LTS, IV
768.2, 2683, 3, LTS, V
768.3, 755, 0, LTS, III
770.5, 260, 0, LTS, VI
770.6, 1299, 1, LTS, IV
771.8, 1514, 1, LTS, III
772.2, 2277, 2, LTS, III
772.6, 3313, 4, LTS, VI
774.2, 2056, 2, LTS, IV
774.9, 3041, 3, LTS, III
775.7, 2811, 3, LTS, IV
776.5, 1228, 1, RS, IV
776.8, 406, 0, LTS, V
777.7, 819, 1, RS, VI
783.1, 2275, 2, LTS, III
783.5, 1789, 2, LTS, VI
783.8, 1155, 1, LTS, V
784.5, 2293, 3, RS, VI
786.2, 1515, 1, LTS, III
789.7, 3577, 4, LTS, IV
789.9, 2689, 3, LTS, V
791.1, 2821, 3, LTS, IV
791.6, 1924, 2, LTS, V
792.8, 2550, 3, LTS, VI
793.9, 3301, 4, LTS, VI
796.2, 2185, 2, RS, III
798.4, 1922, 2, LTS, V
798.7, 1295, 1, LTS, IV
799.1, 257, 0, LTS, VI
799.8, 1023, 1, LTS, VI
800.8, 1513, 1, LTS, III
801.8, 395, 0, LTS, V
802.2, 3576, 4, LTS, IV
802.8, 3586, 4, LTS, IV
802.9, 1158, 1, LTS, V
805.3, 753, 0, LTS, III
805.8, 3314, 4, LTS, VI
807.1, 1030, 1, LTS, VI
808.9, 2685, 3, LTS, V
809.2, 1854, 2, RS, V
811.1, 2687, 3, LTS, V
811.7, 3043, 3, LTS, III
811.8, 396, 0, LTS, V
812.9, 3063, 4, RS, VI
814, 3798, 4, LTS, III
816.1, 2059, 2, LTS, IV
816.3, 1031, 1, LTS, VI
817.5, 2066, 2, LTS, IV
818.2, 402, 0, LTS, V
819.9, 270, 0, LTS, VI
820.2, 1926, 2, LTS, V
821, 3582, 4, LTS, IV
822.8, 3587, 4, LTS, IV
823.6, 267, 0, LTS, VI
824.2, 2175, 2, RS, III
825.7, 2280, 2, LTS, III
825.8, 3311, 4, LTS, VI
828.1, 3458, 4, IB, V
829.8, 1792, 2, LTS, VI
830.2, 1157, 1, LTS, V
833.7, 2679, 3, LTS, V
834.1, 1780, 2, LTS, VI
834.9, 3452, 4, LTS, V
835.4, 2052, 2, LTS, IV
835.8, 3802, 4, LTS, III
837.1, 1286, 1, LTS, IV
838, 1092, 1, RS, V
838.5, 1167, 1, LTS, V
839.6, 758, 0, LTS, III
841.3, 2949, 3, RS, III
841.7, 766, 1, RS, VI
842, 1930, 2, LTS, V
843.5, 1928, 2, LTS, V
845.9, 61, 0, RS, VI
845.9, 1165, 1, LTS, V
846.9, 258, 0, LTS, VI
848.4, 1292, 1, LTS, IV
850.4, 2688, 3, LTS, V
851.7, 2051, 2, LTS, IV
853.3, 2544, 3, LTS, VI
853.4, 1163, 1, LTS, V
855.6, 409, 0, LTS, V
858.8, 528, 0, LTS, IV
859.5, 3312, 4, LTS, VI
860.4, 537, 0, LTS, IV
862.1, 754, 0, LTS, III
863, 2815, 3, LTS, IV
863.1, 260, 0, LTS, VI
864.4, 3300, 4, LTS, VI
865.1, 1021, 1, LTS, VI
866.1, 538, 0, LTS, IV
867, 532, 0, LTS, IV
867.8, 3804, 4, LTS, III
868.8, 3041, 3, LTS, III
871.4, 2808, 3, LTS, IV
871.6, 1783, 2, LTS, VI
877.6, 1230, 1, RS, IV
879.8, 394, 0, LTS, V
880.2, 3796, 4, LTS, III
881.5, 3304, 4, LTS, VI
882.3, 3448, 4, LTS, V
884.4, 1298, 1, LTS, IV
884.5, 1918, 2, LTS, V
885, 3569, 4, LTS, IV
886, 1332, 1, RS, III
887.5, 2550, 3, LTS, VI
888.7, 1303, 1, LTS, IV
888.8, 1019, 1, LTS, VI
888.8, 1782, 2, LTS, VI
888.9, 2541, 3, LTS, VI
889.3, 1305, 1, LTS, IV
890.1, 2276, 2, LTS, III
890.8, 1791, 2, LTS, VI
892.8, 1922, 2, LTS, V
892.9, 1164, 1, LTS, V
893.7, 1166, 1, LTS, V
893.7, 1779, 2, LTS, VI
895.3, 2047, 2, LTS, IV
896.3, 1515, 1, LTS, III
896.5, 2678, 3, LTS, V
896.9, 1170, 1, LTS, V
899.6, 2814, 3, LTS, IV
900.7, 2053, 2, LTS, IV
902.6, 2813, 3, LTS, IV
902.9, 3581, 4, LTS, IV
905.3, 2691, 3, LTS, V
910.8, 1916, 2, LTS, V
911.7, 3801, 4, LTS, III
912, 1789, 2, LTS, VI
913, 1169, 1, LTS, V
913, 2368, 3, RS, VI
913.3, 2552, 3, LTS, VI
916.5, 1513, 1, LTS, III
918.5, 1519, 1, LTS, III
918.9, 2816, 3, LTS, IV
919.7, 1784, 2, LTS, VI
920.1, 3586, 4, LTS, IV
920.3, 613, 0, RS, III
920.6, 408, 0, LTS, V
920.7, 2067, 2, LTS, IV
920.9, 270, 0, LTS, VI
925.1, 3577, 4, LTS, IV
929.5, 401, 0, LTS, V
930, 3306, 4, LTS, VI
930.2, 3452, 4, LTS, V
932.1, 1293, 1, LTS, IV
933, 2543, 3, LTS, VI
937, 3314, 4, LTS, VI
937.3, 1518, 1, LTS, III
939.6, 1780, 2, LTS, VI
939.8, 1631, 2, RS, VI
939.8, 2551, 3, LTS, VI
939.9, 752, 0, LTS, III
940.9, 1028, 1, LTS, VI
940.9, 3439, 4, LTS, V
941.9, 2060, 2, LTS, IV
942.1, 2689, 3, LTS, V
942.6, 1790, 2, LTS, VI
942.7, 1917, 2, LTS, V
943.2, 2826, 3, LTS, IV
945, 1925, 2, LTS, V
947.5, 430, 0, IB, V
950, 203, 0, RS, VI
953.4, 267, 0, LTS, VI
953.4, 2812, 3, LTS, IV
954.2, 2815, 3, LTS, IV
957.1, 2274, 2, LTS, III
959.1, 3572, 4, LTS, IV
960.7, 3440, 4, LTS, V
961.3, 671, 0, RS, III
963.4, 404, 0, LTS, V
963.6, 1521, 1, LTS, III
963.7, 534, 0, LTS, IV
964.8, 529, 0, LTS, IV
965.1, 1432, 1, RS, III
965.5, 2280, 2, LTS, III
969.9, 2276, 2, LTS, III
970.7, 260, 0, LTS, VI
970.7, 3450, 4, LTS, V
976.7, 3302, 4, LTS, VI
977.3, 427, 0, IB, V
977.5, 400, 0, LTS, V
978.2, 1186, 1, IB, V
981.4, 3576, 4, LTS, IV
981.8, 3304, 4, LTS, VI
982.1, 3311, 4, LTS, VI
984.9, 1090, 1, RS, V
988, 1513, 1, LTS, III
990, 1066, 1, RS, V
992, 532, 0, LTS, IV
992.1, 1930, 2, LTS, V
994.5, 1104, 1, RS, V
994.5, 1922, 2, LTS, V
995.9, 1338, 1, RS, III
997.7, 537, 0, LTS, IV
998.7, 262, 0, LTS, VI
999.1, 2055, 2, LTS, IV
