11.3, 2540, 3, LTS, VI
12.5, 542, 0, LTS, IV
13.5, 1160, 1, LTS, V
14.5, 1298, 1, LTS, IV
14.8, 1301, 1, LTS, IV
16.9, 2279, 2, LTS, III
17.6, 393, 0, LTS, V
17.9, 1509, 1, LTS, III
24.1, 399, 0, LTS, V
24.5, 2821, 3, LTS, IV
24.8, 540, 0, LTS, IV
24.8, 3581, 4, LTS, IV
27, 3033, 3, LTS, III
27.7, 3031, 3, LTS, III
28.1, 2060, 2, LTS, IV
28.8, 755, 0, LTS, III
28.9, 2270, 2, LTS, III
31.1, 2682, 3, LTS, V
31.6, 3788, 4, LTS, III
32.3, 750, 0, LTS, III
36, 263, 0, LTS, VI
39.2, 2676, 3, LTS, V
39.9, 1779, 2, LTS, VI
42.9, 3582, 4, LTS, IV
43, 3301, 4, LTS, VI
43.5, 3793, 4, LTS, III
44.2, 1303, 1, LTS, IV
46.3, 748, 0, LTS, III
48.5, 3304, 4, LTS, VI
52.6, 2064, 2, LTS, IV
52.7, 1919, 2, LTS, V
54.9, 1518, 1, LTS, III
55.3, 402, 0, LTS, V
55.9, 757, 0, LTS, III
57.4, 257, 0, LTS, VI
57.6, 2825, 3, LTS, IV
59.2, 1511, 1, LTS, III
60.3, 3032, 3, LTS, III
62.4, 2553, 3, LTS, VI
67, 2272, 2, LTS, III
69.6, 2055, 2, LTS, IV
70.5, 3437, 4, LTS, V
71.7, 1163, 1, LTS, V
72.3, 3792, 4, LTS, III
73.5, 1018, 1, LTS, VI
74, 2541, 3, LTS, VI
74.3, 3586, 4, LTS, IV
82, 2281, 2, LTS, III
84.2, 3325, 4, RS, V
85.8, 390, 0, LTS, V
85.9, 584, 0, RS, III
87.3, 2277, 2, LTS, III
89.7, 3580, 4, LTS, IV
90, 1299, 1, LTS, IV
96.1, 396, 0, LTS, V
97.8, 2279, 2, LTS, III
98.1, 271, 0, LTS, VI
100, 880, 1, RS, VI
101.2, 399, 0, LTS, V
103.1, 3577, 4, LTS, IV
103.1, 3799, 4, LTS, III
103.6, 1195, 1, RS, IV
103.6, 1207, 1, RS, IV
103.7, 1220, 1, RS, IV
103.7, 1222, 1, RS, IV
103.7, 1254, 1, RS, IV
104, 470, 0, RS, IV
104, 1108, 1, FS, V
104, 1217, 1, RS, IV
104, 1264, 1, RS, IV
104, 1268, 1, RS, IV
104, 1272, 1, RS, IV
104, 1278, 1, FS, IV
104.1, 1147, 1, FS, V
104.1, 1231, 1, RS, IV
104.1, 1239, 1, RS, IV
104.1, 1287, 1, FS, IV
104.2, 1109, 1, FS, V
104.2, 1193, 1, RS, IV
104.2, 1202, 1, RS, IV
104.2, 1250, 1, RS, IV
104.3, 1113, 1, FS, V
104.3, 1198, 1, RS, IV
104.3, 1204, 1, RS, IV
104.3, 1221, 1, RS, IV
104.3, 1238, 1, RS, IV
104.3, 1255, 1, RS, IV
104.4, 1119, 1, FS, V
104.4, 1194, 1, RS, IV
104.4, 1212, 1, RS, IV
104.4, 1216, 1, RS, IV
104.4, 1228, 1, RS, IV
104.4, 1236, 1, RS, IV
104.4, 1244, 1, RS, IV
104.4, 1249, 1, RS, IV
104.4, 1253, 1, RS, IV
104.4, 1266, 1, RS, IV
104.4, 1280, 1, FS, IV
104.5, 1110, 1, FS, V
104.5, 1115, 1, FS, V
104.5, 1142, 1, FS, V
104.5, 1201, 1, RS, IV
104.5, 1203, 1, RS, IV
104.5, 1205, 1, RS, IV
104.5, 1208, 1, RS, IV
104.5, 1225, 1, RS, IV
104.5, 1260, 1, RS, IV
104.5, 1270, 1, RS, IV
104.5, 1277, 1, RS, IV
104.5, 1293, 1, FS, IV
104.6, 1114, 1, FS, V
104.6, 1199, 1, RS, IV
104.6, 1218, 1, RS, IV
104.6, 1227, 1, RS, IV
104.6, 1230, 1, RS, IV
104.6, 1245, 1, RS, IV
104.6, 1258, 1, RS, IV
104.6, 1282, 1, FS, IV
104.7, 1130, 1, FS, V
104.7, 1206, 1, RS, IV
104.7, 1213, 1, RS, IV
104.7, 1240, 1, RS, IV
104.7, 1243, 1, RS, IV
104.7, 1259, 1, RS, IV
104.7, 1274, 1, RS, IV
104.7, 1279, 1, FS, IV
104.7, 1288, 1, FS, IV
104.7, 1291, 1, FS, IV
104.8, 1127, 1, FS, V
104.8, 1234, 1, RS, IV
104.8, 1246, 1, RS, IV
104.8, 1257, 1, RS, IV
104.8, 1265, 1, RS, IV
104.9, 450, 0, RS, IV
104.9, 507, 0, RS, IV
104.9, 1112, 1, FS, V
104.9, 1117, 1, FS, V
104.9, 1124, 1, FS, V
104.9, 1138, 1, FS, V
104.9, 1139, 1, FS, V
104.9, 1262, 1, RS, IV
104.9, 1273, 1, RS, IV
105, 1120, 1, FS, V
105, 1133, 1, FS, V
105, 1146, 1, FS, V
105, 1214, 1, RS, IV
105, 1233, 1, RS, IV
105, 1261, 1, RS, IV
105, 1267, 1, RS, IV
105, 1286, 1, FS, IV
105.1, 457, 0, RS, IV
105.1, 1106, 1, FS, V
105.1, 1116, 1, FS, V
105.1, 1211, 1, RS, IV
105.1, 1219, 1, RS, IV
105.1, 1256, 1, RS, IV
105.1, 1290, 1, FS, IV
105.2, 1122, 1, FS, V
105.2, 1128, 1, FS, V
105.2, 1136, 1, FS, V
105.2, 1209, 1, RS, IV
105.2, 1215, 1, RS, IV
105.2, 1223, 1, RS, IV
105.2, 1237, 1, RS, IV
105.2, 1242, 1, RS, IV
105.2, 1248, 1, RS, IV
105.2, 1281, 1, FS, IV
105.3, 1111, 1, FS, V
105.3, 1121, 1, FS, V
105.3, 1135, 1, FS, V
105.3, 1200, 1, RS, IV
105.3, 1210, 1, RS, IV
105.3, 1224, 1, RS, IV
105.3, 1241, 1, RS, IV
105.3, 1285, 1, FS, IV
105.4, 1118, 1, FS, V
105.4, 1289, 1, FS, IV
105.5, 1105, 1, FS, V
105.5, 1107, 1, FS, V
105.5, 1129, 1, FS, V
105.5, 1141, 1, FS, V
105.5, 1196, 1, RS, IV
105.5, 1235, 1, RS, IV
105.5, 1247, 1, RS, IV
105.5, 1251, 1, RS, IV
105.5, 1252, 1, RS, IV
105.5, 1263, 1, RS, IV
105.5, 1275, 1, RS, IV
105.6, 448, 0, RS, IV
105.6, 1143, 1, FS, V
105.6, 1284, 1, FS, IV
105.6, 1955, 2, RS, IV
105.7, 1131, 1, FS, V
105.7, 1148, 1, FS, V
105.7, 1149, 1, FS, V
105.7, 1197, 1, RS, IV
105.8, 1123, 1, FS, V
105.8, 1229, 1, RS, IV
105.8, 1283, 1, FS, IV
105.9, 497, 0, RS, IV
105.9, 505, 0, RS, IV
105.9, 1137, 1, FS, V
105.9, 1226, 1, RS, IV
105.9, 1969, 2, RS, IV
105.9, 2014, 2, RS, IV
106, 445, 0, RS, IV
106, 452, 0, RS, IV
106, 1269, 1, RS, IV
106, 1996, 2, RS, IV
106.2, 1125, 1, FS, V
106.2, 1271, 1, RS, IV
106.3, 1144, 1, FS, V
106.4, 474, 0, RS, IV
106.4, 503, 0, RS, IV
106.4, 2027, 2, RS, IV
106.5, 480, 0, RS, IV
106.5, 1064, 1, RS, V
106.5, 1132, 1, FS, V
106.5, 1145, 1, FS, V
106.6, 1292, 1, FS, IV
106.7, 472, 0, RS, IV
106.7, 1956, 2, RS, IV
106.8, 1126, 1, FS, V
106.8, 1232, 1, RS, IV
106.9, 1278, 1, FS, IV
107, 1287, 1, FS, IV
107.2, 1997, 2, RS, IV
107.2, 2043, 2, FS, IV
107.3, 532, 0, FS, IV
107.3, 1280, 1, FS, IV
107.4, 438, 0, RS, IV
107.4, 512, 0, RS, IV
107.4, 517, 0, FS, IV
107.4, 518, 0, FS, IV
107.4, 1134, 1, FS, V
107.4, 1293, 1, FS, IV
107.4, 1471, 1, FS, III
107.5, 476, 0, RS, IV
107.5, 529, 0, FS, IV
107.5, 1282, 1, FS, IV
107.6, 524, 0, FS, IV
107.6, 526, 0, FS, IV
107.6, 527, 0, FS, IV
107.6, 1279, 1, FS, IV
107.6, 1288, 1, FS, IV
107.6, 1291, 1, FS, IV
107.6, 1434, 1, RS, III
107.6, 1484, 1, FS, III
107.6, 2047, 2, FS, IV
107.7, 520, 0, FS, IV
107.7, 522, 0, FS, IV
107.7, 1991, 2, RS, IV
107.7, 2039, 2, FS, IV
107.7, 2048, 2, FS, IV
107.7, 2052, 2, FS, IV
107.7, 2054, 2, FS, IV
107.8, 531, 0, FS, IV
107.8, 1394, 1, RS, III
107.8, 2042, 2, FS, IV
107.9, 500, 0, RS, IV
107.9, 519, 0, FS, IV
107.9, 528, 0, FS, IV
107.9, 1286, 1, FS, IV
107.9, 1392, 1, RS, III
107.9, 1409, 1, RS, III
107.9, 1447, 1, RS, III
107.9, 2051, 2, FS, IV
107.9, 2053, 2, FS, IV
108, 467, 0, RS, IV
108, 521, 0, FS, IV
108, 523, 0, FS, IV
108, 525, 0, FS, IV
108, 1290, 1, FS, IV
108, 1294, 1, LTS, IV
108, 1300, 1, LTS, IV
108, 1343, 1, RS, III
108, 1482, 1, FS, III
108, 2040, 2, FS, IV
108.1, 530, 0, FS, IV
108.1, 1281, 1, FS, IV
108.1, 1320, 1, RS, III
108.1, 1342, 1, RS, III
108.1, 1352, 1, RS, III
108.1, 1426, 1, RS, III
108.1, 1430, 1, RS, III
108.1, 1472, 1, FS, III
108.1, 1485, 1, FS, III
108.1, 1494, 1, FS, III
108.1, 2026, 2, RS, IV
108.1, 2046, 2, FS, IV
108.2, 1285, 1, FS, IV
108.2, 1336, 1, RS, III
108.2, 1459, 1, RS, III
108.2, 1487, 1, FS, III
108.2, 1488, 1, FS, III
108.2, 1492, 1, FS, III
108.2, 1499, 1, FS, III
108.2, 2045, 2, FS, IV
108.2, 2049, 2, FS, IV
108.2, 2050, 2, FS, IV
108.3, 487, 0, RS, IV
108.3, 1289, 1, FS, IV
108.3, 1296, 1, LTS, IV
108.3, 1302, 1, LTS, IV
108.3, 1321, 1, RS, III
108.3, 1323, 1, RS, III
108.3, 1325, 1, RS, III
108.3, 1326, 1, RS, III
108.3, 1363, 1, RS, III
108.3, 1417, 1, RS, III
108.3, 1440, 1, RS, III
108.3, 1457, 1, RS, III
108.3, 1480, 1, FS, III
108.3, 1481, 1, FS, III
108.3, 1500, 1, FS, III
108.3, 2041, 2, FS, IV
108.4, 433, 0, RS, IV
108.4, 1301, 1, LTS, IV
108.4, 1356, 1, RS, III
108.4, 1366, 1, RS, III
108.4, 1367, 1, RS, III
108.4, 1413, 1, RS, III
108.4, 1419, 1, RS, III
108.4, 1425, 1, RS, III
108.4, 1443, 1, RS, III
108.4, 1476, 1, FS, III
108.4, 1479, 1, FS, III
108.4, 2044, 2, FS, IV
108.4, 2059, 2, LTS, IV
108.5, 475, 0, RS, IV
108.5, 1284, 1, FS, IV
108.5, 1297, 1, LTS, IV
108.5, 1303, 1, LTS, IV
108.5, 1307, 1, RS, III
108.5, 1315, 1, RS, III
108.5, 1317, 1, RS, III
108.5, 1357, 1, RS, III
108.5, 1368, 1, RS, III
108.5, 1421, 1, RS, III
108.5, 1424, 1, RS, III
108.5, 1497, 1, FS, III
108.5, 1502, 1, FS, III
108.5, 1972, 2, RS, IV
108.6, 1299, 1, LTS, IV
108.6, 1316, 1, RS, III
108.6, 1349, 1, RS, III
108.6, 1353, 1, RS, III
108.6, 1375, 1, RS, III
108.6, 1377, 1, RS, III
108.6, 1386, 1, RS, III
108.6, 1397, 1, RS, III
108.6, 1401, 1, RS, III
108.6, 1403, 1, RS, III
108.6, 1407, 1, RS, III
108.6, 1410, 1, RS, III
108.6, 1415, 1, RS, III
108.6, 1427, 1, RS, III
108.6, 1444, 1, RS, III
108.6, 1455, 1, RS, III
108.6, 1483, 1, FS, III
108.6, 1490, 1, FS, III
108.6, 1493, 1, FS, III
108.7, 1283, 1, FS, IV
108.7, 1311, 1, RS, III
108.7, 1312, 1, RS, III
108.7, 1341, 1, RS, III
108.7, 1345, 1, RS, III
108.7, 1348, 1, RS, III
108.7, 1361, 1, RS, III
108.7, 1393, 1, RS, III
108.7, 1456, 1, RS, III
108.7, 1464, 1, RS, III
108.7, 1486, 1, FS, III
108.7, 1498, 1, FS, III
108.7, 1501, 1, FS, III
108.7, 2022, 2, RS, IV
108.7, 2214, 2, RS, III
108.8, 1358, 1, RS, III
108.8, 1359, 1, RS, III
108.8, 1378, 1, RS, III
108.8, 1399, 1, RS, III
108.8, 1406, 1, RS, III
108.8, 1408, 1, RS, III
108.8, 1431, 1, RS, III
108.8, 1460, 1, RS, III
108.8, 1463, 1, RS, III
108.8, 1469, 1, FS, III
108.9, 1295, 1, LTS, IV
108.9, 1310, 1, RS, III
108.9, 1333, 1, RS, III
108.9, 1338, 1, RS, III
108.9, 1339, 1, RS, III
108.9, 1391, 1, RS, III
108.9, 1396, 1, RS, III
108.9, 1422, 1, RS, III
108.9, 1449, 1, RS, III
108.9, 1452, 1, RS, III
108.9, 1468, 1, FS, III
109, 260, 0, LTS, VI
109, 1304, 1, LTS, IV
109, 1309, 1, RS, III
109, 1331, 1, RS, III
109, 1360, 1, RS, III
109, 1365, 1, RS, III
109, 1372, 1, RS, III
109, 1416, 1, RS, III
109, 1418, 1, RS, III
109, 1437, 1, RS, III
109, 1438, 1, RS, III
109, 1439, 1, RS, III
109, 1454, 1, RS, III
109, 1475, 1, FS, III
109, 1478, 1, FS, III
109.1, 1305, 1, LTS, IV
109.1, 1318, 1, RS, III
109.1, 1332, 1, RS, III
109.1, 1337, 1, RS, III
109.1, 1346, 1, RS, III
109.1, 1350, 1, RS, III
109.1, 1355, 1, RS, III
109.1, 1376, 1, RS, III
109.1, 1398, 1, RS, III
109.1, 1414, 1, RS, III
109.1, 1441, 1, RS, III
109.1, 1461, 1, RS, III
109.1, 1504, 1, FS, III
109.2, 1319, 1, RS, III
109.2, 1354, 1, RS, III
109.2, 1362, 1, RS, III
109.2, 1373, 1, RS, III
109.2, 1381, 1, RS, III
109.2, 1405, 1, RS, III
109.2, 1428, 1, RS, III
109.2, 1429, 1, RS, III
109.2, 1462, 1, RS, III
109.2, 1474, 1, FS, III
109.2, 1496, 1, FS, III
109.3, 1340, 1, RS, III
109.3, 1371, 1, RS, III
109.3, 1385, 1, RS, III
109.3, 1420, 1, RS, III
109.3, 1423, 1, RS, III
109.3, 1445, 1, RS, III
109.3, 1451, 1, RS, III
109.3, 1453, 1, RS, III
109.3, 2009, 2, RS, IV
109.4, 1306, 1, LTS, IV
109.4, 1327, 1, RS, III
109.4, 1347, 1, RS, III
109.4, 1374, 1, RS, III
109.4, 1379, 1, RS, III
109.4, 1387, 1, RS, III
109.4, 1388, 1, RS, III
109.4, 1400, 1, RS, III
109.4, 1435, 1, RS, III
109.4, 1436, 1, RS, III
109.4, 1458, 1, RS, III
109.4, 1466, 1, RS, III
109.4, 1477, 1, FS, III
109.4, 1495, 1, FS, III
109.5, 1292, 1, FS, IV
109.5, 1322, 1, RS, III
109.5, 1330, 1, RS, III
109.5, 1364, 1, RS, III
109.5, 1412, 1, RS, III
109.5, 1446, 1, RS, III
109.6, 1314, 1, RS, III
109.6, 1335, 1, RS, III
109.6, 1384, 1, RS, III
109.7, 1328, 1, RS, III
109.7, 1380, 1, RS, III
109.7, 1450, 1, RS, III
109.7, 1465, 1, RS, III
109.7, 1491, 1, FS, III
109.8, 491, 0, RS, IV
109.8, 1276, 1, RS, IV
109.8, 1278, 1, FS, IV
109.8, 1324, 1, RS, III
109.8, 1370, 1, RS, III
109.8, 1448, 1, RS, III
109.8, 1473, 1, FS, III
109.8, 2802, 3, FS, IV
109.9, 451, 0, RS, IV
109.9, 1287, 1, FS, IV
109.9, 1334, 1, RS, III
109.9, 1390, 1, RS, III
109.9, 1395, 1, RS, III
109.9, 1404, 1, RS, III
109.9, 1411, 1, RS, III
109.9, 1432, 1, RS, III
109.9, 1489, 1, FS, III
109.9, 1503, 1, FS, III
109.9, 2815, 3, FS, IV
110, 1369, 1, RS, III
110.1, 2043, 2, FS, IV
110.2, 532, 0, FS, IV
110.2, 1280, 1, FS, IV
110.2, 1313, 1, RS, III
110.2, 1402, 1, RS, III
110.3, 517, 0, FS, IV
110.3, 518, 0, FS, IV
110.3, 1272, 1, RS, IV
110.3, 1293, 1, FS, IV
110.3, 1471, 1, FS, III
110.3, 2801, 3, FS, IV
110.4, 529, 0, FS, IV
110.4, 1282, 1, FS, IV
110.4, 1298, 1, LTS, IV
110.5, 524, 0, FS, IV
110.5, 526, 0, FS, IV
110.5, 527, 0, FS, IV
110.5, 1279, 1, FS, IV
110.5, 1288, 1, FS, IV
110.5, 1291, 1, FS, IV
110.5, 1470, 1, FS, III
110.5, 2047, 2, FS, IV
110.6, 520, 0, FS, IV
110.6, 522, 0, FS, IV
110.6, 1308, 1, RS, III
110.6, 1383, 1, RS, III
110.6, 1389, 1, RS, III
110.6, 2039, 2, FS, IV
110.6, 2048, 2, FS, IV
110.6, 2052, 2, FS, IV
110.6, 2054, 2, FS, IV
110.7, 531, 0, FS, IV
110.7, 1236, 1, RS, IV
110.7, 1351, 1, RS, III
110.7, 2042, 2, FS, IV
110.8, 519, 0, FS, IV
110.8, 528, 0, FS, IV
110.8, 1286, 1, FS, IV
110.8, 1344, 1, RS, III
110.8, 1442, 1, RS, III
110.8, 2051, 2, FS, IV
110.8, 2053, 2, FS, IV
110.9, 521, 0, FS, IV
110.9, 523, 0, FS, IV
110.9, 525, 0, FS, IV
110.9, 1290, 1, FS, IV
110.9, 1484, 1, FS, III
110.9, 2040, 2, FS, IV
111, 530, 0, FS, IV
111, 1206, 1, RS, IV
111, 1281, 1, FS, IV
111, 1485, 1, FS, III
111, 2046, 2, FS, IV
111, 2800, 3, FS, IV
111, 2812, 3, FS, IV
111.1, 1285, 1, FS, IV
111.1, 1467, 1, FS, III
111.1, 1482, 1, FS, III
111.1, 1487, 1, FS, III
111.1, 2045, 2, FS, IV
111.1, 2049, 2, FS, IV
111.1, 2050, 2, FS, IV
111.1, 2807, 3, FS, IV
111.1, 2813, 3, FS, IV
111.2, 460, 0, RS, IV
111.2, 1289, 1, FS, IV
111.2, 1494, 1, FS, III
111.2, 1500, 1, FS, III
111.2, 2041, 2, FS, IV
111.2, 2809, 3, FS, IV
111.3, 1472, 1, FS, III
111.3, 1480, 1, FS, III
111.3, 1499, 1, FS, III
111.3, 2044, 2, FS, IV
111.3, 2804, 3, FS, IV
111.4, 1382, 1, RS, III
111.4, 2810, 3, FS, IV
111.6, 540, 0, LTS, IV
111.6, 1224, 1, RS, IV
111.6, 1273, 1, RS, IV
111.6, 1283, 1, FS, IV
111.7, 2805, 3, FS, IV
111.8, 1251, 1, RS, IV
111.8, 1329, 1, RS, III
111.9, 722, 0, FS, III
111.9, 1433, 1, RS, III
112, 682, 0, RS, III
112, 713, 0, FS, III
112, 1476, 1, FS, III
112, 2233, 2, FS, III
112, 2234, 2, FS, III
112.1, 725, 0, FS, III
112.1, 739, 0, FS, III
112.1, 1199, 1, RS, IV
112.1, 2237, 2, FS, III
112.2, 1051, 1, RS, V
112.2, 2248, 2, FS, III
112.2, 2251, 2, FS, III
112.3, 707, 0, FS, III
112.3, 714, 0, FS, III
112.3, 721, 0, FS, III
112.3, 728, 0, FS, III
112.3, 1056, 1, RS, V
112.3, 1492, 1, FS, III
112.3, 2239, 2, FS, III
112.3, 2249, 2, FS, III
112.3, 2254, 2, FS, III
112.3, 2255, 2, FS, III
112.4, 597, 0, RS, III
112.4, 712, 0, FS, III
112.4, 715, 0, FS, III
112.4, 716, 0, FS, III
112.4, 719, 0, FS, III
112.4, 727, 0, FS, III
112.4, 743, 0, FS, III
112.4, 1054, 1, RS, V
112.4, 1063, 1, RS, V
112.4, 1073, 1, RS, V
112.4, 2228, 2, FS, III
112.4, 2240, 2, FS, III
112.4, 2244, 2, FS, III
112.4, 2245, 2, FS, III
112.5, 711, 0, FS, III
112.5, 1171, 1, IB, V
112.5, 1992, 2, RS, IV
112.5, 2159, 2, RS, III
112.5, 2235, 2, FS, III
112.5, 2246, 2, FS, III
112.5, 2265, 2, FS, III
112.6, 723, 0, FS, III
112.6, 731, 0, FS, III
112.6, 732, 0, FS, III
112.6, 734, 0, FS, III
112.6, 738, 0, FS, III
112.6, 740, 0, FS, III
112.6, 1061, 1, RS, V
112.6, 1066, 1, RS, V
112.6, 1070, 1, RS, V
112.6, 1088, 1, RS, V
112.6, 1191, 1, IB, V
112.6, 1192, 1, IB, V
112.6, 2236, 2, FS, III
112.6, 2258, 2, FS, III
112.7, 616, 0, RS, III
112.7, 709, 0, FS, III
112.7, 733, 0, FS, III
112.7, 1049, 1, RS, V
112.7, 1501, 1, FS, III
112.7, 2231, 2, FS, III
112.7, 2232, 2, FS, III
112.7, 2242, 2, FS, III
112.7, 2243, 2, FS, III
112.7, 2259, 2, FS, III
112.7, 2260, 2, FS, III
112.7, 2262, 2, FS, III
112.8, 706, 0, FS, III
112.8, 708, 0, FS, III
112.8, 726, 0, FS, III
112.8, 730, 0, FS, III
112.8, 741, 0, FS, III
112.8, 1083, 1, RS, V
112.8, 1089, 1, RS, V
112.8, 1093, 1, RS, V
112.8, 1184, 1, IB, V
112.8, 1294, 1, LTS, IV
112.8, 1300, 1, LTS, IV
112.8, 2230, 2, FS, III
112.8, 2250, 2, FS, III
112.9, 572, 0, RS, III
112.9, 710, 0, FS, III
112.9, 718, 0, FS, III
112.9, 720, 0, FS, III
112.9, 724, 0, FS, III
112.9, 1046, 1, RS, V
112.9, 1047, 1, RS, V
112.9, 1094, 1, RS, V
112.9, 1098, 1, RS, V
112.9, 1170, 1, IB, V
112.9, 1176, 1, IB, V
112.9, 1182, 1, IB, V
112.9, 2241, 2, FS, III
112.9, 2261, 2, FS, III
113, 691, 0, RS, III
113, 729, 0, FS, III
113, 1038, 1, RS, V
113, 1040, 1, RS, V
113, 1067, 1, RS, V
113, 1177, 1, IB, V
113, 1178, 1, IB, V
113, 1183, 1, IB, V
113, 1497, 1, FS, III
113, 1498, 1, FS, III
113, 2263, 2, FS, III
113.1, 1035, 1, RS, V
113.1, 1036, 1, RS, V
113.1, 1072, 1, RS, V
113.1, 1079, 1, RS, V
113.1, 1174, 1, IB, V
113.1, 1478, 1, FS, III
113.1, 2229, 2, FS, III
113.1, 2238, 2, FS, III
113.1, 2808, 3, FS, IV
113.2, 735, 0, FS, III
113.2, 742, 0, FS, III
113.2, 1037, 1, RS, V
113.2, 1050, 1, RS, V
113.2, 1092, 1, RS, V
113.2, 1099, 1, RS, V
113.2, 1172, 1, IB, V
113.2, 1179, 1, IB, V
113.2, 1189, 1, IB, V
113.2, 2252, 2, FS, III
113.2, 2256, 2, FS, III
113.2, 2814, 3, FS, IV
113.3, 611, 0, RS, III
113.3, 736, 0, FS, III
113.3, 1042, 1, RS, V
113.3, 1043, 1, RS, V
113.3, 1044, 1, RS, V
113.3, 1048, 1, RS, V
113.3, 1055, 1, RS, V
113.3, 1058, 1, RS, V
113.3, 1071, 1, RS, V
113.3, 1076, 1, RS, V
113.3, 1085, 1, RS, V
113.3, 1097, 1, RS, V
113.3, 1101, 1, RS, V
113.3, 1102, 1, RS, V
113.3, 1168, 1, IB, V
113.3, 1175, 1, IB, V
113.3, 1303, 1, LTS, IV
113.3, 2253, 2, FS, III
113.3, 2264, 2, FS, III
113.4, 1045, 1, RS, V
113.4, 1057, 1, RS, V
113.4, 1069, 1, RS, V
113.4, 1084, 1, RS, V
113.4, 1090, 1, RS, V
113.4, 1169, 1, IB, V
113.4, 1187, 1, IB, V
113.4, 1470, 1, FS, III
113.4, 1479, 1, FS, III
113.5, 717, 0, FS, III
113.5, 1041, 1, RS, V
113.5, 1052, 1, RS, V
113.5, 1075, 1, RS, V
113.5, 1082, 1, RS, V
113.5, 1087, 1, RS, V
113.5, 1100, 1, RS, V
113.5, 1180, 1, IB, V
113.5, 1186, 1, IB, V
113.5, 1475, 1, FS, III
113.6, 737, 0, FS, III
113.6, 1039, 1, RS, V
113.6, 1059, 1, RS, V
113.6, 1080, 1, RS, V
113.6, 1086, 1, RS, V
113.6, 1096, 1, RS, V
113.6, 1166, 1, IB, V
113.6, 1167, 1, IB, V
113.6, 1181, 1, IB, V
113.6, 1185, 1, IB, V
113.6, 1477, 1, FS, III
113.6, 2257, 2, FS, III
113.7, 622, 0, RS, III
113.7, 1060, 1, RS, V
113.7, 1062, 1, RS, V
113.7, 1077, 1, RS, V
113.7, 1091, 1, RS, V
113.7, 1095, 1, RS, V
113.7, 1173, 1, IB, V
113.7, 2217, 2, RS, III
113.7, 2247, 2, FS, III
113.8, 600, 0, RS, III
113.8, 1068, 1, RS, V
113.8, 3024, 3, FS, III
113.9, 685, 0, RS, III
113.9, 1065, 1, RS, V
113.9, 1434, 1, RS, III
113.9, 2676, 3, LTS, V
114, 1053, 1, RS, V
114, 1103, 1, RS, V
114, 1188, 1, IB, V
114, 1190, 1, IB, V
114.1, 1034, 1, RS, V
114.1, 1064, 1, RS, V
114.1, 1074, 1, RS, V
114.1, 1078, 1, RS, V
114.1, 1081, 1, RS, V
114.1, 1165, 1, IB, V
114.1, 1394, 1, RS, III
114.2, 569, 0, RS, III
114.2, 645, 0, RS, III
114.2, 1392, 1, RS, III
114.2, 1409, 1, RS, III
114.2, 1447, 1, RS, III
114.3, 1033, 1, RS, V
114.3, 1104, 1, RS, V
114.3, 1343, 1, RS, III
114.3, 3007, 3, FS, III
114.4, 1320, 1, RS, III
114.4, 1352, 1, RS, III
114.4, 1426, 1, RS, III
114.4, 1430, 1, RS, III
114.5, 579, 0, RS, III
114.5, 1336, 1, RS, III
114.5, 1459, 1, RS, III
114.5, 2203, 2, RS, III
114.6, 1321, 1, RS, III
114.6, 1323, 1, RS, III
114.6, 1325, 1, RS, III
114.6, 1326, 1, RS, III
114.6, 1363, 1, RS, III
114.6, 1417, 1, RS, III
114.6, 1440, 1, RS, III
114.6, 1457, 1, RS, III
114.6, 2997, 3, FS, III
114.7, 1356, 1, RS, III
114.7, 1366, 1, RS, III
114.7, 1367, 1, RS, III
114.7, 1413, 1, RS, III
114.7, 1419, 1, RS, III
114.7, 1425, 1, RS, III
114.7, 3003, 3, FS, III
114.8, 722, 0, FS, III
114.8, 1307, 1, RS, III
114.8, 1315, 1, RS, III
114.8, 1357, 1, RS, III
114.8, 1421, 1, RS, III
114.8, 1424, 1, RS, III
114.8, 3005, 3, FS, III
114.9, 713, 0, FS, III
114.9, 1316, 1, RS, III
114.9, 1349, 1, RS, III
114.9, 1353, 1, RS, III
114.9, 1375, 1, RS, III
114.9, 1377, 1, RS, III
114.9, 1386, 1, RS, III
114.9, 1397, 1, RS, III
114.9, 1401, 1, RS, III
114.9, 1403, 1, RS, III
114.9, 1407, 1, RS, III
114.9, 1410, 1, RS, III
114.9, 1415, 1, RS, III
114.9, 1427, 1, RS, III
114.9, 1444, 1, RS, III
114.9, 1455, 1, RS, III
114.9, 2233, 2, FS, III
114.9, 2234, 2, FS, III
114.9, 3021, 3, FS, III
114.9, 3302, 4, LTS, VI
114.9, 3444, 4, LTS, V
115, 1312, 1, RS, III
115, 1341, 1, RS, III
115, 1345, 1, RS, III
115, 1348, 1, RS, III
115, 1361, 1, RS, III
115, 1393, 1, RS, III
115, 1456, 1, RS, III
115, 1464, 1, RS, III
115, 2996, 3, FS, III
115.1, 1359, 1, RS, III
115.1, 1378, 1, RS, III
115.1, 1399, 1, RS, III
115.1, 1406, 1, RS, III
115.1, 1408, 1, RS, III
115.1, 1431, 1, RS, III
115.1, 1463, 1, RS, III
115.1, 3019, 3, FS, III
115.2, 707, 0, FS, III
115.2, 714, 0, FS, III
115.2, 1310, 1, RS, III
115.2, 1333, 1, RS, III
115.2, 1338, 1, RS, III
115.2, 1391, 1, RS, III
115.2, 1396, 1, RS, III
115.2, 1422, 1, RS, III
115.2, 1452, 1, RS, III
115.2, 2254, 2, FS, III
115.2, 2998, 3, FS, III
115.2, 3013, 3, FS, III
115.2, 3016, 3, FS, III
115.2, 3025, 3, FS, III
115.3, 548, 0, RS, III
115.3, 727, 0, FS, III
115.3, 1331, 1, RS, III
115.3, 1365, 1, RS, III
115.3, 1372, 1, RS, III
115.3, 1416, 1, RS, III
115.3, 1437, 1, RS, III
115.3, 2228, 2, FS, III
115.3, 3002, 3, FS, III
115.4, 1318, 1, RS, III
115.4, 1332, 1, RS, III
115.4, 1337, 1, RS, III
115.4, 1346, 1, RS, III
115.4, 1350, 1, RS, III
115.4, 1355, 1, RS, III
115.4, 1376, 1, RS, III
115.4, 1414, 1, RS, III
115.4, 1441, 1, RS, III
115.4, 1461, 1, RS, III
115.4, 1502, 1, FS, III
115.4, 2235, 2, FS, III
115.4, 3001, 3, FS, III
115.4, 3014, 3, FS, III
115.5, 731, 0, FS, III
115.5, 1354, 1, RS, III
115.5, 1362, 1, RS, III
115.5, 1405, 1, RS, III
115.5, 1429, 1, RS, III
115.5, 1462, 1, RS, III
115.5, 2993, 3, FS, III
115.5, 3020, 3, FS, III
115.5, 3026, 3, FS, III
115.6, 733, 0, FS, III
115.6, 1445, 1, RS, III
115.6, 1453, 1, RS, III
115.6, 3008, 3, FS, III
115.6, 3018, 3, FS, III
115.7, 1302, 1, LTS, IV
115.7, 1317, 1, RS, III
115.7, 1327, 1, RS, III
115.7, 1374, 1, RS, III
115.7, 1379, 1, RS, III
115.7, 1467, 1, FS, III
115.7, 2994, 3, FS, III
115.8, 1137, 1, FS, V
115.8, 1330, 1, RS, III
115.8, 1364, 1, RS, III
115.8, 2992, 3, FS, III
115.9, 1171, 1, IB, V
115.9, 1335, 1, RS, III
115.9, 1384, 1, RS, III
115.9, 1886, 2, FS, V
115.9, 3006, 3, FS, III
116, 1191, 1, IB, V
116, 1192, 1, IB, V
116, 1450, 1, RS, III
116.1, 738, 0, FS, III
116.1, 1124, 1, FS, V
116.1, 1129, 1, FS, V
116.1, 1370, 1, RS, III
116.2, 370, 0, FS, V
116.2, 721, 0, FS, III
116.2, 1111, 1, FS, V
116.2, 1113, 1, FS, V
116.2, 1127, 1, FS, V
116.2, 1132, 1, FS, V
116.2, 1142, 1, FS, V
116.2, 1184, 1, IB, V
116.2, 1328, 1, RS, III
116.2, 1334, 1, RS, III
116.2, 1395, 1, RS, III
116.2, 1404, 1, RS, III
116.2, 1411, 1, RS, III
116.2, 1876, 2, FS, V
116.2, 1884, 2, FS, V
116.2, 1888, 2, FS, V
116.2, 1893, 2, FS, V
116.2, 1907, 2, FS, V
116.2, 2251, 2, FS, III
116.3, 345, 0, FS, V
116.3, 363, 0, FS, V
116.3, 1115, 1, FS, V
116.3, 1130, 1, FS, V
116.3, 1140, 1, FS, V
116.3, 1170, 1, IB, V
116.3, 1176, 1, IB, V
116.3, 1182, 1, IB, V
116.3, 1875, 2, FS, V
116.3, 1877, 2, FS, V
116.3, 1883, 2, FS, V
116.3, 2995, 3, FS, III
116.3, 3022, 3, FS, III
116.4, 344, 0, FS, V
116.4, 349, 0, FS, V
116.4, 352, 0, FS, V
116.4, 358, 0, FS, V
116.4, 371, 0, FS, V
116.4, 1105, 1, FS, V
116.4, 1119, 1, FS, V
116.4, 1121, 1, FS, V
116.4, 1128, 1, FS, V
116.4, 1131, 1, FS, V
116.4, 1135, 1, FS, V
116.4, 1144, 1, FS, V
116.4, 1149, 1, FS, V
116.4, 1177, 1, IB, V
116.4, 1178, 1, IB, V
116.4, 1183, 1, IB, V
116.4, 1902, 2, FS, V
116.4, 3009, 3, FS, III
116.4, 3010, 3, FS, III
116.5, 350, 0, FS, V
116.5, 353, 0, FS, V
116.5, 354, 0, FS, V
116.5, 360, 0, FS, V
116.5, 376, 0, FS, V
116.5, 385, 0, FS, V
116.5, 1112, 1, FS, V
116.5, 1120, 1, FS, V
116.5, 1136, 1, FS, V
116.5, 1143, 1, FS, V
116.5, 1145, 1, FS, V
116.5, 1146, 1, FS, V
116.5, 1174, 1, IB, V
116.5, 1870, 2, FS, V
116.5, 1871, 2, FS, V
116.5, 1874, 2, FS, V
116.6, 364, 0, FS, V
116.6, 384, 0, FS, V
116.6, 1107, 1, FS, V
116.6, 1108, 1, FS, V
116.6, 1117, 1, FS, V
116.6, 1126, 1, FS, V
116.6, 1141, 1, FS, V
116.6, 1147, 1, FS, V
116.6, 1172, 1, IB, V
116.6, 1179, 1, IB, V
116.6, 1189, 1, IB, V
116.6, 1872, 2, FS, V
116.6, 1878, 2, FS, V
116.6, 1897, 2, FS, V
116.6, 3011, 3, FS, III
116.6, 3012, 3, FS, III
116.7, 351, 0, FS, V
116.7, 356, 0, FS, V
116.7, 359, 0, FS, V
116.7, 361, 0, FS, V
116.7, 362, 0, FS, V
116.7, 387, 0, FS, V
116.7, 388, 0, FS, V
116.7, 1116, 1, FS, V
116.7, 1138, 1, FS, V
116.7, 1168, 1, IB, V
116.7, 1175, 1, IB, V
116.7, 1889, 2, FS, V
116.7, 1892, 2, FS, V
116.7, 1894, 2, FS, V
116.7, 1899, 2, FS, V
116.7, 1904, 2, FS, V
116.7, 1908, 2, FS, V
116.7, 1909, 2, FS, V
116.8, 367, 0, FS, V
116.8, 373, 0, FS, V
116.8, 374, 0, FS, V
116.8, 383, 0, FS, V
116.8, 1106, 1, FS, V
116.8, 1114, 1, FS, V
116.8, 1134, 1, FS, V
116.8, 1169, 1, IB, V
116.8, 1187, 1, IB, V
116.8, 1881, 2, FS, V
116.8, 1882, 2, FS, V
116.8, 1887, 2, FS, V
116.8, 1896, 2, FS, V
116.8, 1910, 2, FS, V
116.8, 2991, 3, FS, III
116.9, 368, 0, FS, V
116.9, 372, 0, FS, V
116.9, 377, 0, FS, V
116.9, 380, 0, FS, V
116.9, 1122, 1, FS, V
116.9, 1125, 1, FS, V
116.9, 1180, 1, IB, V
116.9, 1186, 1, IB, V
116.9, 1866, 2, FS, V
116.9, 1891, 2, FS, V
116.9, 1901, 2, FS, V
117, 357, 0, FS, V
117, 375, 0, FS, V
117, 379, 0, FS, V
117, 1109, 1, FS, V
117, 1166, 1, IB, V
117, 1167, 1, IB, V
117, 1181, 1, IB, V
117, 1185, 1, IB, V
117, 1867, 2, FS, V
117, 1895, 2, FS, V
117.1, 348, 0, FS, V
117.1, 365, 0, FS, V
117.1, 369, 0, FS, V
117.1, 381, 0, FS, V
117.1, 1110, 1, FS, V
117.1, 1123, 1, FS, V
117.1, 1133, 1, FS, V
117.1, 1148, 1, FS, V
117.1, 1173, 1, IB, V
117.1, 1868, 2, FS, V
117.1, 1880, 2, FS, V
117.1, 1885, 2, FS, V
117.1, 1890, 2, FS, V
117.1, 1898, 2, FS, V
117.1, 1900, 2, FS, V
117.1, 2239, 2, FS, III
117.2, 355, 0, FS, V
117.2, 378, 0, FS, V
117.2, 1873, 2, FS, V
117.2, 1879, 2, FS, V
117.2, 1903, 2, FS, V
117.2, 1905, 2, FS, V
117.2, 1906, 2, FS, V
117.2, 2990, 3, FS, III
117.3, 346, 0, FS, V
117.3, 347, 0, FS, V
117.3, 382, 0, FS, V
117.3, 636, 0, RS, III
117.3, 1869, 2, FS, V
117.4, 366, 0, FS, V
117.4, 1139, 1, FS, V
117.4, 1188, 1, IB, V
117.4, 1190, 1, IB, V
117.5, 425, 0, IB, V
117.5, 571, 0, RS, III
117.5, 950, 1, RS, VI
117.5, 1118, 1, FS, V
117.5, 1165, 1, IB, V
117.5, 3004, 3, FS, III
117.5, 3023, 3, FS, III
117.6, 1300, 1, LTS, IV
117.8, 386, 0, FS, V
117.8, 1501, 1, FS, III
118, 410, 0, IB, V
118, 2142, 2, RS, III
118.1, 418, 0, IB, V
118.1, 1299, 1, LTS, IV
118.1, 1303, 1, LTS, IV
118.2, 1305, 1, LTS, IV
118.3, 1294, 1, LTS, IV
118.3, 1477, 1, FS, III
118.3, 1488, 1, FS, III
118.4, 1470, 1, FS, III
118.4, 1472, 1, FS, III
118.5, 1051, 1, RS, V
118.6, 411, 0, IB, V
118.6, 1056, 1, RS, V
118.6, 1296, 1, LTS, IV
118.6, 1467, 1, FS, III
118.6, 1476, 1, FS, III
118.6, 1492, 1, FS, III
118.6, 1499, 1, FS, III
118.7, 1054, 1, RS, V
118.7, 1063, 1, RS, V
118.7, 1073, 1, RS, V
118.7, 1137, 1, FS, V
118.8, 276, 0, RS, V
118.8, 1475, 1, FS, III
118.8, 1478, 1, FS, III
118.8, 1886, 2, FS, V
118.9, 1061, 1, RS, V
118.9, 1066, 1, RS, V
118.9, 1070, 1, RS, V
118.9, 1088, 1, RS, V
118.9, 1486, 1, FS, III
118.9, 1498, 1, FS, III
118.9, 2657, 3, FS, V
119, 1049, 1, RS, V
119, 1124, 1, FS, V
119, 1129, 1, FS, V
119, 1490, 1, FS, III
119, 1933, 2, IB, V
119, 1934, 2, IB, V
119.1, 370, 0, FS, V
119.1, 415, 0, IB, V
119.1, 1083, 1, RS, V
119.1, 1089, 1, RS, V
119.1, 1093, 1, RS, V
119.1, 1111, 1, FS, V
119.1, 1113, 1, FS, V
119.1, 1127, 1, FS, V
119.1, 1132, 1, FS, V
119.1, 1142, 1, FS, V
119.1, 1474, 1, FS, III
119.1, 1479, 1, FS, III
119.1, 1483, 1, FS, III
119.1, 1876, 2, FS, V
119.1, 1884, 2, FS, V
119.1, 1888, 2, FS, V
119.1, 1893, 2, FS, V
119.1, 1907, 2, FS, V
119.2, 345, 0, FS, V
119.2, 363, 0, FS, V
119.2, 419, 0, IB, V
119.2, 1046, 1, RS, V
119.2, 1047, 1, RS, V
119.2, 1094, 1, RS, V
119.2, 1098, 1, RS, V
119.2, 1115, 1, FS, V
119.2, 1130, 1, FS, V
119.2, 1140, 1, FS, V
119.2, 1517, 1, LTS, III
119.2, 1875, 2, FS, V
119.2, 1877, 2, FS, V
119.2, 1883, 2, FS, V
119.3, 344, 0, FS, V
119.3, 349, 0, FS, V
119.3, 352, 0, FS, V
119.3, 358, 0, FS, V
119.3, 371, 0, FS, V
119.3, 1038, 1, RS, V
119.3, 1040, 1, RS, V
119.3, 1067, 1, RS, V
119.3, 1105, 1, FS, V
119.3, 1119, 1, FS, V
119.3, 1121, 1, FS, V
119.3, 1128, 1, FS, V
119.3, 1131, 1, FS, V
119.3, 1135, 1, FS, V
119.3, 1144, 1, FS, V
119.3, 1149, 1, FS, V
119.3, 1171, 1, IB, V
119.3, 1295, 1, LTS, IV
119.3, 1902, 2, FS, V
119.4, 350, 0, FS, V
119.4, 353, 0, FS, V
119.4, 354, 0, FS, V
119.4, 360, 0, FS, V
119.4, 376, 0, FS, V
119.4, 385, 0, FS, V
119.4, 1035, 1, RS, V
119.4, 1036, 1, RS, V
119.4, 1072, 1, RS, V
119.4, 1079, 1, RS, V
119.4, 1112, 1, FS, V
119.4, 1120, 1, FS, V
119.4, 1136, 1, FS, V
119.4, 1143, 1, FS, V
119.4, 1145, 1, FS, V
119.4, 1146, 1, FS, V
119.4, 1191, 1, IB, V
119.4, 1192, 1, IB, V
119.4, 1484, 1, FS, III
119.4, 1511, 1, LTS, III
119.4, 1870, 2, FS, V
119.4, 1871, 2, FS, V
119.4, 1874, 2, FS, V
119.4, 2664, 3, FS, V
119.5, 364, 0, FS, V
119.5, 384, 0, FS, V
119.5, 430, 0, IB, V
119.5, 1037, 1, RS, V
119.5, 1050, 1, RS, V
119.5, 1092, 1, RS, V
119.5, 1099, 1, RS, V
119.5, 1107, 1, FS, V
119.5, 1108, 1, FS, V
119.5, 1117, 1, FS, V
119.5, 1126, 1, FS, V
119.5, 1141, 1, FS, V
119.5, 1147, 1, FS, V
119.5, 1482, 1, FS, III
119.5, 1520, 1, LTS, III
119.5, 1872, 2, FS, V
119.5, 1878, 2, FS, V
119.5, 1897, 2, FS, V
119.6, 351, 0, FS, V
119.6, 359, 0, FS, V
119.6, 361, 0, FS, V
119.6, 362, 0, FS, V
119.6, 387, 0, FS, V
119.6, 388, 0, FS, V
119.6, 1042, 1, RS, V
119.6, 1043, 1, RS, V
119.6, 1044, 1, RS, V
119.6, 1048, 1, RS, V
119.6, 1055, 1, RS, V
119.6, 1058, 1, RS, V
119.6, 1071, 1, RS, V
119.6, 1076, 1, RS, V
119.6, 1085, 1, RS, V
119.6, 1097, 1, RS, V
119.6, 1101, 1, RS, V
119.6, 1102, 1, RS, V
119.6, 1116, 1, FS, V
119.6, 1138, 1, FS, V
119.6, 1184, 1, IB, V
119.6, 1493, 1, FS, III
119.6, 1892, 2, FS, V
119.6, 1894, 2, FS, V
119.6, 1899, 2, FS, V
119.6, 1904, 2, FS, V
119.6, 1908, 2, FS, V
119.6, 1909, 2, FS, V
119.6, 2663, 3, FS, V
119.7, 367, 0, FS, V
119.7, 373, 0, FS, V
119.7, 374, 0, FS, V
119.7, 1045, 1, RS, V
119.7, 1057, 1, RS, V
119.7, 1069, 1, RS, V
119.7, 1084, 1, RS, V
119.7, 1090, 1, RS, V
119.7, 1106, 1, FS, V
119.7, 1114, 1, FS, V
119.7, 1134, 1, FS, V
119.7, 1170, 1, IB, V
119.7, 1176, 1, IB, V
119.7, 1182, 1, IB, V
119.7, 1481, 1, FS, III
119.7, 1485, 1, FS, III
119.7, 1497, 1, FS, III
119.7, 1882, 2, FS, V
119.7, 1896, 2, FS, V
119.7, 2640, 3, FS, V
119.8, 368, 0, FS, V
119.8, 377, 0, FS, V
119.8, 380, 0, FS, V
119.8, 383, 0, FS, V
119.8, 417, 0, IB, V
119.8, 1041, 1, RS, V
119.8, 1052, 1, RS, V
119.8, 1075, 1, RS, V
119.8, 1082, 1, RS, V
119.8, 1087, 1, RS, V
119.8, 1100, 1, RS, V
119.8, 1122, 1, FS, V
119.8, 1125, 1, FS, V
119.8, 1177, 1, IB, V
119.8, 1178, 1, IB, V
119.8, 1183, 1, IB, V
119.8, 1504, 1, FS, III
119.8, 1866, 2, FS, V
119.8, 1946, 2, IB, V
119.8, 2652, 3, FS, V
119.9, 379, 0, FS, V
119.9, 1039, 1, RS, V
119.9, 1059, 1, RS, V
119.9, 1080, 1, RS, V
119.9, 1086, 1, RS, V
119.9, 1096, 1, RS, V
119.9, 1109, 1, FS, V
119.9, 1174, 1, IB, V
119.9, 1487, 1, FS, III
119.9, 1491, 1, FS, III
120, 365, 0, FS, V
120, 381, 0, FS, V
120, 1060, 1, RS, V
120, 1062, 1, RS, V
120, 1077, 1, RS, V
120, 1091, 1, RS, V
120, 1095, 1, RS, V
120, 1110, 1, FS, V
120, 1123, 1, FS, V
120, 1133, 1, FS, V
120, 1148, 1, FS, V
120, 1172, 1, IB, V
120, 1179, 1, IB, V
120, 1189, 1, IB, V
120, 1473, 1, FS, III
120, 1880, 2, FS, V
120, 1885, 2, FS, V
120, 2659, 3, FS, V
120.1, 375, 0, FS, V
120.1, 1068, 1, RS, V
120.1, 1168, 1, IB, V
120.1, 1175, 1, IB, V
120.1, 1873, 2, FS, V
120.1, 1898, 2, FS, V
120.1, 1905, 2, FS, V
120.1, 2629, 3, FS, V
120.2, 382, 0, FS, V
120.2, 827, 1, RS, VI
120.2, 836, 1, RS, VI
120.2, 1065, 1, RS, V
120.2, 1169, 1, IB, V
120.2, 1187, 1, IB, V
120.2, 1869, 2, FS, V
120.2, 1881, 2, FS, V
120.2, 2632, 3, FS, V
120.3, 1053, 1, RS, V
120.3, 1103, 1, RS, V
120.3, 1139, 1, FS, V
120.3, 1180, 1, IB, V
120.3, 1186, 1, IB, V
120.3, 1471, 1, FS, III
120.3, 1496, 1, FS, III
120.3, 2650, 3, FS, V
120.4, 348, 0, FS, V
120.4, 416, 0, IB, V
120.4, 1034, 1, RS, V
120.4, 1064, 1, RS, V
120.4, 1074, 1, RS, V
120.4, 1078, 1, RS, V
120.4, 1081, 1, RS, V
120.4, 1166, 1, IB, V
120.4, 1167, 1, IB, V
120.4, 1181, 1, IB, V
120.4, 1185, 1, IB, V
120.4, 2630, 3, FS, V
120.4, 2645, 3, FS, V
120.5, 407, 0, IB, V
120.5, 801, 1, RS, VI
120.5, 1173, 1, IB, V
120.5, 1302, 1, LTS, IV
120.5, 1502, 1, FS, III
120.6, 1033, 1, RS, V
120.6, 1104, 1, RS, V
120.6, 1515, 1, LTS, III
120.6, 1938, 2, IB, V
120.6, 2653, 3, FS, V
120.7, 1501, 1, FS, III
120.8, 957, 1, RS, VI
120.8, 1188, 1, IB, V
120.8, 1190, 1, IB, V
120.8, 1926, 2, IB, V
120.8, 2651, 3, FS, V
120.8, 2660, 3, FS, V
120.9, 1165, 1, IB, V
120.9, 1468, 1, FS, III
121, 1118, 1, FS, V
121, 1297, 1, LTS, IV
121, 3446, 4, LTS, V
121.1, 1901, 2, FS, V
121.2, 930, 1, RS, VI
121.2, 1477, 1, FS, III
121.2, 1488, 1, FS, III
121.2, 2643, 3, FS, V
121.2, 2666, 3, FS, V
121.3, 797, 1, RS, VI
121.3, 1470, 1, FS, III
121.3, 2638, 3, FS, V
121.4, 425, 0, IB, V
121.4, 1425, 1, RS, III
121.5, 1310, 1, RS, III
121.5, 1467, 1, FS, III
121.5, 1476, 1, FS, III
121.5, 2647, 3, FS, V
121.6, 800, 1, RS, VI
121.6, 1137, 1, FS, V
121.6, 1301, 1, LTS, IV
121.6, 1489, 1, FS, III
121.7, 1472, 1, FS, III
121.7, 1494, 1, FS, III
121.7, 2642, 3, FS, V
121.7, 2662, 3, FS, V
121.8, 409, 0, IB, V
121.8, 1492, 1, FS, III
121.8, 2636, 3, FS, V
121.8, 2657, 3, FS, V
121.9, 1124, 1, FS, V
121.9, 1129, 1, FS, V
122, 1111, 1, FS, V
122, 1113, 1, FS, V
122, 1127, 1, FS, V
122, 1132, 1, FS, V
122, 1142, 1, FS, V
122.1, 406, 0, IB, V
122.1, 1115, 1, FS, V
122.1, 1130, 1, FS, V
122.1, 1140, 1, FS, V
122.1, 1306, 1, LTS, IV
122.2, 1105, 1, FS, V
122.2, 1119, 1, FS, V
122.2, 1121, 1, FS, V
122.2, 1128, 1, FS, V
122.2, 1131, 1, FS, V
122.2, 1135, 1, FS, V
122.2, 1144, 1, FS, V
122.2, 1149, 1, FS, V
122.2, 1513, 1, LTS, III
122.2, 2646, 3, FS, V
122.3, 421, 0, IB, V
122.3, 1112, 1, FS, V
122.3, 1120, 1, FS, V
122.3, 1136, 1, FS, V
122.3, 1143, 1, FS, V
122.3, 1145, 1, FS, V
122.3, 1146, 1, FS, V
122.4, 1107, 1, FS, V
122.4, 1108, 1, FS, V
122.4, 1117, 1, FS, V
122.4, 1126, 1, FS, V
122.4, 1141, 1, FS, V
122.4, 1147, 1, FS, V
122.4, 1300, 1, LTS, IV
122.4, 2627, 3, FS, V
122.4, 2673, 3, LTS, V
122.5, 927, 1, RS, VI
122.5, 1116, 1, FS, V
122.5, 1138, 1, FS, V
122.5, 2664, 3, FS, V
122.5, 2669, 3, FS, V
122.6, 1106, 1, FS, V
122.6, 1114, 1, FS, V
122.6, 1134, 1, FS, V
122.6, 1499, 1, FS, III
122.7, 763, 1, RS, VI
122.7, 766, 1, RS, VI
122.7, 1122, 1, FS, V
122.7, 1125, 1, FS, V
122.7, 1171, 1, IB, V
122.7, 2663, 3, FS, V
122.7, 2670, 3, FS, V
122.8, 908, 1, RS, VI
122.8, 1109, 1, FS, V
122.8, 1191, 1, IB, V
122.8, 1192, 1, IB, V
122.8, 2637, 3, FS, V
122.9, 1110, 1, FS, V
122.9, 1123, 1, FS, V
122.9, 1133, 1, FS, V
122.9, 1148, 1, FS, V
122.9, 1299, 1, LTS, IV
122.9, 1303, 1, LTS, IV
123, 1184, 1, IB, V
123, 1305, 1, LTS, IV
123, 2655, 3, FS, V
123, 2667, 3, FS, V
123.1, 1170, 1, IB, V
123.1, 1176, 1, IB, V
123.1, 1182, 1, IB, V
123.1, 1294, 1, LTS, IV
123.2, 1139, 1, FS, V
123.2, 1177, 1, IB, V
123.2, 1178, 1, IB, V
123.2, 1183, 1, IB, V
123.3, 1174, 1, IB, V
123.3, 2628, 3, FS, V
123.3, 2659, 3, FS, V
123.4, 1172, 1, IB, V
123.4, 1179, 1, IB, V
123.4, 1189, 1, IB, V
123.4, 1296, 1, LTS, IV
123.5, 951, 1, RS, VI
123.5, 1168, 1, IB, V
123.5, 1175, 1, IB, V
123.5, 2648, 3, FS, V
123.6, 761, 1, RS, VI
123.6, 839, 1, RS, VI
123.6, 893, 1, RS, VI
123.6, 932, 1, RS, VI
123.6, 1169, 1, IB, V
123.6, 1187, 1, IB, V
123.6, 1486, 1, FS, III
123.6, 1501, 1, FS, III
123.7, 1180, 1, IB, V
123.7, 1186, 1, IB, V
123.7, 2634, 3, FS, V
123.8, 787, 1, RS, VI
123.8, 1166, 1, IB, V
123.8, 1167, 1, IB, V
123.8, 1181, 1, IB, V
123.8, 1185, 1, IB, V
123.8, 1506, 1, LTS, III
123.9, 770, 1, RS, VI
123.9, 1118, 1, FS, V
123.9, 1173, 1, IB, V
123.9, 1483, 1, FS, III
124, 942, 1, RS, VI
124, 1517, 1, LTS, III
124.1, 985, 1, RS, VI
124.1, 1295, 1, LTS, IV
124.1, 1488, 1, FS, III
124.2, 807, 1, RS, VI
124.2, 1188, 1, IB, V
124.2, 1190, 1, IB, V
124.2, 1511, 1, LTS, III
124.2, 2633, 3, FS, V
124.3, 945, 1, RS, VI
124.3, 1165, 1, IB, V
124.3, 1470, 1, FS, III
124.3, 1520, 1, LTS, III
124.3, 2632, 3, FS, V
124.4, 1467, 1, FS, III
124.5, 776, 1, RS, VI
124.5, 870, 1, RS, VI
124.5, 1137, 1, FS, V
124.6, 783, 1, RS, VI
124.7, 1298, 1, LTS, IV
124.7, 1304, 1, LTS, IV
124.8, 983, 1, RS, VI
124.8, 1051, 1, RS, V
124.8, 1124, 1, FS, V
124.8, 1129, 1, FS, V
124.8, 1477, 1, FS, III
124.8, 2668, 3, FS, V
124.9, 900, 1, RS, VI
124.9, 916, 1, RS, VI
124.9, 1056, 1, RS, V
124.9, 1111, 1, FS, V
124.9, 1113, 1, FS, V
124.9, 1127, 1, FS, V
124.9, 1132, 1, FS, V
124.9, 1142, 1, FS, V
124.9, 1886, 2, FS, V
125, 1054, 1, RS, V
125, 1063, 1, RS, V
125, 1073, 1, RS, V
125, 1115, 1, FS, V
125, 1130, 1, FS, V
125, 1140, 1, FS, V
125, 1498, 1, FS, III
125.1, 778, 1, RS, VI
125.1, 929, 1, RS, VI
125.1, 984, 1, RS, VI
125.1, 1105, 1, FS, V
125.1, 1119, 1, FS, V
125.1, 1121, 1, FS, V
125.1, 1128, 1, FS, V
125.1, 1131, 1, FS, V
125.1, 1135, 1, FS, V
125.1, 1144, 1, FS, V
125.1, 1149, 1, FS, V
125.1, 1447, 1, RS, III
125.2, 878, 1, RS, VI
125.2, 1061, 1, RS, V
125.2, 1066, 1, RS, V
125.2, 1070, 1, RS, V
125.2, 1088, 1, RS, V
125.2, 1112, 1, FS, V
125.2, 1120, 1, FS, V
125.2, 1136, 1, FS, V
125.2, 1143, 1, FS, V
125.2, 1145, 1, FS, V
125.2, 1146, 1, FS, V
125.3, 1049, 1, RS, V
125.3, 1107, 1, FS, V
125.3, 1108, 1, FS, V
125.3, 1117, 1, FS, V
125.3, 1141, 1, FS, V
125.3, 1147, 1, FS, V
125.3, 1302, 1, LTS, IV
125.4, 815, 1, RS, VI
125.4, 1083, 1, RS, V
125.4, 1089, 1, RS, V
125.4, 1093, 1, RS, V
125.4, 1116, 1, FS, V
125.4, 1138, 1, FS, V
125.4, 1515, 1, LTS, III
125.5, 869, 1, RS, VI
125.5, 974, 1, RS, VI
125.5, 991, 1, RS, VI
125.5, 1046, 1, RS, V
125.5, 1047, 1, RS, V
125.5, 1094, 1, RS, V
125.5, 1098, 1, RS, V
125.5, 1106, 1, FS, V
125.5, 1114, 1, FS, V
125.5, 1134, 1, FS, V
125.6, 371, 0, FS, V
125.6, 1038, 1, RS, V
125.6, 1040, 1, RS, V
125.6, 1067, 1, RS, V
125.6, 1125, 1, FS, V
125.7, 865, 1, RS, VI
125.7, 938, 1, RS, VI
125.7, 1035, 1, RS, V
125.7, 1036, 1, RS, V
125.7, 1072, 1, RS, V
125.7, 1079, 1, RS, V
125.7, 1109, 1, FS, V
125.7, 1388, 1, RS, III
125.8, 1037, 1, RS, V
125.8, 1050, 1, RS, V
125.8, 1092, 1, RS, V
125.8, 1099, 1, RS, V
125.8, 1123, 1, FS, V
125.8, 1133, 1, FS, V
125.8, 1297, 1, LTS, IV
125.8, 1898, 2, FS, V
125.8, 2649, 3, FS, V
125.9, 911, 1, RS, VI
125.9, 923, 1, RS, VI
125.9, 1042, 1, RS, V
125.9, 1043, 1, RS, V
125.9, 1044, 1, RS, V
125.9, 1048, 1, RS, V
125.9, 1055, 1, RS, V
125.9, 1058, 1, RS, V
125.9, 1071, 1, RS, V
125.9, 1076, 1, RS, V
125.9, 1085, 1, RS, V
125.9, 1097, 1, RS, V
125.9, 1101, 1, RS, V
125.9, 1102, 1, RS, V
125.9, 1385, 1, RS, III
125.9, 1476, 1, FS, III
126, 1045, 1, RS, V
126, 1057, 1, RS, V
126, 1069, 1, RS, V
126, 1084, 1, RS, V
126, 1090, 1, RS, V
126, 1877, 2, FS, V
126, 1902, 2, FS, V
126.1, 1041, 1, RS, V
126.1, 1052, 1, RS, V
126.1, 1075, 1, RS, V
126.1, 1082, 1, RS, V
126.1, 1087, 1, RS, V
126.1, 1100, 1, RS, V
126.1, 1139, 1, FS, V
126.1, 1171, 1, IB, V
126.2, 848, 1, RS, VI
126.2, 1039, 1, RS, V
126.2, 1059, 1, RS, V
126.2, 1080, 1, RS, V
126.2, 1086, 1, RS, V
126.2, 1096, 1, RS, V
126.2, 1148, 1, FS, V
126.2, 1191, 1, IB, V
126.2, 1192, 1, IB, V
126.3, 1060, 1, RS, V
126.3, 1062, 1, RS, V
126.3, 1077, 1, RS, V
126.3, 1091, 1, RS, V
126.3, 1095, 1, RS, V
126.4, 1068, 1, RS, V
126.4, 1126, 1, FS, V
126.4, 1184, 1, IB, V
126.4, 1301, 1, LTS, IV
126.5, 1065, 1, RS, V
126.5, 1170, 1, IB, V
126.5, 1176, 1, IB, V
126.5, 1182, 1, IB, V
126.5, 1478, 1, FS, III
126.6, 828, 1, RS, VI
126.6, 838, 1, RS, VI
126.6, 1053, 1, RS, V
126.6, 1103, 1, RS, V
126.6, 1177, 1, IB, V
126.6, 1178, 1, IB, V
126.6, 1183, 1, IB, V
126.7, 944, 1, RS, VI
126.7, 992, 1, RS, VI
126.7, 1034, 1, RS, V
126.7, 1064, 1, RS, V
126.7, 1074, 1, RS, V
126.7, 1078, 1, RS, V
126.7, 1081, 1, RS, V
126.7, 1174, 1, IB, V
126.8, 799, 1, RS, VI
126.8, 1172, 1, IB, V
126.8, 1179, 1, IB, V
126.8, 1189, 1, IB, V
126.8, 1893, 2, FS, V
126.9, 875, 1, RS, VI
126.9, 1033, 1, RS, V
126.9, 1104, 1, RS, V
126.9, 1168, 1, IB, V
126.9, 1175, 1, IB, V
126.9, 1306, 1, LTS, IV
127, 814, 1, RS, VI
127, 859, 1, RS, VI
127, 915, 1, RS, VI
127, 936, 1, RS, VI
127, 1169, 1, IB, V
127, 1187, 1, IB, V
127.1, 348, 0, FS, V
127.1, 845, 1, RS, VI
127.1, 977, 1, RS, VI
127.1, 1180, 1, IB, V
127.1, 1186, 1, IB, V
127.2, 808, 1, RS, VI
127.2, 1166, 1, IB, V
127.2, 1167, 1, IB, V
127.2, 1181, 1, IB, V
127.2, 1185, 1, IB, V
127.2, 1300, 1, LTS, IV
127.3, 887, 1, RS, VI
127.3, 965, 1, RS, VI
127.3, 1173, 1, IB, V
127.4, 1137, 1, FS, V
127.4, 1433, 1, RS, III
127.6, 785, 1, RS, VI
127.6, 969, 1, RS, VI
127.6, 1188, 1, IB, V
127.6, 1190, 1, IB, V
127.7, 349, 0, FS, V
127.7, 385, 0, FS, V
127.7, 840, 1, RS, VI
127.7, 913, 1, RS, VI
127.7, 931, 1, RS, VI
127.7, 986, 1, RS, VI
127.7, 1124, 1, FS, V
127.7, 1129, 1, FS, V
127.7, 1165, 1, IB, V
127.7, 1299, 1, LTS, IV
127.7, 1303, 1, LTS, IV
127.8, 805, 1, RS, VI
127.8, 952, 1, RS, VI
127.8, 953, 1, RS, VI
127.8, 1111, 1, FS, V
127.8, 1113, 1, FS, V
127.8, 1127, 1, FS, V
127.8, 1132, 1, FS, V
127.8, 1142, 1, FS, V
127.9, 344, 0, FS, V
127.9, 934, 1, RS, VI
127.9, 979, 1, RS, VI
127.9, 1115, 1, FS, V
127.9, 1130, 1, FS, V
127.9, 1140, 1, FS, V
127.9, 1866, 2, FS, V
127.9, 1882, 2, FS, V
128, 367, 0, FS, V
128, 370, 0, FS, V
128, 794, 1, RS, VI
128, 1105, 1, FS, V
128, 1119, 1, FS, V
128, 1121, 1, FS, V
128, 1128, 1, FS, V
128, 1131, 1, FS, V
128, 1135, 1, FS, V
128, 1144, 1, FS, V
128, 1149, 1, FS, V
128, 1886, 2, FS, V
128.1, 851, 1, RS, VI
128.1, 925, 1, RS, VI
128.1, 1112, 1, FS, V
128.1, 1120, 1, FS, V
128.1, 1122, 1, FS, V
128.1, 1136, 1, FS, V
128.1, 1143, 1, FS, V
128.1, 1145, 1, FS, V
128.1, 1146, 1, FS, V
128.2, 1107, 1, FS, V
128.2, 1108, 1, FS, V
128.2, 1117, 1, FS, V
128.2, 1141, 1, FS, V
128.2, 1147, 1, FS, V
128.2, 1296, 1, LTS, IV
128.3, 819, 1, RS, VI
128.3, 1116, 1, FS, V
128.3, 1138, 1, FS, V
128.3, 1305, 1, LTS, IV
128.3, 1436, 1, RS, III
128.4, 387, 0, FS, V
128.4, 788, 1, RS, VI
128.4, 1106, 1, FS, V
128.4, 1114, 1, FS, V
128.4, 1134, 1, FS, V
128.4, 1780, 2, LTS, VI
128.5, 371, 0, FS, V
128.5, 377, 0, FS, V
128.5, 826, 1, RS, VI
128.5, 1125, 1, FS, V
128.6, 780, 1, RS, VI
128.6, 837, 1, RS, VI
128.6, 1002, 1, FS, VI
128.6, 1109, 1, FS, V
128.6, 1899, 2, FS, V
128.7, 345, 0, FS, V
128.7, 1123, 1, FS, V
128.7, 1133, 1, FS, V
128.7, 1898, 2, FS, V
128.8, 894, 1, RS, VI
128.8, 1294, 1, LTS, IV
128.8, 1896, 2, FS, V
128.9, 360, 0, FS, V
128.9, 382, 0, FS, V
128.9, 1118, 1, FS, V
128.9, 1295, 1, LTS, IV
128.9, 1877, 2, FS, V
128.9, 1902, 2, FS, V
128.9, 1909, 2, FS, V
129, 359, 0, FS, V
129, 376, 0, FS, V
129, 921, 1, RS, VI
129, 1139, 1, FS, V
129.1, 353, 0, FS, V
129.1, 364, 0, FS, V
129.1, 375, 0, FS, V
129.1, 1148, 1, FS, V
129.1, 1890, 2, FS, V
129.2, 902, 1, RS, VI
129.2, 905, 1, RS, VI
129.2, 958, 1, RS, VI
129.2, 1110, 1, FS, V
129.2, 1511, 1, LTS, III
129.2, 1872, 2, FS, V
129.2, 1888, 2, FS, V
129.3, 350, 0, FS, V
129.3, 379, 0, FS, V
129.3, 773, 1, RS, VI
129.3, 1126, 1, FS, V
129.3, 1869, 2, FS, V
129.3, 1874, 2, FS, V
129.3, 1878, 2, FS, V
129.3, 1880, 2, FS, V
129.3, 1884, 2, FS, V
129.3, 1894, 2, FS, V
129.3, 1905, 2, FS, V
129.4, 362, 0, FS, V
129.4, 369, 0, FS, V
129.4, 882, 1, RS, VI
129.5, 864, 1, RS, VI
129.5, 935, 1, RS, VI
129.5, 947, 1, RS, VI
129.5, 1171, 1, IB, V
129.5, 1298, 1, LTS, IV
129.5, 1467, 1, FS, III
129.5, 1876, 2, FS, V
129.5, 1881, 2, FS, V
129.5, 1906, 2, FS, V
129.6, 355, 0, FS, V
129.6, 384, 0, FS, V
129.6, 910, 1, RS, VI
129.6, 1191, 1, IB, V
129.6, 1192, 1, IB, V
129.6, 1520, 1, LTS, III
129.6, 1867, 2, FS, V
129.6, 1870, 2, FS, V
129.6, 1901, 2, FS, V
129.7, 354, 0, FS, V
129.7, 380, 0, FS, V
129.7, 768, 1, RS, VI
129.7, 884, 1, RS, VI
129.7, 966, 1, RS, VI
129.7, 1893, 2, FS, V
129.7, 1897, 2, FS, V
129.8, 352, 0, FS, V
129.8, 365, 0, FS, V
129.8, 1184, 1, IB, V
129.8, 1873, 2, FS, V
129.8, 1883, 2, FS, V
129.9, 358, 0, FS, V
129.9, 361, 0, FS, V
129.9, 373, 0, FS, V
129.9, 374, 0, FS, V
129.9, 383, 0, FS, V
129.9, 834, 1, RS, VI
129.9, 855, 1, RS, VI
129.9, 906, 1, RS, VI
129.9, 920, 1, RS, VI
129.9, 972, 1, RS, VI
129.9, 1031, 1, LTS, VI
129.9, 1170, 1, IB, V
129.9, 1176, 1, IB, V
129.9, 1182, 1, IB, V
129.9, 1868, 2, FS, V
129.9, 1889, 2, FS, V
129.9, 1903, 2, FS, V
130, 346, 0, FS, V
130, 348, 0, FS, V
130, 1177, 1, IB, V
130, 1178, 1, IB, V
130, 1183, 1, IB, V
130, 1879, 2, FS, V
130, 1900, 2, FS, V
130.1, 378, 0, FS, V
130.1, 817, 1, RS, VI
130.1, 1174, 1, IB, V
130.1, 1302, 1, LTS, IV
130.1, 1885, 2, FS, V
130.1, 1895, 2, FS, V
130.1, 1907, 2, FS, V
130.1, 1908, 2, FS, V
130.2, 368, 0, FS, V
130.2, 1172, 1, IB, V
130.2, 1179, 1, IB, V
130.2, 1189, 1, IB, V
130.3, 357, 0, FS, V
130.3, 381, 0, FS, V
130.3, 1137, 1, FS, V
130.3, 1175, 1, IB, V
130.4, 363, 0, FS, V
130.4, 388, 0, FS, V
130.4, 1169, 1, IB, V
130.4, 1187, 1, IB, V
130.4, 1499, 1, FS, III
130.5, 1186, 1, IB, V
130.5, 1322, 1, RS, III
130.6, 349, 0, FS, V
130.6, 356, 0, FS, V
130.6, 385, 0, FS, V
130.6, 971, 1, RS, VI
130.6, 1124, 1, FS, V
130.6, 1129, 1, FS, V
130.6, 1166, 1, IB, V
130.6, 1167, 1, IB, V
130.6, 1181, 1, IB, V
130.6, 1185, 1, IB, V
130.7, 1111, 1, FS, V
130.7, 1113, 1, FS, V
130.7, 1127, 1, FS, V
130.7, 1132, 1, FS, V
130.7, 1142, 1, FS, V
130.7, 1173, 1, IB, V
130.7, 1470, 1, FS, III
130.7, 1891, 2, FS, V
130.8, 344, 0, FS, V
130.8, 386, 0, FS, V
130.8, 846, 1, RS, VI
130.8, 1115, 1, FS, V
130.8, 1130, 1, FS, V
130.8, 1140, 1, FS, V
130.8, 1501, 1, FS, III
130.8, 1866, 2, FS, V
130.8, 1882, 2, FS, V
130.8, 1892, 2, FS, V
130.8, 1904, 2, FS, V
130.9, 351, 0, FS, V
130.9, 367, 0, FS, V
130.9, 370, 0, FS, V
130.9, 372, 0, FS, V
130.9, 1105, 1, FS, V
130.9, 1119, 1, FS, V
130.9, 1121, 1, FS, V
130.9, 1128, 1, FS, V
130.9, 1131, 1, FS, V
130.9, 1135, 1, FS, V
130.9, 1144, 1, FS, V
130.9, 1149, 1, FS, V
130.9, 1515, 1, LTS, III
130.9, 1886, 2, FS, V
131, 1112, 1, FS, V
131, 1120, 1, FS, V
131, 1122, 1, FS, V
131, 1136, 1, FS, V
131, 1143, 1, FS, V
131, 1145, 1, FS, V
131, 1146, 1, FS, V
131, 1188, 1, IB, V
131, 1190, 1, IB, V
131, 1331, 1, RS, III
131, 1887, 2, FS, V
131.1, 777, 1, RS, VI
131.1, 895, 1, RS, VI
131.1, 943, 1, RS, VI
131.1, 1024, 1, LTS, VI
131.1, 1051, 1, RS, V
131.1, 1107, 1, FS, V
131.1, 1108, 1, FS, V
131.1, 1117, 1, FS, V
131.1, 1141, 1, FS, V
131.1, 1147, 1, FS, V
131.1, 1165, 1, IB, V
131.1, 1297, 1, LTS, IV
131.2, 1008, 1, FS, VI
131.2, 1011, 1, FS, VI
131.2, 1116, 1, FS, V
131.2, 1138, 1, FS, V
131.2, 1301, 1, LTS, IV
131.2, 1304, 1, LTS, IV
131.2, 1875, 2, FS, V
131.3, 366, 0, FS, V
131.3, 387, 0, FS, V
131.3, 843, 1, RS, VI
131.3, 995, 1, FS, VI
131.3, 1054, 1, RS, V
131.3, 1063, 1, RS, V
131.3, 1073, 1, RS, V
131.3, 1106, 1, FS, V
131.3, 1114, 1, FS, V
131.3, 1134, 1, FS, V
131.3, 1519, 1, LTS, III
131.4, 371, 0, FS, V
131.4, 377, 0, FS, V
131.4, 909, 1, RS, VI
131.4, 1125, 1, FS, V
131.5, 779, 1, RS, VI
131.5, 994, 1, FS, VI
131.5, 1066, 1, RS, V
131.5, 1088, 1, RS, V
131.5, 1109, 1, FS, V
131.5, 1180, 1, IB, V
131.5, 1899, 2, FS, V
131.6, 345, 0, FS, V
131.6, 955, 1, RS, VI
131.6, 1049, 1, RS, V
131.6, 1123, 1, FS, V
131.6, 1133, 1, FS, V
131.6, 1477, 1, FS, III
131.6, 1898, 2, FS, V
131.7, 816, 1, RS, VI
131.7, 1025, 1, LTS, VI
131.7, 1029, 1, LTS, VI
131.7, 1083, 1, RS, V
131.7, 1089, 1, RS, V
131.7, 1306, 1, LTS, IV
131.7, 1453, 1, RS, III
131.7, 1507, 1, LTS, III
131.7, 1896, 2, FS, V
131.8, 258, 0, LTS, VI
131.8, 360, 0, FS, V
131.8, 382, 0, FS, V
131.8, 818, 1, RS, VI
131.8, 898, 1, RS, VI
131.8, 981, 1, RS, VI
131.8, 1047, 1, RS, V
131.8, 1094, 1, RS, V
131.8, 1118, 1, FS, V
131.8, 1877, 2, FS, V
131.8, 1902, 2, FS, V
131.8, 1909, 2, FS, V
131.9, 359, 0, FS, V
131.9, 376, 0, FS, V
131.9, 1139, 1, FS, V
131.9, 1910, 2, FS, V
132, 353, 0, FS, V
132, 364, 0, FS, V
132, 375, 0, FS, V
132, 862, 1, RS, VI
132, 1035, 1, RS, V
132, 1036, 1, RS, V
132, 1072, 1, RS, V
132, 1148, 1, FS, V
132, 1300, 1, LTS, IV
132, 1505, 1, LTS, III
132, 1890, 2, FS, V
132.1, 968, 1, RS, VI
132.1, 1016, 1, FS, VI
132.1, 1037, 1, RS, V
132.1, 1050, 1, RS, V
132.1, 1092, 1, RS, V
132.1, 1110, 1, FS, V
132.1, 1442, 1, RS, III
132.1, 1488, 1, FS, III
132.1, 1872, 2, FS, V
132.1, 1888, 2, FS, V
132.2, 350, 0, FS, V
132.2, 379, 0, FS, V
132.2, 1043, 1, RS, V
132.2, 1058, 1, RS, V
132.2, 1071, 1, RS, V
132.2, 1076, 1, RS, V
132.2, 1085, 1, RS, V
132.2, 1097, 1, RS, V
132.2, 1101, 1, RS, V
132.2, 1126, 1, FS, V
132.2, 1376, 1, RS, III
132.2, 1502, 1, FS, III
132.2, 1869, 2, FS, V
132.2, 1874, 2, FS, V
132.2, 1878, 2, FS, V
132.2, 1880, 2, FS, V
132.2, 1884, 2, FS, V
132.2, 1894, 2, FS, V
132.2, 1905, 2, FS, V
132.3, 362, 0, FS, V
132.3, 369, 0, FS, V
132.3, 1005, 1, FS, VI
132.3, 1057, 1, RS, V
132.3, 1090, 1, RS, V
132.4, 347, 0, FS, V
132.4, 829, 1, RS, VI
132.4, 1052, 1, RS, V
132.4, 1075, 1, RS, V
132.4, 1082, 1, RS, V
132.4, 1467, 1, FS, III
132.4, 1876, 2, FS, V
132.4, 1881, 2, FS, V
132.4, 1906, 2, FS, V
132.5, 355, 0, FS, V
132.5, 384, 0, FS, V
132.5, 795, 1, RS, VI
132.5, 883, 1, RS, VI
132.5, 939, 1, RS, VI
132.5, 1039, 1, RS, V
132.5, 1096, 1, RS, V
132.5, 1299, 1, LTS, IV
132.5, 1303, 1, LTS, IV
132.5, 1483, 1, FS, III
132.5, 1867, 2, FS, V
132.5, 1870, 2, FS, V
132.5, 1901, 2, FS, V
132.5, 2664, 3, FS, V
132.6, 354, 0, FS, V
132.6, 380, 0, FS, V
132.6, 772, 1, RS, VI
132.6, 775, 1, RS, VI
132.6, 1003, 1, FS, VI
132.6, 1091, 1, RS, V
132.6, 1095, 1, RS, V
132.6, 1893, 2, FS, V
132.6, 1897, 2, FS, V
132.7, 352, 0, FS, V
132.7, 365, 0, FS, V
132.7, 1019, 1, LTS, VI
132.7, 1068, 1, RS, V
132.7, 1513, 1, LTS, III
132.7, 1873, 2, FS, V
132.7, 1883, 2, FS, V
132.8, 358, 0, FS, V
132.8, 361, 0, FS, V
132.8, 373, 0, FS, V
132.8, 374, 0, FS, V
132.8, 383, 0, FS, V
132.8, 844, 1, RS, VI
132.8, 854, 1, RS, VI
132.8, 937, 1, RS, VI
132.8, 1065, 1, RS, V
132.8, 1395, 1, RS, III
132.8, 1491, 1, FS, III
132.8, 1514, 1, LTS, III
132.8, 1516, 1, LTS, III
132.8, 1868, 2, FS, V
132.8, 1903, 2, FS, V
132.9, 346, 0, FS, V
132.9, 348, 0, FS, V
132.9, 1171, 1, IB, V
132.9, 1879, 2, FS, V
132.9, 1889, 2, FS, V
132.9, 1900, 2, FS, V
133, 378, 0, FS, V
133, 1191, 1, IB, V
133, 1192, 1, IB, V
133, 1296, 1, LTS, IV
133, 1885, 2, FS, V
133, 1908, 2, FS, V
133.1, 368, 0, FS, V
133.1, 919, 1, RS, VI
133.1, 922, 1, RS, VI
133.1, 976, 1, RS, VI
133.1, 1305, 1, LTS, IV
133.2, 381, 0, FS, V
133.2, 822, 1, RS, VI
133.2, 1137, 1, FS, V
133.2, 1471, 1, FS, III
133.2, 2659, 3, FS, V
133.3, 782, 1, RS, VI
133.3, 793, 1, RS, VI
133.3, 899, 1, RS, VI
133.3, 1002, 1, FS, VI
133.3, 1170, 1, IB, V
133.3, 1176, 1, IB, V
133.3, 1182, 1, IB, V
133.3, 1478, 1, FS, III
133.4, 1026, 1, LTS, VI
133.4, 1177, 1, IB, V
133.4, 1178, 1, IB, V
133.4, 1183, 1, IB, V
133.4, 1895, 2, FS, V
133.4, 1907, 2, FS, V
133.5, 349, 0, FS, V
133.5, 385, 0, FS, V
133.5, 388, 0, FS, V
133.5, 876, 1, RS, VI
133.5, 1124, 1, FS, V
133.5, 1129, 1, FS, V
133.5, 1174, 1, IB, V
133.5, 1330, 1, RS, III
133.5, 1484, 1, FS, III
133.6, 1087, 1, RS, V
133.6, 1111, 1, FS, V
133.6, 1113, 1, FS, V
133.6, 1127, 1, FS, V
133.6, 1132, 1, FS, V
133.6, 1142, 1, FS, V
133.6, 1189, 1, IB, V
133.6, 1294, 1, LTS, IV
133.7, 344, 0, FS, V
133.7, 767, 1, RS, VI
133.7, 841, 1, RS, VI
133.7, 1115, 1, FS, V
133.7, 1130, 1, FS, V
133.7, 1140, 1, FS, V
133.7, 1295, 1, LTS, IV
133.7, 1321, 1, RS, III
133.7, 1866, 2, FS, V
133.7, 1882, 2, FS, V
133.8, 367, 0, FS, V
133.8, 370, 0, FS, V
133.8, 1105, 1, FS, V
133.8, 1119, 1, FS, V
133.8, 1121, 1, FS, V
133.8, 1128, 1, FS, V
133.8, 1131, 1, FS, V
133.8, 1135, 1, FS, V
133.8, 1144, 1, FS, V
133.8, 1149, 1, FS, V
133.8, 1169, 1, IB, V
133.8, 1175, 1, IB, V
133.8, 1886, 2, FS, V
133.9, 860, 1, RS, VI
133.9, 1112, 1, FS, V
133.9, 1120, 1, FS, V
133.9, 1122, 1, FS, V
133.9, 1136, 1, FS, V
133.9, 1143, 1, FS, V
133.9, 1145, 1, FS, V
133.9, 1146, 1, FS, V
133.9, 1186, 1, IB, V
134, 830, 1, RS, VI
134, 1001, 1, FS, VI
134, 1107, 1, FS, V
134, 1108, 1, FS, V
134, 1117, 1, FS, V
134, 1141, 1, FS, V
134, 1147, 1, FS, V
134, 1166, 1, IB, V
134, 1167, 1, IB, V
134, 1181, 1, IB, V
134, 1377, 1, RS, III
134, 1510, 1, LTS, III
134, 1511, 1, LTS, III
134.1, 832, 1, RS, VI
134.1, 1116, 1, FS, V
134.1, 1138, 1, FS, V
134.1, 1173, 1, IB, V
134.1, 1474, 1, FS, III
134.2, 387, 0, FS, V
134.2, 763, 1, RS, VI
134.2, 850, 1, RS, VI
134.2, 1106, 1, FS, V
134.2, 1114, 1, FS, V
134.2, 1134, 1, FS, V
134.3, 363, 0, FS, V
134.3, 371, 0, FS, V
134.3, 377, 0, FS, V
134.3, 1125, 1, FS, V
134.4, 1109, 1, FS, V
134.4, 1190, 1, IB, V
134.4, 1520, 1, LTS, III
134.4, 1899, 2, FS, V
134.4, 3794, 4, LTS, III
134.5, 345, 0, FS, V
134.5, 1123, 1, FS, V
134.5, 1133, 1, FS, V
134.5, 1165, 1, IB, V
134.5, 1323, 1, RS, III
134.5, 1898, 2, FS, V
134.6, 1436, 1, RS, III
134.6, 1896, 2, FS, V
134.6, 2632, 3, FS, V
134.7, 360, 0, FS, V
134.7, 382, 0, FS, V
134.7, 1021, 1, LTS, VI
134.7, 1118, 1, FS, V
134.7, 1877, 2, FS, V
134.7, 1902, 2, FS, V
134.7, 1909, 2, FS, V
134.8, 1139, 1, FS, V
134.8, 1310, 1, RS, III
134.8, 1433, 1, RS, III
134.9, 810, 1, RS, VI
134.9, 1148, 1, FS, V
134.9, 1298, 1, LTS, IV
134.9, 1302, 1, LTS, IV
134.9, 1890, 2, FS, V
135, 353, 0, FS, V
135, 376, 0, FS, V
135, 1110, 1, FS, V
135.1, 1126, 1, FS, V
135.1, 1504, 1, FS, III
135.1, 1869, 2, FS, V
135.1, 1880, 2, FS, V
135.1, 1894, 2, FS, V
135.1, 1905, 2, FS, V
135.2, 362, 0, FS, V
135.3, 867, 1, RS, VI
135.3, 1017, 1, LTS, VI
135.4, 1014, 1, FS, VI
135.5, 379, 0, FS, V
135.5, 1893, 2, FS, V
135.5, 2664, 3, FS, V
135.6, 359, 0, FS, V
135.6, 364, 0, FS, V
135.6, 375, 0, FS, V
135.6, 1475, 1, FS, III
135.7, 1307, 1, RS, III
135.7, 1878, 2, FS, V
135.7, 2663, 3, FS, V
135.9, 348, 0, FS, V
135.9, 1876, 2, FS, V
136, 1023, 1, LTS, VI
136, 3584, 4, LTS, IV
136.1, 985, 1, RS, VI
136.1, 1137, 1, FS, V
136.2, 1188, 1, IB, V
136.2, 1362, 1, RS, III
136.2, 1888, 2, FS, V
136.3, 996, 1, FS, VI
136.3, 1032, 1, LTS, VI
136.3, 2543, 3, LTS, VI
136.4, 349, 0, FS, V
136.4, 988, 1, RS, VI
136.4, 1124, 1, FS, V
136.4, 1129, 1, FS, V
136.4, 1191, 1, IB, V
136.4, 1192, 1, IB, V
136.4, 2659, 3, FS, V
136.5, 384, 0, FS, V
136.5, 866, 1, RS, VI
136.5, 1111, 1, FS, V
136.5, 1113, 1, FS, V
136.5, 1127, 1, FS, V
136.5, 1132, 1, FS, V
136.5, 1142, 1, FS, V
136.5, 2647, 3, FS, V
136.6, 1115, 1, FS, V
136.6, 1130, 1, FS, V
136.6, 1140, 1, FS, V
136.6, 1763, 2, FS, VI
136.6, 1882, 2, FS, V
136.6, 2653, 3, FS, V
136.7, 354, 0, FS, V
136.7, 1105, 1, FS, V
136.7, 1119, 1, FS, V
136.7, 1121, 1, FS, V
136.7, 1128, 1, FS, V
136.7, 1131, 1, FS, V
136.7, 1135, 1, FS, V
136.7, 1144, 1, FS, V
136.7, 1149, 1, FS, V
136.7, 1170, 1, IB, V
136.7, 1182, 1, IB, V
136.7, 1313, 1, RS, III
136.7, 1872, 2, FS, V
136.7, 1886, 2, FS, V
136.7, 2629, 3, FS, V
136.8, 1020, 1, LTS, VI
136.8, 1112, 1, FS, V
136.8, 1120, 1, FS, V
136.8, 1122, 1, FS, V
136.8, 1136, 1, FS, V
136.8, 1143, 1, FS, V
136.8, 1145, 1, FS, V
136.8, 1146, 1, FS, V
136.8, 1178, 1, IB, V
136.8, 1322, 1, RS, III
136.9, 1107, 1, FS, V
136.9, 1108, 1, FS, V
136.9, 1117, 1, FS, V
136.9, 1141, 1, FS, V
136.9, 1147, 1, FS, V
136.9, 1174, 1, IB, V
137, 1116, 1, FS, V
137, 1138, 1, FS, V
137, 1185, 1, IB, V
137, 1189, 1, IB, V
137.1, 370, 0, FS, V
137.1, 385, 0, FS, V
137.1, 1106, 1, FS, V
137.1, 1114, 1, FS, V
137.1, 1134, 1, FS, V
137.1, 1507, 1, LTS, III
137.2, 371, 0, FS, V
137.2, 377, 0, FS, V
137.2, 1125, 1, FS, V
137.2, 1427, 1, RS, III
137.3, 246, 0, FS, VI
137.3, 386, 0, FS, V
137.3, 1109, 1, FS, V
137.3, 1186, 1, IB, V
137.3, 1324, 1, RS, III
137.3, 1866, 2, FS, V
137.3, 1881, 2, FS, V
137.3, 1899, 2, FS, V
137.4, 344, 0, FS, V
137.4, 1123, 1, FS, V
137.4, 1133, 1, FS, V
137.4, 1391, 1, RS, III
137.4, 1873, 2, FS, V
137.4, 1898, 2, FS, V
137.4, 2630, 3, FS, V
137.4, 2646, 3, FS, V
137.4, 2651, 3, FS, V
137.6, 253, 0, FS, VI
137.6, 1073, 1, RS, V
137.6, 1118, 1, FS, V
137.6, 1176, 1, IB, V
137.6, 1877, 2, FS, V
137.6, 1884, 2, FS, V
137.7, 1139, 1, FS, V
137.7, 1167, 1, IB, V
137.7, 1901, 2, FS, V
137.7, 2632, 3, FS, V
137.7, 2652, 3, FS, V
137.8, 1148, 1, FS, V
137.8, 1904, 2, FS, V
137.9, 764, 1, RS, VI
137.9, 1470, 1, FS, III
138, 1515, 1, LTS, III
138, 2657, 3, FS, V
138.2, 1902, 2, FS, V
138.3, 368, 0, FS, V
138.3, 1519, 1, LTS, III
138.4, 1381, 1, RS, III
138.4, 1906, 2, FS, V
138.4, 2640, 3, FS, V
138.4, 2642, 3, FS, V
138.5, 367, 0, FS, V
138.5, 1282, 1, FS, IV
138.6, 1304, 1, LTS, IV
138.6, 1514, 1, LTS, III
138.6, 2645, 3, FS, V
138.7, 1126, 1, FS, V
138.7, 1509, 1, LTS, III
138.7, 1893, 2, FS, V
138.7, 1905, 2, FS, V
138.7, 2662, 3, FS, V
138.7, 2664, 3, FS, V
138.9, 1896, 2, FS, V
139, 1137, 1, FS, V
139, 2627, 3, FS, V
139.3, 1124, 1, FS, V
139.3, 1129, 1, FS, V
139.3, 2659, 3, FS, V
139.3, 2663, 3, FS, V
139.4, 1111, 1, FS, V
139.4, 1113, 1, FS, V
139.4, 1127, 1, FS, V
139.4, 1132, 1, FS, V
139.4, 1142, 1, FS, V
139.4, 1366, 1, RS, III
139.5, 369, 0, FS, V
139.5, 1115, 1, FS, V
139.5, 1130, 1, FS, V
139.5, 1140, 1, FS, V
139.5, 1505, 1, LTS, III
139.6, 1105, 1, FS, V
139.6, 1119, 1, FS, V
139.6, 1121, 1, FS, V
139.6, 1128, 1, FS, V
139.6, 1131, 1, FS, V
139.6, 1135, 1, FS, V
139.6, 1144, 1, FS, V
139.6, 1149, 1, FS, V
139.6, 1497, 1, FS, III
139.6, 2666, 3, FS, V
139.7, 1112, 1, FS, V
139.7, 1120, 1, FS, V
139.7, 1143, 1, FS, V
139.7, 1145, 1, FS, V
139.7, 1146, 1, FS, V
139.7, 1521, 1, LTS, III
139.8, 1107, 1, FS, V
139.8, 1108, 1, FS, V
139.8, 1467, 1, FS, III
139.8, 2650, 3, FS, V
139.9, 387, 0, FS, V
140, 382, 0, FS, V
140.1, 371, 0, FS, V
140.1, 1306, 1, LTS, IV
140.2, 2636, 3, FS, V
140.3, 1117, 1, FS, V
140.4, 248, 0, FS, VI
140.4, 1123, 1, FS, V
140.4, 1890, 2, FS, V
140.5, 1877, 2, FS, V
140.6, 349, 0, FS, V
140.7, 1110, 1, FS, V
140.7, 1136, 1, FS, V
140.8, 2668, 3, FS, V
141, 1147, 1, FS, V
141, 2653, 3, FS, V
141, 2667, 3, FS, V
141.3, 1106, 1, FS, V
141.3, 1134, 1, FS, V
141.4, 1114, 1, FS, V
141.7, 344, 0, FS, V
141.8, 3789, 4, LTS, III
141.9, 1755, 2, FS, VI
142, 1137, 1, FS, V
142, 1898, 2, FS, V
142.2, 3581, 4, LTS, IV
142.3, 1111, 1, FS, V
142.5, 1869, 2, FS, V
142.6, 1447, 1, RS, III
143.8, 1116, 1, FS, V
144, 2269, 2, LTS, III
144.2, 2274, 2, LTS, III
144.3, 1018, 1, LTS, VI
144.4, 2064, 2, LTS, IV
144.6, 744, 0, LTS, III
145.5, 2260, 2, FS, III
145.7, 2280, 2, LTS, III
145.8, 2275, 2, LTS, III
146.2, 2270, 2, LTS, III
146.3, 534, 0, LTS, IV
146.7, 755, 0, LTS, III
146.7, 2252, 2, FS, III
146.8, 376, 0, FS, V
146.8, 748, 0, LTS, III
146.8, 1877, 2, FS, V
147, 2271, 2, LTS, III
147.1, 2823, 3, LTS, IV
147.4, 2277, 2, LTS, III
147.6, 750, 0, LTS, III
147.6, 753, 0, LTS, III
147.8, 757, 0, LTS, III
148.2, 1510, 1, LTS, III
148.3, 745, 0, LTS, III
148.4, 371, 0, FS, V
148.4, 2058, 2, LTS, IV
149.1, 537, 0, LTS, IV
149.1, 3031, 3, LTS, III
149.3, 2266, 2, LTS, III
149.4, 749, 0, LTS, III
149.5, 752, 0, LTS, III
149.8, 2819, 3, LTS, IV
150.1, 2062, 2, LTS, IV
150.6, 538, 0, LTS, IV
150.8, 2659, 3, FS, V
151.2, 544, 0, LTS, IV
151.3, 2827, 3, LTS, IV
151.7, 2281, 2, LTS, III
152.4, 3792, 4, LTS, III
152.6, 3585, 4, LTS, IV
152.8, 2820, 3, LTS, IV
152.9, 2060, 2, LTS, IV
154.4, 541, 0, LTS, IV
154.4, 2272, 2, LTS, III
154.5, 2268, 2, LTS, III
155.5, 2826, 3, LTS, IV
155.5, 3038, 3, LTS, III
156, 759, 0, LTS, III
156.3, 758, 0, LTS, III
156.8, 3032, 3, LTS, III
157, 3028, 3, LTS, III
158.6, 3033, 3, LTS, III
159.2, 3040, 3, LTS, III
159.3, 2821, 3, LTS, IV
160.9, 747, 0, LTS, III
160.9, 3301, 4, LTS, VI
165.3, 2824, 3, LTS, IV
165.4, 3027, 3, LTS, III
166.4, 2279, 2, LTS, III
166.6, 3029, 3, LTS, III
167.7, 3586, 4, LTS, IV
169.3, 1158, 1, LTS, V
169.6, 393, 0, LTS, V
169.7, 1151, 1, LTS, V
169.8, 1160, 1, LTS, V
169.8, 1924, 2, LTS, V
169.9, 402, 0, LTS, V
170.2, 1163, 1, LTS, V
170.4, 1156, 1, LTS, V
170.7, 1917, 2, LTS, V
170.9, 536, 0, LTS, IV
171, 1913, 2, LTS, V
171.1, 1152, 1, LTS, V
171.3, 1154, 1, LTS, V
171.3, 1912, 2, LTS, V
171.5, 397, 0, LTS, V
171.5, 399, 0, LTS, V
171.7, 1915, 2, LTS, V
171.9, 391, 0, LTS, V
172, 1157, 1, LTS, V
172, 1921, 2, LTS, V
172.3, 1155, 1, LTS, V
172.3, 1914, 2, LTS, V
172.4, 1164, 1, LTS, V
172.5, 1161, 1, LTS, V
172.9, 1153, 1, LTS, V
173.1, 400, 0, LTS, V
173.3, 394, 0, LTS, V
173.9, 392, 0, LTS, V
173.9, 1159, 1, LTS, V
173.9, 1916, 2, LTS, V
173.9, 1919, 2, LTS, V
174, 3043, 3, LTS, III
174.1, 395, 0, LTS, V
174.7, 396, 0, LTS, V
174.9, 1150, 1, LTS, V
175.5, 1162, 1, LTS, V
175.8, 2674, 3, LTS, V
175.9, 1826, 2, RS, V
176.3, 389, 0, LTS, V
176.4, 2679, 3, LTS, V
177.8, 1918, 2, LTS, V
178.9, 2678, 3, LTS, V
179.8, 1922, 2, LTS, V
181.1, 398, 0, LTS, V
182.4, 2682, 3, LTS, V
182.5, 2542, 3, LTS, VI
183, 2066, 2, LTS, IV
183.1, 1512, 1, LTS, III
183.2, 2148, 2, RS, III
183.6, 2685, 3, LTS, V
184.1, 2675, 3, LTS, V
184.7, 264, 0, LTS, VI
184.7, 2680, 3, LTS, V
184.8, 2684, 3, LTS, V
184.9, 390, 0, LTS, V
187.4, 403, 0, LTS, V
187.5, 1518, 1, LTS, III
187.7, 2063, 2, LTS, IV
190, 257, 0, LTS, VI
191.8, 1911, 2, LTS, V
193, 2065, 2, LTS, IV
193.6, 2057, 2, LTS, IV
195.4, 3443, 4, LTS, V
196.3, 1160, 1, LTS, V
196.6, 3582, 4, LTS, IV
197.6, 1506, 1, LTS, III
199.3, 540, 0, LTS, IV
201, 1915, 2, LTS, V
202.5, 3799, 4, LTS, III
205.4, 3303, 4, LTS, VI
206.3, 256, 0, LTS, VI
206.5, 1154, 1, LTS, V
206.5, 3648, 4, RS, III
208.2, 393, 0, LTS, V
210.5, 3795, 4, LTS, III
211.1, 1920, 2, LTS, V
212.8, 3446, 4, LTS, V
213.6, 2270, 2, LTS, III
214.7, 1509, 1, LTS, III
215.9, 1790, 2, LTS, VI
216.1, 1516, 1, LTS, III
216.4, 3316, 4, RS, V
216.5, 2277, 2, LTS, III
216.5, 2540, 3, LTS, VI
217.2, 2564, 3, RS, V
217.6, 1158, 1, LTS, V
217.7, 751, 0, LTS, III
221.8, 397, 0, LTS, V
223.3, 1151, 1, LTS, V
223.7, 402, 0, LTS, V
223.7, 2747, 3, RS, IV
224.1, 3030, 3, LTS, III
224.8, 3379, 4, RS, V
226.8, 2816, 3, LTS, IV
227, 2060, 2, LTS, IV
227.9, 2676, 3, LTS, V
228.3, 3042, 3, LTS, III
229, 2820, 3, LTS, IV
230.2, 3300, 4, LTS, VI
233.6, 2886, 3, RS, III
234.5, 1161, 1, LTS, V
237.4, 1780, 2, LTS, VI
238, 1163, 1, LTS, V
238.7, 755, 0, LTS, III
239, 2823, 3, LTS, IV
239.3, 749, 0, LTS, III
239.4, 1782, 2, LTS, VI
239.8, 2313, 3, RS, VI
240.3, 3793, 4, LTS, III
242.7, 1831, 2, RS, V
245, 3437, 4, LTS, V
246.9, 3434, 4, LTS, V
248.4, 1021, 1, LTS, VI
248.6, 3304, 4, LTS, VI
249.2, 537, 0, LTS, IV
249.5, 3038, 3, LTS, III
251.2, 165, 0, RS, VI
251.9, 2266, 2, LTS, III
253, 3589, 4, LTS, IV
253.4, 1781, 2, LTS, VI
253.6, 1864, 2, RS, V
254.3, 1298, 1, LTS, IV
254.6, 3581, 4, LTS, IV
254.7, 2714, 3, IB, V
256.3, 1913, 2, LTS, V
259.7, 1820, 2, RS, V
263.7, 395, 0, LTS, V
263.7, 3801, 4, LTS, III
263.8, 1917, 2, LTS, V
263.8, 2685, 3, LTS, V
264.9, 1510, 1, LTS, III
266.5, 2673, 3, LTS, V
267.7, 1792, 2, LTS, VI
267.9, 2553, 3, LTS, VI
268.6, 542, 0, LTS, IV
269.8, 544, 0, LTS, IV
269.9, 3032, 3, LTS, III
270.6, 3034, 3, LTS, III
272.4, 2621, 3, RS, V
273.9, 2058, 2, LTS, IV
274.3, 2780, 3, RS, IV
274.9, 2545, 3, LTS, VI
276.9, 3792, 4, LTS, III
278.5, 952, 1, RS, VI
280, 1915, 2, LTS, V
280, 2825, 3, LTS, IV
280.4, 3794, 4, LTS, III
283.2, 2821, 3, LTS, IV
283.4, 3031, 3, LTS, III
283.7, 748, 0, LTS, III
287.1, 2543, 3, LTS, VI
288, 393, 0, LTS, V
288.2, 750, 0, LTS, III
288.4, 1250, 1, RS, IV
290.3, 1160, 1, LTS, V
290.5, 2062, 2, LTS, IV
292.8, 1303, 1, LTS, IV
293.5, 257, 0, LTS, VI
293.5, 399, 0, LTS, V
294.4, 2824, 3, LTS, IV
294.9, 2055, 2, LTS, IV
295.9, 3033, 3, LTS, III
296.9, 1921, 2, LTS, V
298.3, 1294, 1, LTS, IV
298.9, 1369, 1, RS, III
300.9, 1299, 1, LTS, IV
306, 1018, 1, LTS, VI
307.6, 2789, 3, RS, IV
307.8, 391, 0, LTS, V
308.8, 270, 0, LTS, VI
309.1, 1509, 1, LTS, III
311.6, 2130, 2, RS, III
318, 1044, 1, RS, V
318.1, 3037, 3, LTS, III
318.2, 2117, 2, RS, III
318.9, 1031, 1, LTS, VI
319.3, 2279, 2, LTS, III
320.7, 2826, 3, LTS, IV
321.9, 1154, 1, LTS, V
322.3, 2540, 3, LTS, VI
322.4, 1151, 1, LTS, V
324.4, 2678, 3, LTS, V
327.7, 256, 0, LTS, VI
328.3, 2176, 2, RS, III
329.5, 3301, 4, LTS, VI
330.2, 402, 0, LTS, V
331.5, 1862, 2, RS, V
334.4, 1786, 2, LTS, VI
334.6, 953, 1, RS, VI
334.9, 1833, 2, RS, V
335.4, 1779, 2, LTS, VI
335.5, 1932, 2, IB, V
335.7, 3302, 4, LTS, VI
335.8, 1842, 2, RS, V
336.1, 3584, 4, LTS, IV
338.9, 259, 0, LTS, VI
339.1, 3307, 4, LTS, VI
339.6, 2820, 3, LTS, IV
340.3, 1818, 2, RS, V
342.5, 417, 0, IB, V
344.1, 540, 0, LTS, IV
344.8, 2281, 2, LTS, III
344.8, 3793, 4, LTS, III
346.2, 2060, 2, LTS, IV
346.7, 2266, 2, LTS, III
348.6, 2270, 2, LTS, III
349.1, 3088, 4, RS, VI
350.7, 1935, 2, IB, V
350.8, 2680, 3, LTS, V
351.5, 2272, 2, LTS, III
352.4, 3042, 3, LTS, III
352.9, 3436, 4, LTS, V
353.3, 2271, 2, LTS, III
355.2, 2349, 3, RS, VI
357, 3582, 4, LTS, IV
357.2, 1304, 1, LTS, IV
357.9, 3586, 4, LTS, IV
358.7, 1912, 2, LTS, V
361.8, 3578, 4, LTS, IV
362.6, 1518, 1, LTS, III
363.3, 2825, 3, LTS, IV
363.7, 1158, 1, LTS, V
364.3, 3799, 4, LTS, III
365, 3038, 3, LTS, III
368.6, 269, 0, LTS, VI
369, 757, 0, LTS, III
369.4, 2821, 3, LTS, IV
370.4, 1511, 1, LTS, III
371.9, 3580, 4, LTS, IV
372.5, 2619, 3, RS, V
372.8, 2552, 3, LTS, VI
373.1, 2277, 2, LTS, III
375.3, 2064, 2, LTS, IV
376.6, 1781, 2, LTS, VI
377.6, 1603, 2, RS, VI
377.8, 1299, 1, LTS, IV
378.3, 755, 0, LTS, III
379.1, 545, 0, LTS, IV
380.4, 3437, 4, LTS, V
381.3, 3792, 4, LTS, III
384.1, 263, 0, LTS, VI
387, 3033, 3, LTS, III
387.1, 542, 0, LTS, IV
389.6, 399, 0, LTS, V
389.9, 393, 0, LTS, V
390.6, 2676, 3, LTS, V
390.9, 544, 0, LTS, IV
393, 3441, 4, LTS, V
393.9, 3109, 4, RS, VI
401.3, 3794, 4, LTS, III
403.5, 3031, 3, LTS, III
404.7, 3518, 4, RS, IV
406.1, 2124, 2, RS, III
406.4, 3434, 4, LTS, V
407.5, 2059, 2, LTS, IV
409.1, 1785, 2, LTS, VI
409.4, 3581, 4, LTS, IV
412.3, 1635, 2, RS, VI
412.5, 1782, 2, LTS, VI
415.9, 1051, 1, RS, V
416.1, 1154, 1, LTS, V
419.2, 1516, 1, LTS, III
421, 2281, 2, LTS, III
421.4, 1032, 1, LTS, VI
422.4, 1779, 2, LTS, VI
422.6, 750, 0, LTS, III
424.2, 3101, 4, RS, VI
426, 537, 0, LTS, IV
426, 1021, 1, LTS, VI
426.4, 397, 0, LTS, V
426.7, 1510, 1, LTS, III
427.2, 2675, 3, LTS, V
428.3, 1295, 1, LTS, IV
428.8, 3039, 3, LTS, III
429.4, 1305, 1, LTS, IV
430.6, 1914, 2, LTS, V
432.2, 1163, 1, LTS, V
433.6, 2267, 2, LTS, III
436.7, 2816, 3, LTS, IV
437.1, 1780, 2, LTS, VI
440.6, 757, 0, LTS, III
443.4, 3362, 4, RS, V
446, 258, 0, LTS, VI
449.7, 1921, 2, LTS, V
454, 2060, 2, LTS, IV
454.3, 749, 0, LTS, III
456.3, 2823, 3, LTS, IV
460.3, 3793, 4, LTS, III
461.9, 1301, 1, LTS, IV
463.1, 306, 0, RS, V
464.1, 1023, 1, LTS, VI
464.4, 1018, 1, LTS, VI
464.5, 2271, 2, LTS, III
465.5, 3184, 4, RS, VI
467.3, 2270, 2, LTS, III
468.5, 2278, 2, LTS, III
469, 3523, 4, RS, IV
469.1, 270, 0, LTS, VI
469.3, 1294, 1, LTS, IV
470.8, 2825, 3, LTS, IV
473.9, 1915, 2, LTS, V
474.3, 543, 0, LTS, IV
474.6, 1019, 1, LTS, VI
474.9, 1020, 1, LTS, VI
476.2, 1024, 1, LTS, VI
478.3, 1298, 1, LTS, IV
478.4, 2389, 3, RS, VI
480.6, 3300, 4, LTS, VI
480.9, 3626, 4, RS, III
481.6, 3794, 4, LTS, III
482.6, 3033, 3, LTS, III
485.4, 1506, 1, LTS, III
486, 3304, 4, LTS, VI
487.6, 538, 0, LTS, IV
487.7, 2819, 3, LTS, IV
490.4, 3588, 4, LTS, IV
491.6, 748, 0, LTS, III
494.3, 3792, 4, LTS, III
496, 2682, 3, LTS, V
497.8, 3436, 4, LTS, V
498.5, 2066, 2, LTS, IV
498.6, 2272, 2, LTS, III
500.7, 1917, 2, LTS, V
500.8, 3584, 4, LTS, IV
501.5, 393, 0, LTS, V
502.1, 3443, 4, LTS, V
505.2, 3301, 4, LTS, VI
508, 257, 0, LTS, VI
509, 759, 0, LTS, III
509.7, 3582, 4, LTS, IV
510.7, 1792, 2, LTS, VI
511.8, 2541, 3, LTS, VI
514, 260, 0, LTS, VI
514.8, 2821, 3, LTS, IV
514.9, 1779, 2, LTS, VI
517.6, 1160, 1, LTS, V
521.9, 1509, 1, LTS, III
522.9, 1518, 1, LTS, III
528.8, 540, 0, LTS, IV
532.1, 3042, 3, LTS, III
532.5, 271, 0, LTS, VI
532.7, 757, 0, LTS, III
533.4, 1629, 2, RS, VI
535.5, 2059, 2, LTS, IV
536.3, 258, 0, LTS, VI
537.5, 1018, 1, LTS, VI
537.9, 1317, 1, RS, III
539, 3031, 3, LTS, III
540.2, 259, 0, LTS, VI
540.5, 1511, 1, LTS, III
540.9, 1921, 2, LTS, V
541.1, 3441, 4, LTS, V
542.6, 2060, 2, LTS, IV
543.2, 1303, 1, LTS, IV
544.6, 3586, 4, LTS, IV
545, 1810, 2, RS, V
545.5, 3303, 4, LTS, VI
549.1, 2269, 2, LTS, III
551.6, 1299, 1, LTS, IV
552, 2823, 3, LTS, IV
554, 2277, 2, LTS, III
556, 3799, 4, LTS, III
556.8, 1154, 1, LTS, V
557, 1780, 2, LTS, VI
561.2, 744, 0, LTS, III
561.4, 3446, 4, LTS, V
566.8, 256, 0, LTS, VI
566.9, 3585, 4, LTS, IV
567.8, 747, 0, LTS, III
569.4, 3801, 4, LTS, III
570.1, 402, 0, LTS, V
573, 2064, 2, LTS, IV
573.7, 3257, 4, RS, VI
574.8, 745, 0, LTS, III
577.3, 3309, 4, LTS, VI
577.8, 2058, 2, LTS, IV
581.5, 2820, 3, LTS, IV
582.4, 537, 0, LTS, IV
582.5, 1304, 1, LTS, IV
582.7, 1924, 2, LTS, V
583.5, 2543, 3, LTS, VI
583.9, 1298, 1, LTS, IV
584, 2279, 2, LTS, III
586.7, 1305, 1, LTS, IV
591.9, 1516, 1, LTS, III
594.1, 3437, 4, LTS, V
595, 262, 0, LTS, VI
598.7, 3040, 3, LTS, III
599, 2821, 3, LTS, IV
600.8, 2552, 3, LTS, VI
602.6, 2682, 3, LTS, V
602.7, 3582, 4, LTS, IV
610.3, 3584, 4, LTS, IV
611.8, 396, 0, LTS, V
613.9, 2673, 3, LTS, V
614.3, 3027, 3, LTS, III
614.9, 3434, 4, LTS, V
615.6, 1163, 1, LTS, V
616.8, 2513, 3, RS, VI
619.5, 748, 0, LTS, III
621.5, 399, 0, LTS, V
622.2, 3580, 4, LTS, IV
624.1, 2540, 3, LTS, VI
625.7, 257, 0, LTS, VI
625.7, 1792, 2, LTS, VI
626.1, 1785, 2, LTS, VI
626.3, 1018, 1, LTS, VI
628.3, 3031, 3, LTS, III
629.4, 1914, 2, LTS, V
630.3, 3788, 4, LTS, III
631.5, 394, 0, LTS, V
632.1, 2685, 3, LTS, V
633, 1306, 1, LTS, IV
633.6, 1921, 2, LTS, V
635, 538, 0, LTS, IV
635.8, 3300, 4, LTS, VI
637.6, 3792, 4, LTS, III
637.8, 2280, 2, LTS, III
639.8, 1021, 1, LTS, VI
640.4, 2272, 2, LTS, III
640.8, 2065, 2, LTS, IV
642, 809, 1, RS, VI
642.1, 1160, 1, LTS, V
642.2, 2270, 2, LTS, III
644, 1506, 1, LTS, III
644.2, 2067, 2, LTS, IV
644.8, 2064, 2, LTS, IV
647.9, 1303, 1, LTS, IV
647.9, 1518, 1, LTS, III
651.6, 260, 0, LTS, VI
652, 2276, 2, LTS, III
652.6, 1153, 1, LTS, V
653.9, 258, 0, LTS, VI
653.9, 2266, 2, LTS, III
654.4, 750, 0, LTS, III
658.3, 1863, 2, RS, V
659.2, 2539, 3, LTS, VI
662.2, 1019, 1, LTS, VI
667, 1912, 2, LTS, V
671.6, 1782, 2, LTS, VI
672.2, 1784, 2, LTS, VI
673.5, 2542, 3, LTS, VI
676.1, 2825, 3, LTS, IV
677.1, 2676, 3, LTS, V
677.7, 3033, 3, LTS, III
678.7, 3038, 3, LTS, III
679, 3587, 4, LTS, IV
682, 1299, 1, LTS, IV
684.1, 402, 0, LTS, V
685.9, 2823, 3, LTS, IV
687.7, 1020, 1, LTS, VI
689.7, 2824, 3, LTS, IV
690, 3301, 4, LTS, VI
691.8, 390, 0, LTS, V
691.9, 749, 0, LTS, III
694.2, 2673, 3, LTS, V
694.9, 1156, 1, LTS, V
695.6, 533, 0, LTS, IV
697, 540, 0, LTS, IV
698.3, 1520, 1, LTS, III
699.5, 2821, 3, LTS, IV
700.7, 312, 0, RS, V
701.7, 3302, 4, LTS, VI
702, 393, 0, LTS, V
702.3, 2060, 2, LTS, IV
705.1, 755, 0, LTS, III
705.6, 3437, 4, LTS, V
706.6, 1511, 1, LTS, III
709.9, 543, 0, LTS, IV
712.3, 1510, 1, LTS, III
713.8, 1509, 1, LTS, III
714.2, 3799, 4, LTS, III
715, 1024, 1, LTS, VI
715, 3040, 3, LTS, III
717.8, 3801, 4, LTS, III
718.1, 1298, 1, LTS, IV
718.8, 536, 0, LTS, IV
719.2, 2216, 2, RS, III
719.2, 2269, 2, LTS, III
719.9, 2062, 2, LTS, IV
720.4, 1158, 1, LTS, V
721.3, 545, 0, LTS, IV
722.1, 3588, 4, LTS, IV
723.1, 1780, 2, LTS, VI
726.3, 1779, 2, LTS, VI
726.8, 2680, 3, LTS, V
727.8, 2546, 3, LTS, VI
729.2, 1302, 1, LTS, IV
732.4, 3031, 3, LTS, III
733, 2540, 3, LTS, VI
733.9, 399, 0, LTS, V
736.3, 1678, 2, RS, VI
736.5, 2059, 2, LTS, IV
738.4, 3030, 3, LTS, III
741.2, 2682, 3, LTS, V
742.4, 649, 0, RS, III
742.5, 2819, 3, LTS, IV
742.9, 3581, 4, LTS, IV
743.6, 256, 0, LTS, VI
743.8, 1018, 1, LTS, VI
746, 1301, 1, LTS, IV
746.9, 3307, 4, LTS, VI
748.1, 3038, 3, LTS, III
748.8, 309, 0, RS, V
755.9, 1154, 1, LTS, V
756.1, 3439, 4, LTS, V
756.5, 217, 0, RS, VI
756.7, 1031, 1, LTS, VI
756.7, 2543, 3, LTS, VI
756.9, 2541, 3, LTS, VI
757.8, 744, 0, LTS, III
759.3, 748, 0, LTS, III
760.4, 1593, 2, RS, VI
760.9, 259, 0, LTS, VI
760.9, 2676, 3, LTS, V
761, 660, 0, RS, III
763.4, 3582, 4, LTS, IV
765.1, 2277, 2, LTS, III
766.1, 755, 0, LTS, III
767.4, 212, 0, RS, VI
771.1, 1299, 1, LTS, IV
771.1, 1509, 1, LTS, III
771.3, 2683, 3, LTS, V
772.4, 402, 0, LTS, V
773.1, 1689, 2, RS, VI
775, 2056, 2, LTS, IV
775.3, 1516, 1, LTS, III
775.5, 397, 0, LTS, V
779.1, 759, 0, LTS, III
780.5, 819, 1, RS, VI
781.3, 3793, 4, LTS, III
784.2, 1155, 1, LTS, V
786.3, 2821, 3, LTS, IV
786.6, 2275, 2, LTS, III
787.3, 2066, 2, LTS, IV
787.9, 257, 0, LTS, VI
788.1, 1924, 2, LTS, V
792.2, 3301, 4, LTS, VI
792.8, 2060, 2, LTS, IV
795, 1921, 2, LTS, V
795.2, 3577, 4, LTS, IV
795.4, 3033, 3, LTS, III
797.1, 2685, 3, LTS, V
798.3, 1023, 1, LTS, VI
799.1, 757, 0, LTS, III
800.5, 3586, 4, LTS, IV
801.7, 1158, 1, LTS, V
801.9, 2270, 2, LTS, III
803.2, 1160, 1, LTS, V
805.4, 1912, 2, LTS, V
811.7, 3063, 4, RS, VI
813.5, 3314, 4, LTS, VI
815.4, 1030, 1, LTS, VI
816, 2279, 2, LTS, III
817.5, 3436, 4, LTS, V
817.8, 3788, 4, LTS, III
822.8, 750, 0, LTS, III
828.2, 270, 0, LTS, VI
830.3, 3032, 3, LTS, III
832.1, 1157, 1, LTS, V
834.4, 1915, 2, LTS, V
835, 2271, 2, LTS, III
835.7, 1302, 1, LTS, IV
836.6, 1513, 1, LTS, III
836.7, 2540, 3, LTS, VI
837.6, 3437, 4, LTS, V
838, 3799, 4, LTS, III
841.8, 1505, 1, LTS, III
842.6, 2058, 2, LTS, IV
845.1, 393, 0, LTS, V
845.9, 2064, 2, LTS, IV
847, 1506, 1, LTS, III
847.1, 540, 0, LTS, IV
851.8, 1163, 1, LTS, V
852.7, 395, 0, LTS, V
856.6, 3034, 3, LTS, III
859.3, 537, 0, LTS, IV
859.5, 2570, 3, RS, V
859.9, 3038, 3, LTS, III
860.1, 391, 0, LTS, V
861.5, 1784, 2, LTS, VI
864.4, 1303, 1, LTS, IV
864.6, 3300, 4, LTS, VI
865.7, 260, 0, LTS, VI
865.8, 538, 0, LTS, IV
867.3, 2673, 3, LTS, V
867.8, 3789, 4, LTS, III
867.9, 542, 0, LTS, IV
868.2, 1785, 2, LTS, VI
868.5, 2680, 3, LTS, V
869.8, 3027, 3, LTS, III
872.5, 390, 0, LTS, V
876, 3803, 4, LTS, III
876.9, 1230, 1, RS, IV
878.1, 3794, 4, LTS, III
881.1, 1301, 1, LTS, IV
881.1, 2277, 2, LTS, III
881.9, 1298, 1, LTS, IV
882.1, 3304, 4, LTS, VI
883.5, 1332, 1, RS, III
884.8, 1779, 2, LTS, VI
886.2, 2066, 2, LTS, IV
886.6, 1305, 1, LTS, IV
889.3, 1782, 2, LTS, VI
889.4, 3441, 4, LTS, V
891.6, 1918, 2, LTS, V
893.2, 2682, 3, LTS, V
894, 1791, 2, LTS, VI
896.4, 1018, 1, LTS, VI
897.6, 1182, 1, IB, V
899.9, 1520, 1, LTS, III
900.4, 399, 0, LTS, V
901.5, 1299, 1, LTS, IV
902.2, 3581, 4, LTS, IV
902.3, 755, 0, LTS, III
903.6, 2827, 3, LTS, IV
903.7, 1356, 1, RS, III
904.2, 544, 0, LTS, IV
904.7, 257, 0, LTS, VI
906.3, 3443, 4, LTS, V
907.1, 2062, 2, LTS, IV
907.9, 3801, 4, LTS, III
908.6, 1516, 1, LTS, III
909.5, 749, 0, LTS, III
910.3, 3307, 4, LTS, VI
910.7, 2368, 3, RS, VI
913.7, 284, 0, RS, V
914.1, 3434, 4, LTS, V
914.2, 3586, 4, LTS, IV
915.3, 757, 0, LTS, III
916, 1297, 1, LTS, IV
916.2, 1024, 1, LTS, VI
918.1, 2058, 2, LTS, IV
918.3, 2067, 2, LTS, IV
919, 1152, 1, LTS, V
922.2, 270, 0, LTS, VI
923.7, 2270, 2, LTS, III
924.8, 3582, 4, LTS, IV
925, 1921, 2, LTS, V
926.6, 613, 0, RS, III
926.7, 1511, 1, LTS, III
928, 1724, 2, RS, VI
928.5, 2825, 3, LTS, IV
928.7, 759, 0, LTS, III
929.1, 1510, 1, LTS, III
929.9, 3040, 3, LTS, III
931.3, 1915, 2, LTS, V
931.5, 3301, 4, LTS, VI
933.4, 3792, 4, LTS, III
934.1, 1509, 1, LTS, III
935, 2543, 3, LTS, VI
935.3, 2559, 3, RS, V
936.1, 1518, 1, LTS, III
938.3, 1631, 2, RS, VI
939, 1695, 2, RS, VI
939.5, 1780, 2, LTS, VI
940.4, 1151, 1, LTS, V
942.5, 3033, 3, LTS, III
943.7, 1917, 2, LTS, V
943.8, 3439, 4, LTS, V
946.2, 662, 0, RS, III
947.5, 430, 0, IB, V
949.7, 203, 0, RS, VI
951.3, 2271, 2, LTS, III
953.4, 1306, 1, LTS, IV
955.2, 744, 0, LTS, III
955.8, 1613, 2, RS, VI
957, 3799, 4, LTS, III
960.1, 2063, 2, LTS, IV
960.6, 748, 0, LTS, III
974.1, 1779, 2, LTS, VI
977.8, 427, 0, IB, V
978.8, 1298, 1, LTS, IV
978.8, 2826, 3, LTS, IV
981.1, 750, 0, LTS, III
981.7, 2680, 3, LTS, V
982, 2676, 3, LTS, V
982.4, 1924, 2, LTS, V
988.1, 2280, 2, LTS, III
991, 1520, 1, LTS, III
991.8, 1156, 1, LTS, V
995.2, 2540, 3, LTS, VI
995.7, 537, 0, LTS, IV
998.3, 262, 0, LTS, VI
998.7, 2062, 2, LTS, IV
999.1, 2055, 2, LTS, IV
999.1, 3034, 3, LTS, III
