10.9, 2056, 2, LTS, IV
11.9, 3313, 4, LTS, VI
12.7, 2282, 2, LTS, III
12.8, 1028, 1, LTS, VI
13.1, 1515, 1, LTS, III
13.9, 542, 0, LTS, IV
15, 1160, 1, LTS, V
15.4, 2817, 3, LTS, IV
16, 1521, 1, LTS, III
16.9, 2828, 3, LTS, IV
17.7, 1298, 1, LTS, IV
21.1, 2552, 3, LTS, VI
23.2, 1923, 2, LTS, V
23.8, 1027, 1, LTS, VI
27.3, 1306, 1, LTS, IV
27.8, 399, 0, LTS, V
32.2, 267, 0, LTS, VI
32.2, 3037, 3, LTS, III
33.6, 391, 0, LTS, V
33.8, 2277, 2, LTS, III
37.2, 3043, 3, LTS, III
37.5, 534, 0, LTS, IV
37.5, 758, 0, LTS, III
40.6, 3433, 4, LTS, V
41.6, 1514, 1, LTS, III
42.3, 2674, 3, LTS, V
42.6, 3578, 4, LTS, IV
44.5, 1303, 1, LTS, IV
48.3, 1030, 1, LTS, VI
50.9, 401, 0, LTS, V
52, 545, 0, LTS, IV
53.3, 2280, 2, LTS, III
55, 3800, 4, LTS, III
56.7, 2825, 3, LTS, IV
57, 402, 0, LTS, V
58.1, 3804, 4, LTS, III
58.7, 403, 0, LTS, V
60.2, 269, 0, LTS, VI
63.7, 2686, 3, LTS, V
66, 2055, 2, LTS, IV
70.1, 3586, 4, LTS, IV
70.3, 1295, 1, LTS, IV
71.9, 1519, 1, LTS, III
72.3, 1163, 1, LTS, V
73.2, 390, 0, LTS, V
75.3, 1512, 1, LTS, III
76.8, 3437, 4, LTS, V
77.6, 3589, 4, LTS, IV
78.5, 1925, 2, LTS, V
81.1, 1516, 1, LTS, III
82, 3798, 4, LTS, III
84.1, 2687, 3, LTS, V
86.2, 2883, 3, RS, III
86.4, 3447, 4, LTS, V
87.7, 1789, 2, LTS, VI
87.8, 584, 0, RS, III
88.5, 1846, 2, RS, V
89.8, 386, 0, LTS, V
89.8, 3041, 3, LTS, III
91, 271, 0, LTS, VI
93.6, 3580, 4, LTS, IV
101.1, 1791, 2, LTS, VI
101.5, 3036, 3, LTS, III
103.4, 3799, 4, LTS, III
103.9, 1220, 1, RS, IV
103.9, 3577, 4, LTS, IV
104, 522, 0, FS, IV
104, 1195, 1, RS, IV
104, 1207, 1, RS, IV
104.1, 1254, 1, RS, IV
104.2, 1222, 1, RS, IV
104.4, 507, 0, FS, IV
104.5, 1198, 1, RS, IV
104.6, 1204, 1, RS, IV
104.6, 1231, 1, RS, IV
104.6, 1264, 1, RS, IV
104.6, 1287, 1, FS, IV
104.7, 519, 0, FS, IV
104.7, 1114, 1, FS, V
104.7, 1217, 1, RS, IV
104.7, 1228, 1, RS, IV
104.7, 1239, 1, RS, IV
104.7, 1255, 1, RS, IV
104.7, 1278, 1, FS, IV
104.7, 1280, 1, FS, IV
104.7, 2050, 2, FS, IV
104.8, 1201, 1, RS, IV
104.8, 1221, 1, RS, IV
104.8, 1236, 1, RS, IV
104.8, 1249, 1, RS, IV
104.8, 1268, 1, FS, IV
104.9, 1110, 1, FS, V
104.9, 1272, 1, FS, IV
104.9, 2043, 2, FS, IV
105, 1115, 1, FS, V
105, 1119, 1, FS, V
105, 1130, 1, FS, V
105, 1193, 1, RS, IV
105, 1202, 1, RS, IV
105, 1250, 1, RS, IV
105, 1253, 1, RS, IV
105, 1260, 1, RS, IV
105, 1286, 1, FS, IV
105.1, 1208, 1, RS, IV
105.1, 1212, 1, RS, IV
105.1, 1216, 1, RS, IV
105.1, 1238, 1, RS, IV
105.1, 1244, 1, RS, IV
105.1, 1258, 1, RS, IV
105.1, 2808, 3, FS, IV
105.2, 1142, 1, FS, V
105.3, 1139, 1, FS, V
105.3, 1243, 1, RS, IV
105.4, 517, 0, FS, IV
105.4, 1124, 1, FS, V
105.4, 1138, 1, FS, V
105.4, 1203, 1, RS, IV
105.4, 1205, 1, RS, IV
105.4, 1213, 1, RS, IV
105.4, 1227, 1, RS, IV
105.4, 1240, 1, RS, IV
105.4, 1274, 1, FS, IV
105.5, 1113, 1, FS, V
105.5, 1120, 1, FS, V
105.5, 1121, 1, FS, V
105.5, 1199, 1, RS, IV
105.5, 1206, 1, RS, IV
105.5, 2040, 2, FS, IV
105.5, 2044, 2, FS, IV
105.6, 506, 0, FS, IV
105.6, 525, 0, FS, IV
105.6, 1230, 1, RS, IV
105.6, 1246, 1, RS, IV
105.6, 1257, 1, RS, IV
105.6, 1266, 1, FS, IV
105.6, 2045, 2, FS, IV
105.7, 1209, 1, RS, IV
105.7, 1225, 1, RS, IV
105.7, 1234, 1, RS, IV
105.7, 1245, 1, RS, IV
105.7, 1259, 1, RS, IV
105.7, 1277, 1, FS, IV
105.7, 1279, 1, FS, IV
105.7, 1281, 1, FS, IV
105.8, 1214, 1, RS, IV
105.8, 1233, 1, RS, IV
105.8, 1261, 1, RS, IV
105.8, 1262, 1, RS, IV
105.8, 2032, 2, FS, IV
105.9, 514, 0, FS, IV
105.9, 1215, 1, RS, IV
105.9, 1256, 1, RS, IV
105.9, 1289, 1, FS, IV
105.9, 2036, 2, FS, IV
105.9, 2802, 3, FS, IV
106, 521, 0, FS, IV
106, 1112, 1, FS, V
106, 1194, 1, RS, IV
106, 1218, 1, RS, IV
106, 1219, 1, RS, IV
106, 1248, 1, RS, IV
106, 1270, 1, FS, IV
106, 1288, 1, FS, IV
106, 2041, 2, FS, IV
106, 2046, 2, FS, IV
106.1, 1116, 1, FS, V
106.1, 1136, 1, FS, V
106.1, 1141, 1, FS, V
106.1, 1146, 1, FS, V
106.1, 1241, 1, RS, IV
106.1, 1252, 1, RS, IV
106.1, 1265, 1, RS, IV
106.1, 1282, 1, FS, IV
106.1, 1285, 1, FS, IV
106.2, 511, 0, FS, IV
106.2, 520, 0, FS, IV
106.2, 528, 0, FS, IV
106.2, 1197, 1, RS, IV
106.2, 1267, 1, FS, IV
106.3, 512, 0, FS, IV
106.3, 524, 0, FS, IV
106.3, 1196, 1, RS, IV
106.3, 1235, 1, RS, IV
106.3, 1237, 1, RS, IV
106.4, 1122, 1, FS, V
106.4, 1127, 1, FS, V
106.4, 1210, 1, RS, IV
106.5, 1211, 1, RS, IV
106.5, 1263, 1, RS, IV
106.5, 1269, 1, FS, IV
106.5, 1283, 1, FS, IV
106.6, 510, 0, FS, IV
106.6, 1224, 1, RS, IV
106.6, 1226, 1, RS, IV
106.6, 1273, 1, FS, IV
106.6, 1284, 1, FS, IV
106.6, 2039, 2, FS, IV
106.6, 2794, 3, FS, IV
106.7, 518, 0, FS, IV
106.7, 1133, 1, FS, V
106.7, 1200, 1, RS, IV
106.7, 2807, 3, FS, IV
106.8, 1135, 1, FS, V
106.8, 1251, 1, RS, IV
106.8, 1275, 1, FS, IV
106.8, 1276, 1, FS, IV
106.9, 1271, 1, FS, IV
107, 1242, 1, RS, IV
107.1, 2047, 2, FS, IV
107.2, 1064, 1, RS, V
107.2, 2028, 2, FS, IV
107.2, 2790, 3, FS, IV
107.3, 2034, 2, FS, IV
107.4, 1128, 1, FS, V
107.4, 1229, 1, RS, IV
107.4, 2033, 2, FS, IV
107.6, 1278, 1, FS, IV
107.6, 1280, 1, FS, IV
107.7, 1223, 1, RS, IV
107.7, 1268, 1, FS, IV
107.7, 1287, 1, FS, IV
107.8, 1247, 1, RS, IV
107.8, 1272, 1, FS, IV
107.8, 2029, 2, FS, IV
107.8, 2801, 3, FS, IV
107.9, 1117, 1, FS, V
107.9, 1286, 1, FS, IV
107.9, 2038, 2, FS, IV
108, 2031, 2, FS, IV
108, 2042, 2, FS, IV
108.2, 681, 0, RS, III
108.2, 2804, 3, FS, IV
108.3, 1274, 1, FS, IV
108.5, 506, 0, FS, IV
108.5, 513, 0, FS, IV
108.5, 1266, 1, FS, IV
108.5, 2059, 2, LTS, IV
108.6, 1277, 1, FS, IV
108.6, 1279, 1, FS, IV
108.6, 1281, 1, FS, IV
108.6, 1371, 1, RS, III
108.6, 2035, 2, FS, IV
108.6, 2044, 2, FS, IV
108.7, 1452, 1, RS, III
108.7, 1476, 1, RS, III
108.7, 1494, 1, FS, III
108.7, 1505, 1, FS, III
108.8, 514, 0, FS, IV
108.8, 1126, 1, FS, V
108.8, 1289, 1, FS, IV
108.8, 1463, 1, RS, III
108.8, 1511, 1, FS, III
108.8, 2036, 2, FS, IV
108.8, 2793, 3, FS, IV
108.9, 509, 0, FS, IV
108.9, 1270, 1, FS, IV
108.9, 1288, 1, FS, IV
108.9, 1359, 1, RS, III
108.9, 2048, 2, FS, IV
109, 1282, 1, FS, IV
109, 1285, 1, FS, IV
109, 1352, 1, RS, III
109, 1396, 1, RS, III
109, 1438, 1, RS, III
109, 1459, 1, RS, III
109.1, 511, 0, FS, IV
109.1, 520, 0, FS, IV
109.1, 1267, 1, FS, IV
109.1, 1330, 1, RS, III
109.1, 1409, 1, RS, III
109.1, 1430, 1, RS, III
109.1, 2049, 2, FS, IV
109.2, 523, 0, FS, IV
109.2, 1123, 1, FS, V
109.2, 1134, 1, FS, V
109.2, 1315, 1, RS, III
109.2, 1366, 1, RS, III
109.2, 1453, 1, RS, III
109.2, 1469, 1, RS, III
109.2, 1495, 1, FS, III
109.2, 2043, 2, FS, IV
109.3, 1314, 1, RS, III
109.3, 1368, 1, RS, III
109.3, 1387, 1, RS, III
109.3, 1407, 1, RS, III
109.3, 1472, 1, RS, III
109.3, 1490, 1, FS, III
109.3, 1496, 1, FS, III
109.4, 524, 0, FS, IV
109.4, 1269, 1, FS, IV
109.4, 1283, 1, FS, IV
109.4, 1348, 1, RS, III
109.4, 1349, 1, RS, III
109.4, 1383, 1, RS, III
109.4, 1400, 1, RS, III
109.4, 1421, 1, RS, III
109.4, 1426, 1, RS, III
109.4, 1484, 1, FS, III
109.5, 1273, 1, FS, IV
109.5, 1284, 1, FS, IV
109.5, 1309, 1, RS, III
109.5, 1328, 1, RS, III
109.5, 1358, 1, RS, III
109.5, 1360, 1, RS, III
109.5, 1361, 1, RS, III
109.5, 1363, 1, RS, III
109.5, 1377, 1, RS, III
109.5, 1412, 1, RS, III
109.5, 1423, 1, RS, III
109.5, 1434, 1, RS, III
109.5, 1457, 1, RS, III
109.5, 1477, 1, RS, III
109.6, 1295, 1, LTS, IV
109.6, 1397, 1, RS, III
109.6, 1420, 1, RS, III
109.6, 1462, 1, RS, III
109.6, 1501, 1, FS, III
109.6, 1507, 1, FS, III
109.6, 2032, 2, FS, IV
109.7, 1275, 1, FS, IV
109.7, 1276, 1, FS, IV
109.7, 1320, 1, RS, III
109.7, 1355, 1, RS, III
109.7, 1356, 1, RS, III
109.7, 1367, 1, RS, III
109.7, 1416, 1, RS, III
109.7, 1422, 1, RS, III
109.7, 1454, 1, RS, III
109.7, 1455, 1, RS, III
109.7, 1485, 1, FS, III
109.7, 1500, 1, FS, III
109.7, 2037, 2, FS, IV
109.8, 1271, 1, FS, IV
109.8, 1342, 1, RS, III
109.8, 1372, 1, RS, III
109.8, 1388, 1, RS, III
109.8, 1414, 1, RS, III
109.8, 1448, 1, RS, III
109.8, 1466, 1, RS, III
109.8, 1471, 1, RS, III
109.8, 1480, 1, FS, III
109.8, 1499, 1, FS, III
109.8, 1504, 1, FS, III
109.8, 1510, 1, FS, III
109.9, 521, 0, FS, IV
109.9, 1333, 1, RS, III
109.9, 1336, 1, RS, III
109.9, 1353, 1, RS, III
109.9, 1373, 1, RS, III
109.9, 1411, 1, RS, III
109.9, 1415, 1, RS, III
109.9, 1439, 1, RS, III
109.9, 1444, 1, RS, III
109.9, 1446, 1, RS, III
109.9, 1465, 1, RS, III
109.9, 1509, 1, FS, III
110, 1343, 1, RS, III
110, 1345, 1, RS, III
110, 1369, 1, RS, III
110, 1370, 1, RS, III
110, 1392, 1, RS, III
110, 1406, 1, RS, III
110, 1424, 1, RS, III
110, 1428, 1, RS, III
110, 1474, 1, RS, III
110, 1493, 1, FS, III
110, 1503, 1, FS, III
110.1, 518, 0, FS, IV
110.1, 1318, 1, RS, III
110.1, 1319, 1, RS, III
110.1, 1332, 1, RS, III
110.1, 1381, 1, RS, III
110.1, 1394, 1, RS, III
110.1, 1427, 1, RS, III
110.1, 1443, 1, RS, III
110.1, 1447, 1, RS, III
110.1, 1464, 1, RS, III
110.1, 1470, 1, RS, III
110.1, 1492, 1, FS, III
110.2, 510, 0, FS, IV
110.2, 1298, 1, LTS, IV
110.2, 1306, 1, LTS, IV
110.2, 1375, 1, RS, III
110.2, 1441, 1, RS, III
110.2, 1473, 1, RS, III
110.2, 1478, 1, RS, III
110.2, 1508, 1, FS, III
110.2, 2034, 2, FS, IV
110.3, 1304, 1, LTS, IV
110.3, 1317, 1, RS, III
110.3, 1354, 1, RS, III
110.3, 1410, 1, RS, III
110.3, 1419, 1, RS, III
110.3, 1433, 1, RS, III
110.3, 1486, 1, FS, III
110.3, 1487, 1, FS, III
110.3, 2039, 2, FS, IV
110.4, 1311, 1, RS, III
110.4, 1313, 1, RS, III
110.4, 1351, 1, RS, III
110.4, 1376, 1, RS, III
110.4, 1402, 1, RS, III
110.4, 1405, 1, RS, III
110.4, 1431, 1, RS, III
110.4, 1432, 1, RS, III
110.4, 1436, 1, RS, III
110.4, 1458, 1, RS, III
110.4, 1467, 1, RS, III
110.4, 1468, 1, RS, III
110.5, 516, 0, FS, IV
110.5, 1039, 1, RS, V
110.5, 1278, 1, FS, IV
110.5, 1280, 1, FS, IV
110.5, 1341, 1, RS, III
110.5, 1344, 1, RS, III
110.5, 1346, 1, RS, III
110.5, 1399, 1, RS, III
110.5, 1417, 1, RS, III
110.5, 1440, 1, RS, III
110.5, 1479, 1, FS, III
110.5, 1481, 1, FS, III
110.5, 1497, 1, FS, III
110.5, 1502, 1, FS, III
110.5, 2045, 2, FS, IV
110.6, 519, 0, FS, IV
110.6, 1268, 1, FS, IV
110.6, 1287, 1, FS, IV
110.6, 1310, 1, RS, III
110.6, 1316, 1, RS, III
110.6, 1321, 1, RS, III
110.6, 1331, 1, RS, III
110.6, 1384, 1, RS, III
110.6, 1460, 1, RS, III
110.6, 1506, 1, FS, III
110.6, 2028, 2, FS, IV
110.6, 2030, 2, FS, IV
110.7, 1272, 1, FS, IV
110.7, 1294, 1, LTS, IV
110.7, 1312, 1, RS, III
110.7, 1323, 1, RS, III
110.7, 1374, 1, RS, III
110.7, 1380, 1, RS, III
110.7, 1404, 1, RS, III
110.7, 1450, 1, RS, III
110.7, 1461, 1, RS, III
110.7, 1483, 1, FS, III
110.7, 2029, 2, FS, IV
110.7, 2278, 2, LTS, III
110.8, 1335, 1, RS, III
110.8, 1347, 1, RS, III
110.8, 1357, 1, RS, III
110.8, 1386, 1, RS, III
110.8, 1389, 1, RS, III
110.8, 1395, 1, RS, III
110.8, 1403, 1, RS, III
110.9, 1325, 1, RS, III
110.9, 1329, 1, RS, III
110.9, 1338, 1, RS, III
110.9, 1339, 1, RS, III
110.9, 1340, 1, RS, III
110.9, 1378, 1, RS, III
110.9, 1379, 1, RS, III
110.9, 1390, 1, RS, III
110.9, 1398, 1, RS, III
110.9, 1437, 1, RS, III
110.9, 3444, 4, LTS, V
111, 1442, 1, RS, III
111.1, 1401, 1, RS, III
111.1, 1429, 1, RS, III
111.1, 1482, 1, FS, III
111.1, 2797, 3, FS, IV
111.2, 1274, 1, FS, IV
111.2, 1293, 1, LTS, IV
111.2, 1413, 1, RS, III
111.2, 1445, 1, RS, III
111.2, 1449, 1, RS, III
111.2, 1456, 1, RS, III
111.3, 512, 0, FS, IV
111.3, 1307, 1, RS, III
111.3, 1350, 1, RS, III
111.3, 1451, 1, RS, III
111.5, 1279, 1, FS, IV
111.5, 1281, 1, FS, IV
111.5, 1322, 1, RS, III
111.5, 1337, 1, RS, III
111.5, 1362, 1, RS, III
111.5, 1418, 1, RS, III
111.5, 2035, 2, FS, IV
111.6, 1308, 1, RS, III
111.6, 1324, 1, RS, III
111.6, 1364, 1, RS, III
111.6, 1382, 1, RS, III
111.6, 1435, 1, RS, III
111.7, 1385, 1, RS, III
111.7, 1494, 1, FS, III
111.7, 1511, 1, FS, III
111.8, 1302, 1, LTS, IV
111.8, 1489, 1, FS, III
111.9, 1334, 1, RS, III
111.9, 1505, 1, FS, III
112, 1296, 1, LTS, IV
112, 1327, 1, RS, III
112, 2672, 3, LTS, V
112.2, 1286, 1, FS, IV
112.2, 1365, 1, RS, III
112.2, 1491, 1, FS, III
112.2, 1496, 1, FS, III
112.3, 1269, 1, FS, IV
112.3, 1291, 1, LTS, IV
112.4, 1498, 1, FS, III
112.5, 1484, 1, FS, III
112.6, 1500, 1, FS, III
112.7, 1495, 1, FS, III
112.7, 1510, 1, FS, III
112.8, 1485, 1, FS, III
112.8, 1490, 1, FS, III
112.8, 1509, 1, FS, III
112.9, 1305, 1, LTS, IV
112.9, 2159, 2, RS, III
113, 1492, 1, FS, III
113.1, 526, 0, FS, IV
113.2, 732, 0, FS, III
113.2, 1084, 1, RS, V
113.2, 1089, 1, RS, V
113.2, 1393, 1, RS, III
113.2, 1493, 1, FS, III
113.2, 1501, 1, FS, III
113.3, 750, 0, FS, III
113.3, 1079, 1, RS, V
113.3, 1186, 1, IB, V
113.3, 1487, 1, FS, III
113.3, 2254, 2, FS, III
113.4, 1051, 1, RS, V
113.4, 1088, 1, RS, V
113.4, 1092, 1, RS, V
113.4, 1098, 1, RS, V
113.4, 1099, 1, RS, V
113.4, 1170, 1, IB, V
113.4, 1178, 1, IB, V
113.4, 1182, 1, IB, V
113.4, 1326, 1, RS, III
113.5, 733, 0, FS, III
113.5, 1037, 1, RS, V
113.5, 1049, 1, RS, V
113.5, 1109, 1, RS, V
113.5, 1177, 1, IB, V
113.5, 1180, 1, IB, V
113.5, 1408, 1, RS, III
113.5, 1506, 1, FS, III
113.5, 2245, 2, FS, III
113.5, 2255, 2, FS, III
113.5, 2262, 2, FS, III
113.6, 718, 0, FS, III
113.6, 734, 0, FS, III
113.6, 1056, 1, RS, V
113.6, 1071, 1, RS, V
113.6, 1073, 1, RS, V
113.6, 1481, 1, FS, III
113.7, 720, 0, FS, III
113.7, 722, 0, FS, III
113.7, 740, 0, FS, III
113.7, 1045, 1, RS, V
113.7, 1068, 1, RS, V
113.7, 1069, 1, RS, V
113.7, 1070, 1, RS, V
113.7, 1075, 1, RS, V
113.7, 1095, 1, RS, V
113.7, 1107, 1, RS, V
113.7, 1167, 1, IB, V
113.7, 1179, 1, IB, V
113.7, 1475, 1, RS, III
113.7, 2263, 2, FS, III
113.7, 2270, 2, FS, III
113.8, 743, 0, FS, III
113.8, 1034, 1, RS, V
113.8, 1081, 1, RS, V
113.8, 1105, 1, RS, V
113.8, 1425, 1, RS, III
113.8, 1497, 1, FS, III
113.8, 2260, 2, FS, III
113.8, 2264, 2, FS, III
113.9, 723, 0, FS, III
113.9, 731, 0, FS, III
113.9, 739, 0, FS, III
113.9, 746, 0, FS, III
113.9, 1038, 1, RS, V
113.9, 1168, 1, IB, V
113.9, 1173, 1, IB, V
113.9, 1175, 1, IB, V
113.9, 1181, 1, IB, V
113.9, 1183, 1, IB, V
113.9, 2252, 2, FS, III
114, 744, 0, FS, III
114, 1036, 1, RS, V
114, 1040, 1, RS, V
114, 1046, 1, RS, V
114, 1055, 1, RS, V
114, 1057, 1, RS, V
114, 1066, 1, RS, V
114, 1074, 1, RS, V
114, 1187, 1, IB, V
114, 1483, 1, FS, III
114, 2269, 2, FS, III
114.1, 747, 0, FS, III
114.1, 1050, 1, RS, V
114.1, 1053, 1, RS, V
114.1, 1054, 1, RS, V
114.1, 1080, 1, RS, V
114.1, 1189, 1, IB, V
114.2, 719, 0, FS, III
114.2, 738, 0, FS, III
114.2, 1047, 1, RS, V
114.2, 1052, 1, RS, V
114.2, 1072, 1, RS, V
114.2, 1086, 1, RS, V
114.2, 1172, 1, IB, V
114.2, 1174, 1, IB, V
114.2, 1190, 1, IB, V
114.2, 1391, 1, RS, III
114.2, 2241, 2, FS, III
114.2, 2251, 2, FS, III
114.2, 2265, 2, FS, III
114.2, 2268, 2, FS, III
114.3, 724, 0, FS, III
114.3, 726, 0, FS, III
114.3, 729, 0, FS, III
114.3, 745, 0, FS, III
114.3, 749, 0, FS, III
114.3, 1035, 1, RS, V
114.3, 1078, 1, RS, V
114.3, 1090, 1, RS, V
114.3, 1097, 1, RS, V
114.3, 1166, 1, IB, V
114.3, 1191, 1, IB, V
114.3, 2240, 2, FS, III
114.3, 2242, 2, FS, III
114.3, 2246, 2, FS, III
114.3, 2248, 2, FS, III
114.3, 2257, 2, FS, III
114.3, 2258, 2, FS, III
114.4, 725, 0, FS, III
114.4, 727, 0, FS, III
114.4, 728, 0, FS, III
114.4, 737, 0, FS, III
114.4, 1042, 1, RS, V
114.4, 1044, 1, RS, V
114.4, 1060, 1, RS, V
114.4, 1065, 1, RS, V
114.4, 1100, 1, RS, V
114.4, 1101, 1, RS, V
114.4, 1171, 1, IB, V
114.4, 2247, 2, FS, III
114.5, 721, 0, FS, III
114.5, 736, 0, FS, III
114.5, 742, 0, FS, III
114.5, 1061, 1, RS, V
114.5, 1062, 1, RS, V
114.5, 1093, 1, RS, V
114.5, 1102, 1, RS, V
114.5, 1103, 1, RS, V
114.5, 1185, 1, IB, V
114.5, 1504, 1, FS, III
114.5, 2250, 2, FS, III
114.5, 2259, 2, FS, III
114.5, 2261, 2, FS, III
114.5, 2266, 2, FS, III
114.5, 2267, 2, FS, III
114.6, 741, 0, FS, III
114.6, 1067, 1, RS, V
114.6, 1083, 1, RS, V
114.6, 1085, 1, RS, V
114.6, 1486, 1, FS, III
114.6, 2272, 2, FS, III
114.7, 730, 0, FS, III
114.7, 735, 0, FS, III
114.7, 1043, 1, RS, V
114.7, 1059, 1, RS, V
114.7, 1076, 1, RS, V
114.7, 1082, 1, RS, V
114.7, 1091, 1, RS, V
114.7, 1096, 1, RS, V
114.7, 1108, 1, RS, V
114.7, 1176, 1, IB, V
114.7, 2256, 2, FS, III
114.7, 2271, 2, FS, III
114.8, 1104, 1, RS, V
114.8, 1192, 1, IB, V
114.8, 2244, 2, FS, III
114.9, 1058, 1, RS, V
114.9, 1063, 1, RS, V
114.9, 1087, 1, RS, V
114.9, 1371, 1, RS, III
114.9, 2249, 2, FS, III
115, 1077, 1, RS, V
115, 1094, 1, RS, V
115, 1169, 1, IB, V
115, 1452, 1, RS, III
115, 1476, 1, RS, III
115, 2243, 2, FS, III
115.1, 1033, 1, RS, V
115.1, 1048, 1, RS, V
115.1, 1188, 1, IB, V
115.1, 1463, 1, RS, III
115.2, 1106, 1, RS, V
115.2, 1184, 1, IB, V
115.2, 1359, 1, RS, III
115.3, 748, 0, FS, III
115.3, 1041, 1, RS, V
115.3, 1352, 1, RS, III
115.3, 1396, 1, RS, III
115.3, 1438, 1, RS, III
115.3, 1459, 1, RS, III
115.3, 3456, 4, IB, V
115.4, 1330, 1, RS, III
115.4, 1409, 1, RS, III
115.4, 1430, 1, RS, III
115.4, 2253, 2, FS, III
115.5, 1315, 1, RS, III
115.5, 1366, 1, RS, III
115.5, 1453, 1, RS, III
115.5, 1469, 1, RS, III
115.5, 3002, 3, FS, III
115.6, 1314, 1, RS, III
115.6, 1368, 1, RS, III
115.6, 1387, 1, RS, III
115.6, 1407, 1, RS, III
115.6, 1472, 1, RS, III
115.6, 3001, 3, FS, III
115.7, 1064, 1, RS, V
115.7, 1348, 1, RS, III
115.7, 1349, 1, RS, III
115.7, 1383, 1, RS, III
115.7, 1400, 1, RS, III
115.7, 1426, 1, RS, III
115.8, 1309, 1, RS, III
115.8, 1328, 1, RS, III
115.8, 1358, 1, RS, III
115.8, 1360, 1, RS, III
115.8, 1361, 1, RS, III
115.8, 1363, 1, RS, III
115.8, 1377, 1, RS, III
115.8, 1412, 1, RS, III
115.8, 1423, 1, RS, III
115.8, 1434, 1, RS, III
115.8, 1457, 1, RS, III
115.8, 1477, 1, RS, III
115.8, 3016, 3, FS, III
115.9, 1397, 1, RS, III
115.9, 1420, 1, RS, III
115.9, 1462, 1, RS, III
115.9, 3026, 3, FS, III
116, 1355, 1, RS, III
116, 1367, 1, RS, III
116, 1416, 1, RS, III
116, 1422, 1, RS, III
116, 1454, 1, RS, III
116, 1455, 1, RS, III
116, 3018, 3, FS, III
116.1, 732, 0, FS, III
116.1, 1342, 1, RS, III
116.1, 1372, 1, RS, III
116.1, 1388, 1, RS, III
116.1, 1414, 1, RS, III
116.1, 1466, 1, RS, III
116.1, 3033, 3, FS, III
116.2, 750, 0, FS, III
116.2, 1333, 1, RS, III
116.2, 1336, 1, RS, III
116.2, 1353, 1, RS, III
116.2, 1411, 1, RS, III
116.2, 1415, 1, RS, III
116.2, 1439, 1, RS, III
116.2, 1446, 1, RS, III
116.2, 1465, 1, RS, III
116.3, 1343, 1, RS, III
116.3, 1345, 1, RS, III
116.3, 1369, 1, RS, III
116.3, 1370, 1, RS, III
116.3, 1406, 1, RS, III
116.3, 1424, 1, RS, III
116.3, 1474, 1, RS, III
116.3, 2254, 2, FS, III
116.4, 733, 0, FS, III
116.4, 1110, 1, FS, V
116.4, 1140, 1, FS, V
116.4, 1318, 1, RS, III
116.4, 1332, 1, RS, III
116.4, 1381, 1, RS, III
116.4, 1394, 1, RS, III
116.4, 1427, 1, RS, III
116.4, 1443, 1, RS, III
116.4, 1447, 1, RS, III
116.4, 1470, 1, RS, III
116.4, 2262, 2, FS, III
116.4, 3031, 3, FS, III
116.5, 1126, 1, FS, V
116.5, 1130, 1, FS, V
116.5, 1375, 1, RS, III
116.5, 1441, 1, RS, III
116.5, 1473, 1, RS, III
116.5, 1478, 1, RS, III
116.5, 3028, 3, FS, III
116.6, 718, 0, FS, III
116.6, 722, 0, FS, III
116.6, 740, 0, FS, III
116.6, 1129, 1, FS, V
116.6, 1142, 1, FS, V
116.6, 1145, 1, FS, V
116.6, 1354, 1, RS, III
116.6, 1410, 1, RS, III
116.6, 1419, 1, RS, III
116.6, 1433, 1, RS, III
116.6, 3006, 3, FS, III
116.6, 3009, 3, FS, III
116.7, 1111, 1, FS, V
116.7, 1115, 1, FS, V
116.7, 1117, 1, FS, V
116.7, 1120, 1, FS, V
116.7, 1121, 1, FS, V
116.7, 1122, 1, FS, V
116.7, 1131, 1, FS, V
116.7, 1135, 1, FS, V
116.7, 1186, 1, IB, V
116.7, 1311, 1, RS, III
116.7, 1313, 1, RS, III
116.7, 1351, 1, RS, III
116.7, 1376, 1, RS, III
116.7, 1402, 1, RS, III
116.7, 1405, 1, RS, III
116.7, 1431, 1, RS, III
116.7, 1432, 1, RS, III
116.7, 1436, 1, RS, III
116.7, 1458, 1, RS, III
116.7, 1467, 1, RS, III
116.7, 1468, 1, RS, III
116.7, 3011, 3, FS, III
116.7, 3024, 3, FS, III
116.8, 1039, 1, RS, V
116.8, 1118, 1, FS, V
116.8, 1119, 1, FS, V
116.8, 1132, 1, FS, V
116.8, 1137, 1, FS, V
116.8, 1138, 1, FS, V
116.8, 1143, 1, FS, V
116.8, 1170, 1, IB, V
116.8, 1178, 1, IB, V
116.8, 1182, 1, IB, V
116.8, 1341, 1, RS, III
116.8, 1344, 1, RS, III
116.8, 1346, 1, RS, III
116.8, 1399, 1, RS, III
116.8, 1417, 1, RS, III
116.8, 2252, 2, FS, III
116.8, 2264, 2, FS, III
116.9, 351, 0, FS, V
116.9, 358, 0, FS, V
116.9, 374, 0, FS, V
116.9, 1116, 1, FS, V
116.9, 1124, 1, FS, V
116.9, 1128, 1, FS, V
116.9, 1133, 1, FS, V
116.9, 1136, 1, FS, V
116.9, 1144, 1, FS, V
116.9, 1177, 1, IB, V
116.9, 1180, 1, IB, V
116.9, 1310, 1, RS, III
116.9, 1321, 1, RS, III
116.9, 1331, 1, RS, III
116.9, 1508, 1, FS, III
117, 361, 0, FS, V
117, 1141, 1, FS, V
117, 1323, 1, RS, III
117, 1374, 1, RS, III
117, 1380, 1, RS, III
117, 1404, 1, RS, III
117, 1874, 2, FS, V
117, 2245, 2, FS, III
117, 3008, 3, FS, III
117, 3015, 3, FS, III
117, 3020, 3, FS, III
117.1, 357, 0, FS, V
117.1, 371, 0, FS, V
117.1, 376, 0, FS, V
117.1, 1113, 1, FS, V
117.1, 1123, 1, FS, V
117.1, 1127, 1, FS, V
117.1, 1167, 1, IB, V
117.1, 1179, 1, IB, V
117.1, 1335, 1, RS, III
117.1, 1347, 1, RS, III
117.1, 1389, 1, RS, III
117.1, 1395, 1, RS, III
117.1, 2255, 2, FS, III
117.1, 3013, 3, FS, III
117.1, 3023, 3, FS, III
117.2, 352, 0, FS, V
117.2, 363, 0, FS, V
117.2, 381, 0, FS, V
117.2, 1114, 1, FS, V
117.2, 1125, 1, FS, V
117.2, 1139, 1, FS, V
117.2, 1146, 1, FS, V
117.2, 1329, 1, RS, III
117.2, 1338, 1, RS, III
117.2, 1379, 1, RS, III
117.2, 1398, 1, RS, III
117.2, 1437, 1, RS, III
117.2, 2241, 2, FS, III
117.2, 3007, 3, FS, III
117.3, 356, 0, FS, V
117.3, 360, 0, FS, V
117.3, 377, 0, FS, V
117.3, 382, 0, FS, V
117.3, 1112, 1, FS, V
117.3, 1134, 1, FS, V
117.3, 1168, 1, IB, V
117.3, 1173, 1, IB, V
117.3, 1175, 1, IB, V
117.3, 1181, 1, IB, V
117.3, 1183, 1, IB, V
117.3, 1442, 1, RS, III
117.3, 1891, 2, FS, V
117.3, 3004, 3, FS, III
117.4, 353, 0, FS, V
117.4, 364, 0, FS, V
117.4, 734, 0, FS, III
117.4, 1187, 1, IB, V
117.4, 1871, 2, FS, V
117.4, 1878, 2, FS, V
117.4, 1885, 2, FS, V
117.4, 2268, 2, FS, III
117.4, 3014, 3, FS, III
117.4, 3021, 3, FS, III
117.4, 3025, 3, FS, III
117.4, 3030, 3, FS, III
117.5, 355, 0, FS, V
117.5, 1189, 1, IB, V
117.5, 1445, 1, RS, III
117.5, 1887, 2, FS, V
117.5, 3010, 3, FS, III
117.6, 349, 0, FS, V
117.6, 365, 0, FS, V
117.6, 366, 0, FS, V
117.6, 367, 0, FS, V
117.6, 372, 0, FS, V
117.6, 373, 0, FS, V
117.6, 1172, 1, IB, V
117.6, 1174, 1, IB, V
117.6, 1190, 1, IB, V
117.6, 1350, 1, RS, III
117.6, 1877, 2, FS, V
117.6, 1880, 2, FS, V
117.6, 1881, 2, FS, V
117.6, 1886, 2, FS, V
117.6, 1897, 2, FS, V
117.6, 1900, 2, FS, V
117.6, 3019, 3, FS, III
117.7, 354, 0, FS, V
117.7, 375, 0, FS, V
117.7, 1166, 1, IB, V
117.7, 1191, 1, IB, V
117.7, 1873, 2, FS, V
117.7, 1896, 2, FS, V
117.7, 1899, 2, FS, V
117.7, 1904, 2, FS, V
117.8, 379, 0, FS, V
117.8, 747, 0, FS, III
117.8, 1171, 1, IB, V
117.8, 1362, 1, RS, III
117.8, 1883, 2, FS, V
117.8, 1884, 2, FS, V
117.8, 1889, 2, FS, V
117.8, 1890, 2, FS, V
117.8, 1901, 2, FS, V
117.8, 1902, 2, FS, V
117.8, 3022, 3, FS, III
117.9, 368, 0, FS, V
117.9, 369, 0, FS, V
117.9, 380, 0, FS, V
117.9, 383, 0, FS, V
117.9, 1185, 1, IB, V
117.9, 1892, 2, FS, V
117.9, 1894, 2, FS, V
117.9, 1903, 2, FS, V
117.9, 1907, 2, FS, V
118, 350, 0, FS, V
118, 359, 0, FS, V
118, 370, 0, FS, V
118, 378, 0, FS, V
118, 385, 0, FS, V
118, 1385, 1, RS, III
118, 1875, 2, FS, V
118, 1882, 2, FS, V
118, 1888, 2, FS, V
118, 1895, 2, FS, V
118, 1905, 2, FS, V
118.1, 362, 0, FS, V
118.1, 384, 0, FS, V
118.1, 724, 0, FS, III
118.1, 1176, 1, IB, V
118.1, 1876, 2, FS, V
118.2, 720, 0, FS, III
118.2, 1192, 1, IB, V
118.2, 1872, 2, FS, V
118.3, 1898, 2, FS, V
118.3, 1906, 2, FS, V
118.4, 1169, 1, IB, V
118.4, 1487, 1, FS, III
118.4, 1893, 2, FS, V
118.5, 1188, 1, IB, V
118.5, 1879, 2, FS, V
118.6, 1184, 1, IB, V
118.7, 3027, 3, FS, III
118.8, 1481, 1, FS, III
118.8, 3012, 3, FS, III
118.9, 1506, 1, FS, III
119, 1491, 1, FS, III
119, 1493, 1, FS, III
119, 1507, 1, FS, III
119, 3029, 3, FS, III
119.1, 1492, 1, FS, III
119.1, 1495, 1, FS, III
119.2, 1384, 1, RS, III
119.2, 1510, 1, FS, III
119.3, 1110, 1, FS, V
119.3, 1140, 1, FS, V
119.3, 1488, 1, FS, III
119.4, 1126, 1, FS, V
119.4, 1130, 1, FS, V
119.4, 1494, 1, FS, III
119.5, 1084, 1, RS, V
119.5, 1089, 1, RS, V
119.5, 1129, 1, FS, V
119.5, 1142, 1, FS, V
119.5, 1145, 1, FS, V
119.5, 1486, 1, FS, III
119.5, 1501, 1, FS, III
119.6, 1079, 1, RS, V
119.6, 1111, 1, FS, V
119.6, 1115, 1, FS, V
119.6, 1117, 1, FS, V
119.6, 1120, 1, FS, V
119.6, 1121, 1, FS, V
119.6, 1122, 1, FS, V
119.6, 1131, 1, FS, V
119.6, 1135, 1, FS, V
119.6, 1485, 1, FS, III
119.6, 3003, 3, FS, III
119.7, 1051, 1, RS, V
119.7, 1088, 1, RS, V
119.7, 1092, 1, RS, V
119.7, 1098, 1, RS, V
119.7, 1099, 1, RS, V
119.7, 1118, 1, FS, V
119.7, 1119, 1, FS, V
119.7, 1132, 1, FS, V
119.7, 1137, 1, FS, V
119.7, 1138, 1, FS, V
119.7, 1143, 1, FS, V
119.7, 1292, 1, LTS, IV
119.7, 1403, 1, RS, III
119.7, 1497, 1, FS, III
119.7, 1520, 1, LTS, III
119.8, 351, 0, FS, V
119.8, 358, 0, FS, V
119.8, 374, 0, FS, V
119.8, 1037, 1, RS, V
119.8, 1049, 1, RS, V
119.8, 1109, 1, RS, V
119.8, 1116, 1, FS, V
119.8, 1124, 1, FS, V
119.8, 1128, 1, FS, V
119.8, 1133, 1, FS, V
119.8, 1136, 1, FS, V
119.8, 1144, 1, FS, V
119.8, 1482, 1, FS, III
119.8, 1500, 1, FS, III
119.8, 1508, 1, FS, III
119.8, 2644, 3, FS, V
119.9, 361, 0, FS, V
119.9, 1056, 1, RS, V
119.9, 1071, 1, RS, V
119.9, 1073, 1, RS, V
119.9, 1141, 1, FS, V
119.9, 1483, 1, FS, III
119.9, 1496, 1, FS, III
119.9, 1498, 1, FS, III
119.9, 1874, 2, FS, V
120, 357, 0, FS, V
120, 371, 0, FS, V
120, 376, 0, FS, V
120, 1045, 1, RS, V
120, 1068, 1, RS, V
120, 1069, 1, RS, V
120, 1070, 1, RS, V
120, 1075, 1, RS, V
120, 1095, 1, RS, V
120, 1107, 1, RS, V
120, 1113, 1, FS, V
120, 1123, 1, FS, V
120, 1127, 1, FS, V
120, 1489, 1, FS, III
120, 1490, 1, FS, III
120.1, 352, 0, FS, V
120.1, 363, 0, FS, V
120.1, 381, 0, FS, V
120.1, 1034, 1, RS, V
120.1, 1081, 1, RS, V
120.1, 1105, 1, RS, V
120.1, 1114, 1, FS, V
120.1, 1125, 1, FS, V
120.1, 1139, 1, FS, V
120.1, 1146, 1, FS, V
120.1, 1186, 1, IB, V
120.1, 1484, 1, FS, III
120.2, 356, 0, FS, V
120.2, 360, 0, FS, V
120.2, 377, 0, FS, V
120.2, 382, 0, FS, V
120.2, 1038, 1, RS, V
120.2, 1112, 1, FS, V
120.2, 1134, 1, FS, V
120.2, 1170, 1, IB, V
120.2, 1178, 1, IB, V
120.2, 1182, 1, IB, V
120.2, 1891, 2, FS, V
120.3, 353, 0, FS, V
120.3, 364, 0, FS, V
120.3, 1036, 1, RS, V
120.3, 1040, 1, RS, V
120.3, 1046, 1, RS, V
120.3, 1055, 1, RS, V
120.3, 1057, 1, RS, V
120.3, 1066, 1, RS, V
120.3, 1074, 1, RS, V
120.3, 1177, 1, IB, V
120.3, 1180, 1, IB, V
120.3, 1499, 1, FS, III
120.3, 1871, 2, FS, V
120.3, 1878, 2, FS, V
120.3, 1885, 2, FS, V
120.4, 355, 0, FS, V
120.4, 1050, 1, RS, V
120.4, 1053, 1, RS, V
120.4, 1054, 1, RS, V
120.4, 1080, 1, RS, V
120.4, 1294, 1, LTS, IV
120.4, 1502, 1, FS, III
120.4, 1887, 2, FS, V
120.5, 349, 0, FS, V
120.5, 365, 0, FS, V
120.5, 366, 0, FS, V
120.5, 367, 0, FS, V
120.5, 372, 0, FS, V
120.5, 373, 0, FS, V
120.5, 1047, 1, RS, V
120.5, 1052, 1, RS, V
120.5, 1072, 1, RS, V
120.5, 1086, 1, RS, V
120.5, 1167, 1, IB, V
120.5, 1179, 1, IB, V
120.5, 1304, 1, LTS, IV
120.5, 1505, 1, FS, III
120.5, 1509, 1, FS, III
120.5, 1877, 2, FS, V
120.5, 1880, 2, FS, V
120.5, 1881, 2, FS, V
120.5, 1886, 2, FS, V
120.5, 1897, 2, FS, V
120.5, 1900, 2, FS, V
120.5, 2657, 3, FS, V
120.5, 2664, 3, FS, V
120.6, 354, 0, FS, V
120.6, 375, 0, FS, V
120.6, 1035, 1, RS, V
120.6, 1078, 1, RS, V
120.6, 1090, 1, RS, V
120.6, 1097, 1, RS, V
120.6, 1303, 1, LTS, IV
120.6, 1873, 2, FS, V
120.6, 1896, 2, FS, V
120.6, 1899, 2, FS, V
120.6, 1904, 2, FS, V
120.7, 379, 0, FS, V
120.7, 1042, 1, RS, V
120.7, 1044, 1, RS, V
120.7, 1060, 1, RS, V
120.7, 1065, 1, RS, V
120.7, 1100, 1, RS, V
120.7, 1101, 1, RS, V
120.7, 1168, 1, IB, V
120.7, 1173, 1, IB, V
120.7, 1175, 1, IB, V
120.7, 1181, 1, IB, V
120.7, 1183, 1, IB, V
120.7, 1386, 1, RS, III
120.7, 1883, 2, FS, V
120.7, 1884, 2, FS, V
120.7, 1889, 2, FS, V
120.7, 1890, 2, FS, V
120.7, 1901, 2, FS, V
120.7, 1902, 2, FS, V
120.8, 369, 0, FS, V
120.8, 380, 0, FS, V
120.8, 383, 0, FS, V
120.8, 1061, 1, RS, V
120.8, 1062, 1, RS, V
120.8, 1093, 1, RS, V
120.8, 1102, 1, RS, V
120.8, 1103, 1, RS, V
120.8, 1187, 1, IB, V
120.8, 1480, 1, FS, III
120.8, 1892, 2, FS, V
120.8, 1894, 2, FS, V
120.8, 1903, 2, FS, V
120.8, 2654, 3, FS, V
120.8, 2660, 3, FS, V
120.9, 350, 0, FS, V
120.9, 359, 0, FS, V
120.9, 370, 0, FS, V
120.9, 378, 0, FS, V
120.9, 385, 0, FS, V
120.9, 1067, 1, RS, V
120.9, 1083, 1, RS, V
120.9, 1085, 1, RS, V
120.9, 1189, 1, IB, V
120.9, 1875, 2, FS, V
120.9, 1882, 2, FS, V
120.9, 1895, 2, FS, V
120.9, 1905, 2, FS, V
121, 362, 0, FS, V
121, 1043, 1, RS, V
121, 1059, 1, RS, V
121, 1076, 1, RS, V
121, 1082, 1, RS, V
121, 1091, 1, RS, V
121, 1096, 1, RS, V
121, 1108, 1, RS, V
121, 1172, 1, IB, V
121, 1174, 1, IB, V
121, 1190, 1, IB, V
121, 1516, 1, LTS, III
121.1, 1104, 1, RS, V
121.1, 1166, 1, IB, V
121.1, 1191, 1, IB, V
121.1, 1291, 1, LTS, IV
121.2, 1058, 1, RS, V
121.2, 1063, 1, RS, V
121.2, 1087, 1, RS, V
121.2, 1171, 1, IB, V
121.3, 1077, 1, RS, V
121.3, 1094, 1, RS, V
121.3, 1185, 1, IB, V
121.3, 1487, 1, FS, III
121.3, 2643, 3, FS, V
121.3, 2655, 3, FS, V
121.3, 2656, 3, FS, V
121.3, 2658, 3, FS, V
121.4, 1033, 1, RS, V
121.4, 1048, 1, RS, V
121.4, 3430, 4, LTS, V
121.5, 1106, 1, RS, V
121.5, 1176, 1, IB, V
121.5, 2666, 3, FS, V
121.6, 1041, 1, RS, V
121.6, 1192, 1, IB, V
121.6, 1514, 1, LTS, III
121.7, 1298, 1, LTS, IV
121.7, 1481, 1, FS, III
121.8, 1169, 1, IB, V
121.8, 1305, 1, LTS, IV
121.8, 1506, 1, FS, III
121.8, 1512, 1, LTS, III
121.8, 2662, 3, FS, V
121.8, 2668, 3, FS, V
121.9, 930, 1, RS, VI
121.9, 1188, 1, IB, V
121.9, 1491, 1, FS, III
121.9, 1493, 1, FS, III
121.9, 2637, 3, FS, V
121.9, 2647, 3, FS, V
121.9, 2649, 3, FS, V
122, 1064, 1, RS, V
122, 1184, 1, IB, V
122, 1492, 1, FS, III
122, 1495, 1, FS, III
122, 1513, 1, LTS, III
122.1, 1358, 1, RS, III
122.1, 1510, 1, FS, III
122.1, 1511, 1, FS, III
122.1, 2636, 3, FS, V
122.2, 796, 1, RS, VI
122.2, 1110, 1, FS, V
122.2, 1140, 1, FS, V
122.2, 1295, 1, LTS, IV
122.2, 1488, 1, FS, III
122.2, 2633, 3, FS, V
122.3, 421, 0, IB, V
122.3, 869, 1, RS, VI
122.3, 1126, 1, FS, V
122.3, 1130, 1, FS, V
122.4, 784, 1, RS, VI
122.4, 1129, 1, FS, V
122.4, 1142, 1, FS, V
122.4, 1145, 1, FS, V
122.4, 1486, 1, FS, III
122.4, 1501, 1, FS, III
122.5, 1111, 1, FS, V
122.5, 1115, 1, FS, V
122.5, 1117, 1, FS, V
122.5, 1120, 1, FS, V
122.5, 1121, 1, FS, V
122.5, 1122, 1, FS, V
122.5, 1131, 1, FS, V
122.5, 1135, 1, FS, V
122.5, 1485, 1, FS, III
122.5, 2659, 3, FS, V
122.5, 2661, 3, FS, V
122.6, 1118, 1, FS, V
122.6, 1119, 1, FS, V
122.6, 1132, 1, FS, V
122.6, 1137, 1, FS, V
122.6, 1138, 1, FS, V
122.6, 1143, 1, FS, V
122.6, 1494, 1, FS, III
122.6, 2639, 3, FS, V
122.7, 981, 1, RS, VI
122.7, 1116, 1, FS, V
122.7, 1124, 1, FS, V
122.7, 1128, 1, FS, V
122.7, 1133, 1, FS, V
122.7, 1136, 1, FS, V
122.7, 1144, 1, FS, V
122.7, 1508, 1, FS, III
122.7, 1521, 1, LTS, III
122.7, 2644, 3, FS, V
122.8, 1141, 1, FS, V
122.8, 1507, 1, FS, III
122.8, 2651, 3, FS, V
122.8, 3446, 4, LTS, V
122.9, 917, 1, RS, VI
122.9, 1113, 1, FS, V
122.9, 1123, 1, FS, V
122.9, 1127, 1, FS, V
122.9, 1306, 1, LTS, IV
122.9, 2632, 3, FS, V
123, 1139, 1, FS, V
123, 1146, 1, FS, V
123, 1290, 1, LTS, IV
123, 1363, 1, RS, III
123, 2640, 3, FS, V
123.1, 1039, 1, RS, V
123.1, 1112, 1, FS, V
123.1, 1125, 1, FS, V
123.1, 1134, 1, FS, V
123.2, 853, 1, RS, VI
123.2, 1114, 1, FS, V
123.2, 1297, 1, LTS, IV
123.2, 2641, 3, FS, V
123.2, 2653, 3, FS, V
123.4, 779, 1, RS, VI
123.4, 800, 1, RS, VI
123.4, 1300, 1, LTS, IV
123.5, 1186, 1, IB, V
123.5, 1394, 1, RS, III
123.6, 1170, 1, IB, V
123.6, 1178, 1, IB, V
123.6, 1182, 1, IB, V
123.7, 835, 1, RS, VI
123.7, 932, 1, RS, VI
123.7, 1177, 1, IB, V
123.7, 1180, 1, IB, V
123.7, 1500, 1, FS, III
123.8, 1301, 1, LTS, IV
123.8, 1302, 1, LTS, IV
123.9, 1167, 1, IB, V
123.9, 1179, 1, IB, V
123.9, 1478, 1, RS, III
123.9, 2657, 3, FS, V
124, 837, 1, RS, VI
124.1, 1168, 1, IB, V
124.1, 1173, 1, IB, V
124.1, 1175, 1, IB, V
124.1, 1181, 1, IB, V
124.1, 1183, 1, IB, V
124.1, 1496, 1, FS, III
124.1, 1505, 1, FS, III
124.1, 1881, 2, FS, V
124.1, 2638, 3, FS, V
124.2, 1187, 1, IB, V
124.2, 1487, 1, FS, III
124.2, 2663, 3, FS, V
124.3, 925, 1, RS, VI
124.3, 1189, 1, IB, V
124.4, 936, 1, RS, VI
124.4, 1172, 1, IB, V
124.4, 1174, 1, IB, V
124.4, 1190, 1, IB, V
124.4, 1299, 1, LTS, IV
124.5, 1166, 1, IB, V
124.5, 1191, 1, IB, V
124.5, 1292, 1, LTS, IV
124.5, 1520, 1, LTS, III
124.6, 969, 1, RS, VI
124.6, 1171, 1, IB, V
124.7, 1185, 1, IB, V
124.7, 1344, 1, RS, III
124.8, 1884, 2, FS, V
124.9, 1176, 1, IB, V
124.9, 1293, 1, LTS, IV
124.9, 1481, 1, FS, III
124.9, 1495, 1, FS, III
124.9, 2665, 3, FS, V
125, 959, 1, RS, VI
125, 1192, 1, IB, V
125, 1296, 1, LTS, IV
125.1, 839, 1, RS, VI
125.1, 1110, 1, FS, V
125.1, 1140, 1, FS, V
125.1, 1489, 1, FS, III
125.2, 878, 1, RS, VI
125.2, 916, 1, RS, VI
125.2, 1126, 1, FS, V
125.2, 1130, 1, FS, V
125.2, 1169, 1, IB, V
125.2, 1294, 1, LTS, IV
125.2, 2642, 3, FS, V
125.2, 2645, 3, FS, V
125.3, 804, 1, RS, VI
125.3, 1129, 1, FS, V
125.3, 1142, 1, FS, V
125.3, 1145, 1, FS, V
125.3, 1188, 1, IB, V
125.3, 1304, 1, LTS, IV
125.4, 942, 1, RS, VI
125.4, 1111, 1, FS, V
125.4, 1115, 1, FS, V
125.4, 1117, 1, FS, V
125.4, 1120, 1, FS, V
125.4, 1121, 1, FS, V
125.4, 1122, 1, FS, V
125.4, 1131, 1, FS, V
125.4, 1135, 1, FS, V
125.4, 1184, 1, IB, V
125.4, 1303, 1, LTS, IV
125.4, 1483, 1, FS, III
125.4, 1497, 1, FS, III
125.5, 1118, 1, FS, V
125.5, 1119, 1, FS, V
125.5, 1132, 1, FS, V
125.5, 1137, 1, FS, V
125.5, 1138, 1, FS, V
125.5, 1143, 1, FS, V
125.5, 2643, 3, FS, V
125.6, 883, 1, RS, VI
125.6, 987, 1, RS, VI
125.6, 1116, 1, FS, V
125.6, 1124, 1, FS, V
125.6, 1128, 1, FS, V
125.6, 1133, 1, FS, V
125.6, 1136, 1, FS, V
125.6, 1144, 1, FS, V
125.6, 1904, 2, FS, V
125.6, 2684, 3, LTS, V
125.7, 783, 1, RS, VI
125.7, 898, 1, RS, VI
125.7, 1141, 1, FS, V
125.8, 848, 1, RS, VI
125.8, 849, 1, RS, VI
125.8, 964, 1, RS, VI
125.8, 1084, 1, RS, V
125.8, 1089, 1, RS, V
125.8, 1113, 1, FS, V
125.8, 1123, 1, FS, V
125.8, 1127, 1, FS, V
125.8, 1516, 1, LTS, III
125.8, 1882, 2, FS, V
125.8, 2711, 3, IB, V
125.9, 826, 1, RS, VI
125.9, 872, 1, RS, VI
125.9, 897, 1, RS, VI
125.9, 906, 1, RS, VI
125.9, 980, 1, RS, VI
125.9, 983, 1, RS, VI
125.9, 1079, 1, RS, V
125.9, 1139, 1, FS, V
125.9, 1146, 1, FS, V
125.9, 1291, 1, LTS, IV
126, 857, 1, RS, VI
126, 951, 1, RS, VI
126, 1051, 1, RS, V
126, 1088, 1, RS, V
126, 1092, 1, RS, V
126, 1098, 1, RS, V
126, 1099, 1, RS, V
126, 1125, 1, FS, V
126, 1134, 1, FS, V
126, 1432, 1, RS, III
126, 1491, 1, FS, III
126.1, 973, 1, RS, VI
126.1, 1037, 1, RS, V
126.1, 1049, 1, RS, V
126.1, 1109, 1, RS, V
126.1, 1112, 1, FS, V
126.2, 1056, 1, RS, V
126.2, 1071, 1, RS, V
126.2, 1073, 1, RS, V
126.2, 1493, 1, FS, III
126.3, 1045, 1, RS, V
126.3, 1068, 1, RS, V
126.3, 1069, 1, RS, V
126.3, 1070, 1, RS, V
126.3, 1075, 1, RS, V
126.3, 1095, 1, RS, V
126.3, 1107, 1, RS, V
126.4, 967, 1, RS, VI
126.4, 1034, 1, RS, V
126.4, 1081, 1, RS, V
126.4, 1105, 1, RS, V
126.4, 1488, 1, FS, III
126.5, 962, 1, RS, VI
126.5, 1038, 1, RS, V
126.5, 1298, 1, LTS, IV
126.5, 2706, 3, IB, V
126.6, 840, 1, RS, VI
126.6, 1036, 1, RS, V
126.6, 1040, 1, RS, V
126.6, 1046, 1, RS, V
126.6, 1055, 1, RS, V
126.6, 1057, 1, RS, V
126.6, 1066, 1, RS, V
126.6, 1074, 1, RS, V
126.6, 1305, 1, LTS, IV
126.6, 1512, 1, LTS, III
126.6, 1518, 1, LTS, III
126.7, 955, 1, RS, VI
126.7, 1050, 1, RS, V
126.7, 1053, 1, RS, V
126.7, 1054, 1, RS, V
126.7, 1080, 1, RS, V
126.8, 814, 1, RS, VI
126.8, 1047, 1, RS, V
126.8, 1052, 1, RS, V
126.8, 1072, 1, RS, V
126.8, 1086, 1, RS, V
126.9, 931, 1, RS, VI
126.9, 1035, 1, RS, V
126.9, 1078, 1, RS, V
126.9, 1090, 1, RS, V
126.9, 1097, 1, RS, V
126.9, 1186, 1, IB, V
126.9, 1492, 1, FS, III
127, 1042, 1, RS, V
127, 1044, 1, RS, V
127, 1060, 1, RS, V
127, 1065, 1, RS, V
127, 1100, 1, RS, V
127, 1101, 1, RS, V
127, 1170, 1, IB, V
127, 1178, 1, IB, V
127, 1182, 1, IB, V
127, 1295, 1, LTS, IV
127, 1386, 1, RS, III
127, 1881, 2, FS, V
127.1, 823, 1, RS, VI
127.1, 877, 1, RS, VI
127.1, 1061, 1, RS, V
127.1, 1062, 1, RS, V
127.1, 1093, 1, RS, V
127.1, 1102, 1, RS, V
127.1, 1103, 1, RS, V
127.1, 1177, 1, IB, V
127.1, 1180, 1, IB, V
127.2, 896, 1, RS, VI
127.2, 1067, 1, RS, V
127.2, 1083, 1, RS, V
127.2, 1085, 1, RS, V
127.2, 1514, 1, LTS, III
127.3, 966, 1, RS, VI
127.3, 1043, 1, RS, V
127.3, 1059, 1, RS, V
127.3, 1076, 1, RS, V
127.3, 1082, 1, RS, V
127.3, 1091, 1, RS, V
127.3, 1096, 1, RS, V
127.3, 1108, 1, RS, V
127.3, 1167, 1, IB, V
127.3, 1179, 1, IB, V
127.3, 1513, 1, LTS, III
127.4, 765, 1, RS, VI
127.4, 1104, 1, RS, V
127.5, 812, 1, RS, VI
127.5, 1058, 1, RS, V
127.5, 1063, 1, RS, V
127.5, 1087, 1, RS, V
127.5, 1168, 1, IB, V
127.5, 1173, 1, IB, V
127.5, 1175, 1, IB, V
127.5, 1181, 1, IB, V
127.5, 1183, 1, IB, V
127.5, 1446, 1, RS, III
127.5, 1521, 1, LTS, III
127.6, 787, 1, RS, VI
127.6, 788, 1, RS, VI
127.6, 992, 1, RS, VI
127.6, 1077, 1, RS, V
127.6, 1094, 1, RS, V
127.6, 1187, 1, IB, V
127.7, 870, 1, RS, VI
127.7, 879, 1, RS, VI
127.7, 881, 1, RS, VI
127.7, 1033, 1, RS, V
127.7, 1048, 1, RS, V
127.7, 1189, 1, IB, V
127.7, 1306, 1, LTS, IV
127.8, 828, 1, RS, VI
127.8, 910, 1, RS, VI
127.8, 922, 1, RS, VI
127.8, 1106, 1, RS, V
127.8, 1114, 1, FS, V
127.8, 1172, 1, IB, V
127.8, 1174, 1, IB, V
127.8, 1190, 1, IB, V
127.8, 1290, 1, LTS, IV
127.8, 1877, 2, FS, V
127.8, 2664, 3, FS, V
127.9, 919, 1, RS, VI
127.9, 965, 1, RS, VI
127.9, 988, 1, RS, VI
127.9, 1041, 1, RS, V
127.9, 1166, 1, IB, V
127.9, 1191, 1, IB, V
127.9, 1899, 2, FS, V
128, 792, 1, RS, VI
128, 856, 1, RS, VI
128, 974, 1, RS, VI
128, 1140, 1, FS, V
128, 1171, 1, IB, V
128, 1297, 1, LTS, IV
128, 1871, 2, FS, V
128.1, 761, 1, RS, VI
128.1, 774, 1, RS, VI
128.1, 808, 1, RS, VI
128.1, 927, 1, RS, VI
128.1, 1032, 1, LTS, VI
128.1, 1126, 1, FS, V
128.1, 1130, 1, FS, V
128.1, 1185, 1, IB, V
128.2, 850, 1, RS, VI
128.2, 1110, 1, FS, V
128.2, 1129, 1, FS, V
128.2, 1142, 1, FS, V
128.2, 1300, 1, LTS, IV
128.2, 1449, 1, RS, III
128.2, 1884, 2, FS, V
128.3, 371, 0, FS, V
128.3, 864, 1, RS, VI
128.3, 1064, 1, RS, V
128.3, 1111, 1, FS, V
128.3, 1117, 1, FS, V
128.3, 1120, 1, FS, V
128.3, 1121, 1, FS, V
128.3, 1122, 1, FS, V
128.3, 1131, 1, FS, V
128.3, 1135, 1, FS, V
128.3, 1176, 1, IB, V
128.3, 1883, 2, FS, V
128.4, 354, 0, FS, V
128.4, 858, 1, RS, VI
128.4, 994, 1, RS, VI
128.4, 1132, 1, FS, V
128.4, 1138, 1, FS, V
128.4, 1143, 1, FS, V
128.4, 1192, 1, IB, V
128.5, 797, 1, RS, VI
128.5, 1116, 1, FS, V
128.5, 1118, 1, FS, V
128.5, 1119, 1, FS, V
128.5, 1128, 1, FS, V
128.5, 1133, 1, FS, V
128.5, 1136, 1, FS, V
128.5, 1144, 1, FS, V
128.5, 1473, 1, RS, III
128.5, 1904, 2, FS, V
128.6, 954, 1, RS, VI
128.6, 1141, 1, FS, V
128.6, 1169, 1, IB, V
128.6, 1301, 1, LTS, IV
128.6, 1302, 1, LTS, IV
128.7, 923, 1, RS, VI
128.7, 1123, 1, FS, V
128.7, 1127, 1, FS, V
128.7, 1137, 1, FS, V
128.7, 1188, 1, IB, V
128.8, 1124, 1, FS, V
128.8, 1139, 1, FS, V
128.8, 1145, 1, FS, V
128.8, 1184, 1, IB, V
128.9, 357, 0, FS, V
128.9, 1134, 1, FS, V
129, 382, 0, FS, V
129, 1146, 1, FS, V
129.1, 366, 0, FS, V
129.1, 834, 1, RS, VI
129.1, 1125, 1, FS, V
129.1, 1895, 2, FS, V
129.2, 871, 1, RS, VI
129.2, 984, 1, RS, VI
129.2, 1299, 1, LTS, IV
129.3, 819, 1, RS, VI
129.3, 1115, 1, FS, V
129.3, 1292, 1, LTS, IV
129.3, 1520, 1, LTS, III
129.4, 1039, 1, RS, V
129.4, 1882, 2, FS, V
129.5, 381, 0, FS, V
129.5, 841, 1, RS, VI
129.5, 950, 1, RS, VI
129.5, 1878, 2, FS, V
129.6, 349, 0, FS, V
129.6, 350, 0, FS, V
129.6, 352, 0, FS, V
129.6, 358, 0, FS, V
129.6, 977, 1, RS, VI
129.6, 1112, 1, FS, V
129.7, 355, 0, FS, V
129.7, 361, 0, FS, V
129.7, 768, 1, RS, VI
129.7, 791, 1, RS, VI
129.7, 960, 1, RS, VI
129.7, 963, 1, RS, VI
129.7, 1113, 1, FS, V
129.8, 379, 0, FS, V
129.8, 882, 1, RS, VI
129.8, 1028, 1, LTS, VI
129.8, 1891, 2, FS, V
129.8, 1894, 2, FS, V
129.8, 1903, 2, FS, V
129.9, 365, 0, FS, V
129.9, 1881, 2, FS, V
130, 383, 0, FS, V
130, 1422, 1, RS, III
130.1, 947, 1, RS, VI
130.1, 1304, 1, LTS, IV
130.1, 1875, 2, FS, V
130.1, 1880, 2, FS, V
130.2, 360, 0, FS, V
130.2, 363, 0, FS, V
130.2, 369, 0, FS, V
130.2, 373, 0, FS, V
130.2, 798, 1, RS, VI
130.2, 1008, 1, FS, VI
130.2, 1303, 1, LTS, IV
130.2, 1886, 2, FS, V
130.2, 1896, 2, FS, V
130.2, 1900, 2, FS, V
130.3, 374, 0, FS, V
130.3, 816, 1, RS, VI
130.3, 1186, 1, IB, V
130.4, 351, 0, FS, V
130.4, 367, 0, FS, V
130.4, 1170, 1, IB, V
130.4, 1178, 1, IB, V
130.4, 1182, 1, IB, V
130.4, 1293, 1, LTS, IV
130.4, 1887, 2, FS, V
130.4, 1890, 2, FS, V
130.4, 1902, 2, FS, V
130.5, 1177, 1, IB, V
130.5, 1180, 1, IB, V
130.6, 385, 0, FS, V
130.6, 802, 1, RS, VI
130.6, 880, 1, RS, VI
130.6, 1892, 2, FS, V
130.7, 356, 0, FS, V
130.7, 362, 0, FS, V
130.7, 831, 1, RS, VI
130.7, 1114, 1, FS, V
130.7, 1167, 1, IB, V
130.7, 1179, 1, IB, V
130.7, 1877, 2, FS, V
130.7, 1889, 2, FS, V
130.7, 1901, 2, FS, V
130.8, 359, 0, FS, V
130.8, 378, 0, FS, V
130.8, 380, 0, FS, V
130.8, 836, 1, RS, VI
130.8, 1885, 2, FS, V
130.8, 1893, 2, FS, V
130.8, 1897, 2, FS, V
130.8, 1899, 2, FS, V
130.9, 353, 0, FS, V
130.9, 377, 0, FS, V
130.9, 895, 1, RS, VI
130.9, 1140, 1, FS, V
130.9, 1168, 1, IB, V
130.9, 1173, 1, IB, V
130.9, 1175, 1, IB, V
130.9, 1181, 1, IB, V
130.9, 1183, 1, IB, V
130.9, 1291, 1, LTS, IV
130.9, 1871, 2, FS, V
130.9, 1906, 2, FS, V
131, 1126, 1, FS, V
131, 1130, 1, FS, V
131, 1187, 1, IB, V
131, 1874, 2, FS, V
131.1, 370, 0, FS, V
131.1, 944, 1, RS, VI
131.1, 1110, 1, FS, V
131.1, 1129, 1, FS, V
131.1, 1142, 1, FS, V
131.1, 1189, 1, IB, V
131.1, 1506, 1, FS, III
131.1, 1879, 2, FS, V
131.1, 1884, 2, FS, V
131.2, 371, 0, FS, V
131.2, 817, 1, RS, VI
131.2, 1111, 1, FS, V
131.2, 1117, 1, FS, V
131.2, 1120, 1, FS, V
131.2, 1121, 1, FS, V
131.2, 1122, 1, FS, V
131.2, 1131, 1, FS, V
131.2, 1135, 1, FS, V
131.2, 1172, 1, IB, V
131.2, 1174, 1, IB, V
131.2, 1190, 1, IB, V
131.2, 1883, 2, FS, V
131.3, 354, 0, FS, V
131.3, 375, 0, FS, V
131.3, 384, 0, FS, V
131.3, 845, 1, RS, VI
131.3, 1132, 1, FS, V
131.3, 1138, 1, FS, V
131.3, 1143, 1, FS, V
131.3, 1166, 1, IB, V
131.3, 1191, 1, IB, V
131.3, 1298, 1, LTS, IV
131.3, 1516, 1, LTS, III
131.3, 1888, 2, FS, V
131.4, 832, 1, RS, VI
131.4, 851, 1, RS, VI
131.4, 894, 1, RS, VI
131.4, 1000, 1, FS, VI
131.4, 1116, 1, FS, V
131.4, 1118, 1, FS, V
131.4, 1119, 1, FS, V
131.4, 1128, 1, FS, V
131.4, 1133, 1, FS, V
131.4, 1136, 1, FS, V
131.4, 1144, 1, FS, V
131.4, 1171, 1, IB, V
131.4, 1305, 1, LTS, IV
131.4, 1873, 2, FS, V
131.4, 1904, 2, FS, V
131.5, 795, 1, RS, VI
131.5, 1015, 1, FS, VI
131.5, 1141, 1, FS, V
131.5, 1185, 1, IB, V
131.6, 1003, 1, FS, VI
131.6, 1123, 1, FS, V
131.6, 1127, 1, FS, V
131.6, 1137, 1, FS, V
131.7, 364, 0, FS, V
131.7, 368, 0, FS, V
131.7, 1124, 1, FS, V
131.7, 1139, 1, FS, V
131.7, 1145, 1, FS, V
131.7, 1176, 1, IB, V
131.7, 1907, 2, FS, V
131.8, 357, 0, FS, V
131.8, 372, 0, FS, V
131.8, 830, 1, RS, VI
131.8, 833, 1, RS, VI
131.8, 1134, 1, FS, V
131.8, 1192, 1, IB, V
131.9, 376, 0, FS, V
131.9, 382, 0, FS, V
131.9, 1146, 1, FS, V
131.9, 1898, 2, FS, V
132, 366, 0, FS, V
132, 949, 1, RS, VI
132, 997, 1, FS, VI
132, 1125, 1, FS, V
132, 1169, 1, IB, V
132, 1510, 1, FS, III
132, 1519, 1, LTS, III
132, 1895, 2, FS, V
132.1, 1084, 1, RS, V
132.1, 1188, 1, IB, V
132.1, 1296, 1, LTS, IV
132.1, 1338, 1, RS, III
132.1, 1512, 1, LTS, III
132.2, 827, 1, RS, VI
132.2, 859, 1, RS, VI
132.2, 913, 1, RS, VI
132.2, 1079, 1, RS, V
132.2, 1115, 1, FS, V
132.2, 1184, 1, IB, V
132.2, 1360, 1, RS, III
132.2, 1495, 1, FS, III
132.3, 860, 1, RS, VI
132.3, 1051, 1, RS, V
132.3, 1088, 1, RS, V
132.3, 1092, 1, RS, V
132.3, 1098, 1, RS, V
132.3, 1099, 1, RS, V
132.3, 1521, 1, LTS, III
132.3, 1876, 2, FS, V
132.3, 1882, 2, FS, V
132.4, 381, 0, FS, V
132.4, 935, 1, RS, VI
132.4, 948, 1, RS, VI
132.4, 1022, 1, FS, VI
132.4, 1027, 1, LTS, VI
132.4, 1037, 1, RS, V
132.4, 1109, 1, RS, V
132.4, 1878, 2, FS, V
132.5, 349, 0, FS, V
132.5, 350, 0, FS, V
132.5, 352, 0, FS, V
132.5, 358, 0, FS, V
132.5, 998, 1, FS, VI
132.5, 1056, 1, RS, V
132.5, 1071, 1, RS, V
132.5, 1073, 1, RS, V
132.5, 1112, 1, FS, V
132.5, 1306, 1, LTS, IV
132.5, 1502, 1, FS, III
132.5, 1905, 2, FS, V
132.6, 355, 0, FS, V
132.6, 361, 0, FS, V
132.6, 899, 1, RS, VI
132.6, 903, 1, RS, VI
132.6, 1045, 1, RS, V
132.6, 1069, 1, RS, V
132.6, 1070, 1, RS, V
132.6, 1095, 1, RS, V
132.6, 1107, 1, RS, V
132.6, 1113, 1, FS, V
132.6, 1290, 1, LTS, IV
132.7, 379, 0, FS, V
132.7, 866, 1, RS, VI
132.7, 1034, 1, RS, V
132.7, 1081, 1, RS, V
132.7, 1105, 1, RS, V
132.7, 1441, 1, RS, III
132.7, 1891, 2, FS, V
132.7, 1894, 2, FS, V
132.7, 1903, 2, FS, V
132.8, 365, 0, FS, V
132.8, 958, 1, RS, VI
132.8, 1026, 1, LTS, VI
132.8, 1038, 1, RS, V
132.8, 1517, 1, LTS, III
132.8, 1881, 2, FS, V
132.9, 383, 0, FS, V
132.9, 1014, 1, FS, VI
132.9, 1018, 1, FS, VI
132.9, 1036, 1, RS, V
132.9, 1040, 1, RS, V
132.9, 1046, 1, RS, V
132.9, 1055, 1, RS, V
132.9, 1057, 1, RS, V
132.9, 1066, 1, RS, V
132.9, 1074, 1, RS, V
133, 766, 1, RS, VI
133, 909, 1, RS, VI
133, 1029, 1, LTS, VI
133, 1050, 1, RS, V
133, 1053, 1, RS, V
133, 1054, 1, RS, V
133, 1444, 1, RS, III
133, 1875, 2, FS, V
133, 1880, 2, FS, V
133.1, 360, 0, FS, V
133.1, 363, 0, FS, V
133.1, 369, 0, FS, V
133.1, 373, 0, FS, V
133.1, 1031, 1, LTS, VI
133.1, 1047, 1, RS, V
133.1, 1052, 1, RS, V
133.1, 1072, 1, RS, V
133.1, 1086, 1, RS, V
133.1, 1886, 2, FS, V
133.1, 1896, 2, FS, V
133.1, 1900, 2, FS, V
133.2, 374, 0, FS, V
133.2, 1035, 1, RS, V
133.2, 1078, 1, RS, V
133.2, 1090, 1, RS, V
133.2, 1097, 1, RS, V
133.2, 1505, 1, FS, III
133.2, 1515, 1, LTS, III
133.3, 351, 0, FS, V
133.3, 367, 0, FS, V
133.3, 790, 1, RS, VI
133.3, 1042, 1, RS, V
133.3, 1044, 1, RS, V
133.3, 1060, 1, RS, V
133.3, 1065, 1, RS, V
133.3, 1100, 1, RS, V
133.3, 1101, 1, RS, V
133.3, 1294, 1, LTS, IV
133.3, 1488, 1, FS, III
133.3, 1508, 1, FS, III
133.3, 1887, 2, FS, V
133.3, 1890, 2, FS, V
133.3, 1902, 2, FS, V
133.4, 838, 1, RS, VI
133.4, 1062, 1, RS, V
133.4, 1093, 1, RS, V
133.4, 1102, 1, RS, V
133.4, 1103, 1, RS, V
133.4, 1301, 1, LTS, IV
133.4, 1302, 1, LTS, IV
133.4, 1486, 1, FS, III
133.5, 385, 0, FS, V
133.5, 1067, 1, RS, V
133.5, 1083, 1, RS, V
133.5, 1085, 1, RS, V
133.5, 1892, 2, FS, V
133.6, 356, 0, FS, V
133.6, 362, 0, FS, V
133.6, 1043, 1, RS, V
133.6, 1059, 1, RS, V
133.6, 1076, 1, RS, V
133.6, 1082, 1, RS, V
133.6, 1091, 1, RS, V
133.6, 1096, 1, RS, V
133.6, 1108, 1, RS, V
133.6, 1114, 1, FS, V
133.6, 1877, 2, FS, V
133.6, 1889, 2, FS, V
133.6, 1901, 2, FS, V
133.7, 359, 0, FS, V
133.7, 378, 0, FS, V
133.7, 380, 0, FS, V
133.7, 813, 1, RS, VI
133.7, 1025, 1, LTS, VI
133.7, 1104, 1, RS, V
133.7, 1186, 1, IB, V
133.7, 1885, 2, FS, V
133.7, 1893, 2, FS, V
133.7, 1899, 2, FS, V
133.8, 377, 0, FS, V
133.8, 868, 1, RS, VI
133.8, 1063, 1, RS, V
133.8, 1087, 1, RS, V
133.8, 1140, 1, FS, V
133.8, 1170, 1, IB, V
133.8, 1178, 1, IB, V
133.8, 1182, 1, IB, V
133.8, 1300, 1, LTS, IV
133.8, 1871, 2, FS, V
133.8, 1897, 2, FS, V
133.8, 1906, 2, FS, V
133.9, 1001, 1, FS, VI
133.9, 1017, 1, FS, VI
133.9, 1077, 1, RS, V
133.9, 1094, 1, RS, V
133.9, 1126, 1, FS, V
133.9, 1130, 1, FS, V
133.9, 1177, 1, IB, V
133.9, 1180, 1, IB, V
133.9, 1489, 1, FS, III
133.9, 1492, 1, FS, III
134, 370, 0, FS, V
134, 1033, 1, RS, V
134, 1110, 1, FS, V
134, 1129, 1, FS, V
134, 1142, 1, FS, V
134, 1299, 1, LTS, IV
134, 1439, 1, RS, III
134, 1884, 2, FS, V
134.1, 353, 0, FS, V
134.1, 371, 0, FS, V
134.1, 1106, 1, RS, V
134.1, 1111, 1, FS, V
134.1, 1117, 1, FS, V
134.1, 1120, 1, FS, V
134.1, 1121, 1, FS, V
134.1, 1122, 1, FS, V
134.1, 1131, 1, FS, V
134.1, 1135, 1, FS, V
134.1, 1167, 1, IB, V
134.1, 1179, 1, IB, V
134.1, 1292, 1, LTS, IV
134.1, 1520, 1, LTS, III
134.1, 1874, 2, FS, V
134.1, 1883, 2, FS, V
134.2, 354, 0, FS, V
134.2, 375, 0, FS, V
134.2, 384, 0, FS, V
134.2, 975, 1, RS, VI
134.2, 1041, 1, RS, V
134.2, 1132, 1, FS, V
134.2, 1138, 1, FS, V
134.2, 1143, 1, FS, V
134.2, 1282, 1, FS, IV
134.2, 1324, 1, RS, III
134.2, 1483, 1, FS, III
134.3, 782, 1, RS, VI
134.3, 892, 1, RS, VI
134.3, 1030, 1, LTS, VI
134.3, 1116, 1, FS, V
134.3, 1118, 1, FS, V
134.3, 1119, 1, FS, V
134.3, 1128, 1, FS, V
134.3, 1133, 1, FS, V
134.3, 1136, 1, FS, V
134.3, 1144, 1, FS, V
134.3, 1168, 1, IB, V
134.3, 1173, 1, IB, V
134.3, 1175, 1, IB, V
134.3, 1181, 1, IB, V
134.3, 1183, 1, IB, V
134.3, 1487, 1, FS, III
134.3, 1904, 2, FS, V
134.4, 1141, 1, FS, V
134.4, 1187, 1, IB, V
134.5, 1123, 1, FS, V
134.5, 1127, 1, FS, V
134.5, 1137, 1, FS, V
134.5, 1189, 1, IB, V
134.5, 1449, 1, RS, III
134.6, 846, 1, RS, VI
134.6, 884, 1, RS, VI
134.6, 1064, 1, RS, V
134.6, 1124, 1, FS, V
134.6, 1139, 1, FS, V
134.6, 1145, 1, FS, V
134.6, 1172, 1, IB, V
134.6, 1190, 1, IB, V
134.6, 1873, 2, FS, V
134.7, 253, 0, FS, VI
134.7, 357, 0, FS, V
134.7, 1134, 1, FS, V
134.7, 1166, 1, IB, V
134.7, 1191, 1, IB, V
134.8, 382, 0, FS, V
134.8, 1146, 1, FS, V
134.8, 1171, 1, IB, V
134.8, 1473, 1, RS, III
134.9, 366, 0, FS, V
134.9, 368, 0, FS, V
134.9, 372, 0, FS, V
134.9, 918, 1, RS, VI
134.9, 1125, 1, FS, V
134.9, 1185, 1, IB, V
134.9, 1304, 1, LTS, IV
134.9, 1895, 2, FS, V
135, 1297, 1, LTS, IV
135, 1303, 1, LTS, IV
135, 1879, 2, FS, V
135.1, 793, 1, RS, VI
135.1, 1006, 1, FS, VI
135.1, 1115, 1, FS, V
135.1, 1176, 1, IB, V
135.1, 1295, 1, LTS, IV
135.2, 1019, 1, FS, VI
135.2, 1192, 1, IB, V
135.2, 1882, 2, FS, V
135.3, 381, 0, FS, V
135.3, 1454, 1, RS, III
135.3, 1878, 2, FS, V
135.4, 349, 0, FS, V
135.4, 350, 0, FS, V
135.4, 352, 0, FS, V
135.4, 358, 0, FS, V
135.4, 1112, 1, FS, V
135.4, 1169, 1, IB, V
135.4, 1419, 1, RS, III
135.5, 355, 0, FS, V
135.5, 361, 0, FS, V
135.5, 910, 1, RS, VI
135.5, 1113, 1, FS, V
135.5, 1188, 1, IB, V
135.6, 379, 0, FS, V
135.6, 784, 1, RS, VI
135.6, 850, 1, RS, VI
135.6, 1184, 1, IB, V
135.6, 1891, 2, FS, V
135.6, 1894, 2, FS, V
135.6, 1903, 2, FS, V
135.7, 365, 0, FS, V
135.7, 946, 1, RS, VI
135.7, 1039, 1, RS, V
135.7, 1881, 2, FS, V
135.7, 1888, 2, FS, V
135.7, 2641, 3, FS, V
135.7, 2658, 3, FS, V
135.8, 383, 0, FS, V
135.8, 1456, 1, RS, III
135.9, 1875, 2, FS, V
135.9, 1880, 2, FS, V
135.9, 2649, 3, FS, V
136, 360, 0, FS, V
136, 363, 0, FS, V
136, 369, 0, FS, V
136, 373, 0, FS, V
136, 1285, 1, FS, IV
136, 1403, 1, RS, III
136, 1886, 2, FS, V
136, 1896, 2, FS, V
136, 1900, 2, FS, V
136.1, 374, 0, FS, V
136.1, 1024, 1, LTS, VI
136.1, 1386, 1, RS, III
136.1, 1401, 1, RS, III
136.1, 1516, 1, LTS, III
136.1, 2644, 3, FS, V
136.2, 351, 0, FS, V
136.2, 367, 0, FS, V
136.2, 1890, 2, FS, V
136.2, 1902, 2, FS, V
136.3, 1293, 1, LTS, IV
136.3, 1433, 1, RS, III
136.3, 1898, 2, FS, V
136.4, 1308, 1, RS, III
136.4, 1892, 2, FS, V
136.5, 356, 0, FS, V
136.5, 362, 0, FS, V
136.5, 385, 0, FS, V
136.5, 1114, 1, FS, V
136.5, 1421, 1, RS, III
136.5, 1877, 2, FS, V
136.5, 1887, 2, FS, V
136.5, 1889, 2, FS, V
136.6, 380, 0, FS, V
136.6, 1465, 1, RS, III
136.6, 1885, 2, FS, V
136.6, 1899, 2, FS, V
136.6, 2657, 3, FS, V
136.7, 1140, 1, FS, V
136.7, 1291, 1, LTS, IV
136.7, 1298, 1, LTS, IV
136.7, 1494, 1, FS, III
136.7, 1506, 1, FS, III
136.7, 1871, 2, FS, V
136.7, 1897, 2, FS, V
136.8, 364, 0, FS, V
136.8, 377, 0, FS, V
136.8, 1126, 1, FS, V
136.8, 1130, 1, FS, V
136.8, 1893, 2, FS, V
136.8, 2637, 3, FS, V
136.9, 370, 0, FS, V
136.9, 1110, 1, FS, V
136.9, 1129, 1, FS, V
136.9, 1142, 1, FS, V
136.9, 1884, 2, FS, V
136.9, 1901, 2, FS, V
137, 258, 0, FS, VI
137, 371, 0, FS, V
137, 1111, 1, FS, V
137, 1117, 1, FS, V
137, 1120, 1, FS, V
137, 1121, 1, FS, V
137, 1122, 1, FS, V
137, 1131, 1, FS, V
137, 1135, 1, FS, V
137, 1481, 1, FS, III
137, 1883, 2, FS, V
137, 2643, 3, FS, V
137.1, 354, 0, FS, V
137.1, 378, 0, FS, V
137.1, 1132, 1, FS, V
137.1, 1138, 1, FS, V
137.1, 1143, 1, FS, V
137.1, 1186, 1, IB, V
137.1, 1493, 1, FS, III
137.1, 1521, 1, LTS, III
137.1, 2668, 3, FS, V
137.2, 375, 0, FS, V
137.2, 384, 0, FS, V
137.2, 1116, 1, FS, V
137.2, 1118, 1, FS, V
137.2, 1119, 1, FS, V
137.2, 1128, 1, FS, V
137.2, 1133, 1, FS, V
137.2, 1136, 1, FS, V
137.2, 1144, 1, FS, V
137.2, 1170, 1, IB, V
137.2, 1178, 1, IB, V
137.2, 1760, 2, FS, VI
137.2, 1904, 2, FS, V
137.3, 359, 0, FS, V
137.3, 1141, 1, FS, V
137.3, 1177, 1, IB, V
137.3, 1180, 1, IB, V
137.3, 1306, 1, LTS, IV
137.3, 2656, 3, FS, V
137.4, 353, 0, FS, V
137.4, 1123, 1, FS, V
137.4, 1127, 1, FS, V
137.4, 1137, 1, FS, V
137.4, 1274, 1, FS, IV
137.4, 1276, 1, FS, IV
137.4, 1282, 1, FS, IV
137.4, 1495, 1, FS, III
137.4, 1876, 2, FS, V
137.5, 1124, 1, FS, V
137.5, 1139, 1, FS, V
137.5, 1145, 1, FS, V
137.5, 1167, 1, IB, V
137.5, 1179, 1, IB, V
137.5, 1513, 1, LTS, III
137.5, 1874, 2, FS, V
137.6, 357, 0, FS, V
137.6, 1134, 1, FS, V
137.6, 1290, 1, LTS, IV
137.6, 1416, 1, RS, III
137.6, 1517, 1, LTS, III
137.6, 1906, 2, FS, V
137.7, 382, 0, FS, V
137.7, 1146, 1, FS, V
137.7, 1168, 1, IB, V
137.7, 1173, 1, IB, V
137.7, 1175, 1, IB, V
137.7, 1181, 1, IB, V
137.7, 1183, 1, IB, V
137.7, 1446, 1, RS, III
137.7, 1491, 1, FS, III
137.7, 1507, 1, FS, III
137.8, 366, 0, FS, V
137.8, 1125, 1, FS, V
137.8, 1895, 2, FS, V
137.9, 1189, 1, IB, V
137.9, 1879, 2, FS, V
138, 368, 0, FS, V
138, 920, 1, RS, VI
138, 1115, 1, FS, V
138, 1172, 1, IB, V
138, 1319, 1, RS, III
138, 1422, 1, RS, III
138, 1488, 1, FS, III
138, 1498, 1, FS, III
138, 1505, 1, FS, III
138, 1508, 1, FS, III
138, 1512, 1, LTS, III
138, 1515, 1, LTS, III
138, 2633, 3, FS, V
138.1, 1191, 1, IB, V
138.1, 1284, 1, FS, IV
138.1, 1489, 1, FS, III
138.1, 1502, 1, FS, III
138.1, 1882, 2, FS, V
138.2, 381, 0, FS, V
138.2, 1301, 1, LTS, IV
138.2, 1377, 1, RS, III
138.2, 1519, 1, LTS, III
138.2, 1873, 2, FS, V
138.2, 1878, 2, FS, V
138.3, 237, 0, FS, VI
138.3, 349, 0, FS, V
138.3, 350, 0, FS, V
138.3, 352, 0, FS, V
138.3, 358, 0, FS, V
138.3, 925, 1, RS, VI
138.3, 1112, 1, FS, V
138.3, 1185, 1, IB, V
138.3, 1190, 1, IB, V
138.3, 1492, 1, FS, III
138.4, 355, 0, FS, V
138.4, 361, 0, FS, V
138.4, 1113, 1, FS, V
138.4, 1305, 1, LTS, IV
138.4, 2661, 3, FS, V
138.5, 379, 0, FS, V
138.5, 1176, 1, IB, V
138.5, 1360, 1, RS, III
138.5, 1379, 1, RS, III
138.5, 1409, 1, RS, III
138.5, 1482, 1, FS, III
138.5, 1499, 1, FS, III
138.5, 1891, 2, FS, V
138.5, 1894, 2, FS, V
138.5, 1903, 2, FS, V
138.5, 2632, 3, FS, V
138.6, 365, 0, FS, V
138.6, 1051, 1, RS, V
138.6, 1192, 1, IB, V
138.6, 1509, 1, FS, III
138.6, 1768, 2, FS, VI
138.6, 1881, 2, FS, V
138.6, 1888, 2, FS, V
138.6, 2658, 3, FS, V
138.7, 383, 0, FS, V
138.7, 1486, 1, FS, III
138.7, 1496, 1, FS, III
138.7, 2651, 3, FS, V
138.7, 2662, 3, FS, V
138.8, 1483, 1, FS, III
138.9, 238, 0, FS, VI
138.9, 360, 0, FS, V
138.9, 363, 0, FS, V
138.9, 369, 0, FS, V
138.9, 373, 0, FS, V
138.9, 1292, 1, LTS, IV
138.9, 1500, 1, FS, III
138.9, 1520, 1, LTS, III
138.9, 1886, 2, FS, V
138.9, 1896, 2, FS, V
138.9, 1900, 2, FS, V
138.9, 2645, 3, FS, V
138.9, 2666, 3, FS, V
139, 374, 0, FS, V
139, 1875, 2, FS, V
139.1, 367, 0, FS, V
139.1, 1171, 1, IB, V
139.1, 1902, 2, FS, V
139.1, 2644, 3, FS, V
139.1, 2655, 3, FS, V
139.1, 2664, 3, FS, V
139.2, 376, 0, FS, V
139.2, 1300, 1, LTS, IV
139.2, 1480, 1, FS, III
139.2, 1503, 1, FS, III
139.2, 1511, 1, FS, III
139.3, 1050, 1, RS, V
139.3, 1299, 1, LTS, IV
139.3, 1510, 1, FS, III
139.4, 385, 0, FS, V
139.4, 1114, 1, FS, V
139.4, 1338, 1, RS, III
139.4, 1484, 1, FS, III
139.4, 1877, 2, FS, V
139.4, 1892, 2, FS, V
139.5, 1035, 1, RS, V
139.5, 1188, 1, IB, V
139.5, 1479, 1, FS, III
139.5, 1485, 1, FS, III
139.5, 1899, 2, FS, V
139.5, 2654, 3, FS, V
139.6, 1060, 1, RS, V
139.6, 1140, 1, FS, V
139.6, 1268, 1, FS, IV
139.6, 1871, 2, FS, V
139.7, 1126, 1, FS, V
139.7, 1130, 1, FS, V
139.7, 1304, 1, LTS, IV
139.8, 1110, 1, FS, V
139.8, 1129, 1, FS, V
139.8, 1142, 1, FS, V
139.8, 1303, 1, LTS, IV
139.8, 1329, 1, RS, III
139.8, 1884, 2, FS, V
139.8, 2649, 3, FS, V
139.9, 356, 0, FS, V
139.9, 371, 0, FS, V
139.9, 1096, 1, RS, V
139.9, 1111, 1, FS, V
139.9, 1117, 1, FS, V
139.9, 1120, 1, FS, V
139.9, 1121, 1, FS, V
139.9, 1122, 1, FS, V
139.9, 1131, 1, FS, V
139.9, 1135, 1, FS, V
139.9, 1883, 2, FS, V
139.9, 2641, 3, FS, V
140, 354, 0, FS, V
140, 372, 0, FS, V
140, 1132, 1, FS, V
140, 1138, 1, FS, V
140, 1143, 1, FS, V
140, 1487, 1, FS, III
140, 1506, 1, FS, III
140, 1880, 2, FS, V
140, 2668, 3, FS, V
140.1, 1116, 1, FS, V
140.1, 1118, 1, FS, V
140.1, 1119, 1, FS, V
140.1, 1128, 1, FS, V
140.1, 1133, 1, FS, V
140.1, 1136, 1, FS, V
140.1, 1144, 1, FS, V
140.1, 1405, 1, RS, III
140.1, 1783, 2, FS, VI
140.1, 1904, 2, FS, V
140.2, 362, 0, FS, V
140.2, 1077, 1, RS, V
140.2, 1141, 1, FS, V
140.2, 1398, 1, RS, III
140.2, 1432, 1, RS, III
140.2, 1501, 1, FS, III
140.2, 2665, 3, FS, V
140.3, 380, 0, FS, V
140.3, 1123, 1, FS, V
140.3, 1127, 1, FS, V
140.3, 1137, 1, FS, V
140.3, 1439, 1, RS, III
140.3, 2639, 3, FS, V
140.4, 351, 0, FS, V
140.4, 1124, 1, FS, V
140.4, 1139, 1, FS, V
140.4, 1145, 1, FS, V
140.4, 1472, 1, RS, III
140.5, 1134, 1, FS, V
140.5, 1186, 1, IB, V
140.6, 1146, 1, FS, V
140.6, 1178, 1, IB, V
140.6, 1907, 2, FS, V
140.7, 382, 0, FS, V
140.7, 1125, 1, FS, V
140.7, 1895, 2, FS, V
140.7, 1897, 2, FS, V
140.7, 2650, 3, FS, V
140.7, 2660, 3, FS, V
140.8, 1885, 2, FS, V
140.8, 1889, 2, FS, V
140.9, 1115, 1, FS, V
140.9, 1167, 1, IB, V
140.9, 1516, 1, LTS, III
141, 1890, 2, FS, V
141, 2637, 3, FS, V
141.1, 366, 0, FS, V
141.1, 381, 0, FS, V
141.1, 1173, 1, IB, V
141.1, 2657, 3, FS, V
141.2, 1112, 1, FS, V
141.3, 378, 0, FS, V
141.3, 1113, 1, FS, V
141.3, 2643, 3, FS, V
141.4, 375, 0, FS, V
141.4, 2635, 3, FS, V
141.5, 357, 0, FS, V
141.5, 379, 0, FS, V
141.5, 1175, 1, IB, V
141.5, 1498, 1, FS, III
141.5, 1881, 2, FS, V
141.6, 358, 0, FS, V
141.6, 1504, 1, FS, III
141.7, 352, 0, FS, V
141.7, 1302, 1, LTS, IV
141.7, 1893, 2, FS, V
141.7, 2647, 3, FS, V
141.8, 1181, 1, IB, V
141.8, 1350, 1, RS, III
141.8, 1882, 2, FS, V
141.9, 1176, 1, IB, V
141.9, 1493, 1, FS, III
141.9, 1521, 1, LTS, III
141.9, 1761, 2, FS, VI
142, 1189, 1, IB, V
142, 1192, 1, IB, V
142, 1779, 2, FS, VI
142.1, 1492, 1, FS, III
142.2, 1342, 1, RS, III
142.3, 1191, 1, IB, V
142.4, 1172, 1, IB, V
142.4, 2656, 3, FS, V
142.5, 370, 0, FS, V
142.5, 1140, 1, FS, V
142.6, 355, 0, FS, V
142.6, 1126, 1, FS, V
142.6, 1130, 1, FS, V
142.6, 1325, 1, RS, III
142.6, 1412, 1, RS, III
142.6, 1877, 2, FS, V
142.6, 1900, 2, FS, V
142.7, 349, 0, FS, V
142.7, 350, 0, FS, V
142.7, 1110, 1, FS, V
142.7, 1114, 1, FS, V
142.7, 1129, 1, FS, V
142.7, 1142, 1, FS, V
142.7, 1184, 1, IB, V
142.7, 1488, 1, FS, III
142.7, 1884, 2, FS, V
142.8, 1111, 1, FS, V
142.8, 1117, 1, FS, V
142.8, 1120, 1, FS, V
142.8, 1121, 1, FS, V
142.8, 1122, 1, FS, V
142.8, 1131, 1, FS, V
142.8, 1135, 1, FS, V
142.8, 1515, 1, LTS, III
142.8, 1878, 2, FS, V
142.8, 1883, 2, FS, V
142.8, 1894, 2, FS, V
142.9, 1132, 1, FS, V
142.9, 1138, 1, FS, V
142.9, 1143, 1, FS, V
142.9, 1871, 2, FS, V
143, 1116, 1, FS, V
143, 1118, 1, FS, V
143, 1119, 1, FS, V
143, 1128, 1, FS, V
143, 1133, 1, FS, V
143, 1136, 1, FS, V
143, 1144, 1, FS, V
143, 1896, 2, FS, V
143, 1904, 2, FS, V
143.1, 1141, 1, FS, V
143.2, 1123, 1, FS, V
143.2, 1127, 1, FS, V
143.2, 2664, 3, FS, V
143.3, 354, 0, FS, V
143.3, 1139, 1, FS, V
143.3, 1145, 1, FS, V
143.3, 1491, 1, FS, III
143.4, 1134, 1, FS, V
143.5, 1137, 1, FS, V
143.5, 1324, 1, RS, III
143.6, 371, 0, FS, V
143.6, 1886, 2, FS, V
144, 719, 0, FS, III
144.1, 1168, 1, IB, V
144.1, 1895, 2, FS, V
144.1, 2251, 2, FS, III
144.2, 534, 0, LTS, IV
144.2, 760, 0, LTS, III
144.3, 1167, 1, IB, V
144.4, 1881, 2, FS, V
144.4, 1899, 2, FS, V
144.5, 1903, 2, FS, V
144.5, 2825, 3, LTS, IV
144.6, 385, 0, FS, V
144.7, 361, 0, FS, V
144.7, 366, 0, FS, V
144.7, 2265, 2, FS, III
144.9, 758, 0, LTS, III
145, 1902, 2, FS, V
145, 2270, 2, FS, III
145, 2280, 2, LTS, III
145.2, 724, 0, FS, III
145.2, 2064, 2, LTS, IV
145.2, 2273, 2, LTS, III
145.3, 383, 0, FS, V
145.3, 2274, 2, LTS, III
145.4, 360, 0, FS, V
145.4, 2282, 2, LTS, III
145.5, 367, 0, FS, V
145.5, 1126, 1, FS, V
145.5, 1130, 1, FS, V
145.6, 365, 0, FS, V
145.6, 739, 0, FS, III
145.7, 1122, 1, FS, V
145.7, 1131, 1, FS, V
145.8, 2277, 2, LTS, III
145.9, 1144, 1, FS, V
145.9, 1906, 2, FS, V
146, 2257, 2, FS, III
146.1, 1123, 1, FS, V
146.1, 1871, 2, FS, V
146.2, 745, 0, FS, III
146.2, 748, 0, FS, III
146.3, 1140, 1, FS, V
146.4, 2260, 2, FS, III
146.5, 729, 0, FS, III
146.5, 1120, 1, FS, V
146.6, 373, 0, FS, V
146.6, 1121, 1, FS, V
146.6, 1134, 1, FS, V
146.8, 1128, 1, FS, V
146.8, 2252, 2, FS, III
146.9, 759, 0, LTS, III
147.1, 1133, 1, FS, V
147.1, 2644, 3, FS, V
147.2, 2242, 2, FS, III
147.2, 2256, 2, FS, III
147.3, 744, 0, FS, III
147.3, 1883, 2, FS, V
147.4, 354, 0, FS, V
147.5, 740, 0, FS, III
147.5, 753, 0, LTS, III
147.6, 755, 0, LTS, III
147.6, 2269, 2, FS, III
147.7, 374, 0, FS, V
147.9, 754, 0, LTS, III
147.9, 1875, 2, FS, V
148, 1900, 2, FS, V
148.1, 1904, 2, FS, V
148.4, 2056, 2, LTS, IV
148.4, 2263, 2, FS, III
148.6, 718, 0, FS, III
148.6, 1125, 1, FS, V
148.7, 1142, 1, FS, V
148.7, 1882, 2, FS, V
148.8, 721, 0, FS, III
148.8, 2281, 2, LTS, III
148.9, 1139, 1, FS, V
148.9, 1891, 2, FS, V
149, 1894, 2, FS, V
149.3, 381, 0, FS, V
149.3, 2276, 2, LTS, III
149.6, 2248, 2, FS, III
149.8, 1130, 1, FS, V
149.8, 1881, 2, FS, V
150, 545, 0, LTS, IV
150.2, 379, 0, FS, V
150.6, 1132, 1, FS, V
150.8, 2261, 2, FS, III
151.1, 2819, 3, LTS, IV
151.3, 3037, 3, LTS, III
151.7, 3585, 4, LTS, IV
151.8, 1892, 2, FS, V
152.9, 533, 0, LTS, IV
154.1, 2823, 3, LTS, IV
155, 2061, 2, LTS, IV
155.9, 541, 0, LTS, IV
156.7, 3310, 4, LTS, VI
157.4, 542, 0, LTS, IV
157.6, 3038, 3, LTS, III
160.4, 3578, 4, LTS, IV
160.5, 3034, 3, LTS, III
164.5, 544, 0, LTS, IV
167, 536, 0, LTS, IV
170.5, 3586, 4, LTS, IV
171.4, 3043, 3, LTS, III
173, 2817, 3, LTS, IV
173.6, 1152, 1, LTS, V
173.7, 1163, 1, LTS, V
173.8, 391, 0, LTS, V
173.8, 1158, 1, LTS, V
174.2, 399, 0, LTS, V
174.5, 1913, 2, LTS, V
174.9, 1164, 1, LTS, V
175.1, 1151, 1, LTS, V
175.3, 1924, 2, LTS, V
175.3, 2674, 3, LTS, V
175.5, 1156, 1, LTS, V
175.5, 1912, 2, LTS, V
175.6, 400, 0, LTS, V
175.6, 3434, 4, LTS, V
175.9, 402, 0, LTS, V
176.1, 1157, 1, LTS, V
176.2, 267, 0, LTS, VI
176.4, 1159, 1, LTS, V
176.4, 1162, 1, LTS, V
176.6, 403, 0, LTS, V
176.6, 1165, 1, LTS, V
176.8, 393, 0, LTS, V
176.9, 1925, 2, LTS, V
177, 1150, 1, LTS, V
177.2, 404, 0, LTS, V
177.2, 3573, 4, LTS, IV
177.5, 1161, 1, LTS, V
177.6, 395, 0, LTS, V
177.6, 1917, 2, LTS, V
177.7, 2686, 3, LTS, V
177.8, 1921, 2, LTS, V
177.9, 1147, 1, LTS, V
178.1, 1160, 1, LTS, V
178.1, 1923, 2, LTS, V
178.3, 1149, 1, LTS, V
178.5, 386, 0, LTS, V
178.5, 1926, 2, LTS, V
178.6, 398, 0, LTS, V
178.7, 397, 0, LTS, V
179.5, 392, 0, LTS, V
179.5, 1920, 2, LTS, V
179.6, 389, 0, LTS, V
180, 1918, 2, LTS, V
180.1, 390, 0, LTS, V
180.3, 387, 0, LTS, V
180.6, 1909, 2, LTS, V
180.7, 1148, 1, LTS, V
180.8, 396, 0, LTS, V
180.8, 1914, 2, LTS, V
181.2, 394, 0, LTS, V
181.4, 388, 0, LTS, V
181.7, 2669, 3, LTS, V
182.2, 1154, 1, LTS, V
182.8, 751, 0, LTS, III
182.8, 1919, 2, LTS, V
183.1, 1908, 2, LTS, V
183.1, 2673, 3, LTS, V
183.4, 2685, 3, LTS, V
183.4, 3039, 3, LTS, III
184.4, 1910, 2, LTS, V
184.9, 2063, 2, LTS, IV
185.1, 1155, 1, LTS, V
186.9, 537, 0, LTS, IV
186.9, 2678, 3, LTS, V
188.2, 1788, 2, LTS, VI
188.2, 2683, 3, LTS, V
188.8, 3448, 4, LTS, V
190.6, 3798, 4, LTS, III
191.7, 2067, 2, LTS, IV
192.8, 2057, 2, LTS, IV
193.4, 1943, 2, IB, V
193.6, 756, 0, LTS, III
194.3, 2687, 3, LTS, V
196.1, 3804, 4, LTS, III
196.4, 2058, 2, LTS, IV
196.8, 2824, 3, LTS, IV
201, 2275, 2, LTS, III
203.4, 2688, 3, IB, V
206.9, 3795, 4, LTS, III
208.4, 3041, 3, LTS, III
210.6, 1790, 2, LTS, VI
210.6, 2277, 2, LTS, III
210.9, 269, 0, LTS, VI
211.9, 1153, 1, LTS, V
212.3, 709, 0, RS, III
212.5, 2816, 3, LTS, IV
213.6, 1162, 1, LTS, V
214.6, 3613, 4, RS, III
215.2, 401, 0, LTS, V
215.8, 2828, 3, LTS, IV
217.6, 3446, 4, LTS, V
219.8, 2549, 3, LTS, VI
220, 1922, 2, LTS, V
220.6, 1164, 1, LTS, V
220.8, 402, 0, LTS, V
221.9, 3802, 4, LTS, III
222.8, 545, 0, LTS, IV
223.1, 2682, 3, LTS, V
223.1, 3316, 4, RS, V
226.7, 3086, 4, RS, VI
228.9, 2820, 3, LTS, IV
229.2, 2060, 2, LTS, IV
231.8, 1161, 1, LTS, V
232.5, 3379, 4, RS, V
232.6, 332, 0, RS, V
233.5, 3336, 4, RS, V
236.8, 2065, 2, LTS, IV
237.4, 755, 0, LTS, III
240.3, 3589, 4, LTS, IV
241.1, 2495, 3, RS, VI
241.3, 1831, 2, RS, V
241.5, 754, 0, LTS, III
241.6, 2313, 3, RS, VI
244, 1789, 2, LTS, VI
244.6, 710, 0, RS, III
247.2, 3800, 4, LTS, III
247.4, 3699, 4, RS, III
250.3, 3434, 4, LTS, V
250.4, 399, 0, LTS, V
251.1, 165, 0, RS, VI
252.3, 1151, 1, LTS, V
255.1, 3581, 4, LTS, IV
255.4, 2396, 3, RS, VI
255.5, 758, 0, LTS, III
257, 1913, 2, LTS, V
257.6, 1030, 1, LTS, VI
259.4, 2817, 3, LTS, IV
259.9, 2681, 3, LTS, V
260.6, 2822, 3, LTS, IV
261.2, 291, 0, RS, V
263.6, 3801, 4, LTS, III
264.5, 2685, 3, LTS, V
264.8, 395, 0, LTS, V
266.4, 2550, 3, LTS, VI
266.8, 404, 0, LTS, V
268, 542, 0, LTS, IV
269.5, 3034, 3, LTS, III
270, 1791, 2, LTS, VI
272.6, 2673, 3, LTS, V
272.9, 1925, 2, LTS, V
273.3, 2154, 2, RS, III
276.6, 952, 1, RS, VI
277.4, 2056, 2, LTS, IV
277.5, 534, 0, LTS, IV
279.1, 3577, 4, LTS, IV
282.9, 2825, 3, LTS, IV
284.3, 3504, 4, RS, IV
287.5, 1160, 1, LTS, V
291.2, 3430, 4, LTS, V
292.3, 3578, 4, LTS, IV
292.9, 2055, 2, LTS, IV
294.6, 1303, 1, LTS, IV
294.6, 1515, 1, LTS, III
297.2, 1923, 2, LTS, V
297.3, 391, 0, LTS, V
298.1, 1294, 1, LTS, IV
303.5, 2276, 2, LTS, III
304.3, 3799, 4, LTS, III
307.3, 3753, 4, RS, III
308, 266, 0, LTS, VI
311.3, 2828, 3, LTS, IV
311.7, 3043, 3, LTS, III
312.4, 1163, 1, LTS, V
313.7, 3037, 3, LTS, III
315.8, 397, 0, LTS, V
316.6, 1028, 1, LTS, VI
317.2, 2280, 2, LTS, III
318.1, 1517, 1, LTS, III
318.2, 2117, 2, RS, III
323, 2275, 2, LTS, III
325.1, 545, 0, LTS, IV
325.9, 2816, 3, LTS, IV
326.7, 400, 0, LTS, V
329.4, 136, 0, RS, VI
329.7, 3350, 4, RS, V
330.5, 2549, 3, LTS, VI
330.8, 2067, 2, LTS, IV
331.5, 402, 0, LTS, V
331.8, 2847, 3, RS, III
332.1, 2446, 3, RS, VI
332.3, 760, 0, LTS, III
332.7, 953, 1, RS, VI
334.8, 1833, 2, RS, V
336.1, 3327, 4, RS, V
338.1, 3804, 4, LTS, III
339.8, 1788, 2, LTS, VI
341.2, 2824, 3, LTS, IV
344.5, 1786, 2, LTS, VI
345.2, 3088, 4, RS, VI
352.4, 3802, 4, LTS, III
352.8, 2690, 3, IB, V
353.3, 1521, 1, LTS, III
358, 1306, 1, LTS, IV
359.1, 269, 0, LTS, VI
359.1, 3578, 4, LTS, IV
359.3, 3586, 4, LTS, IV
360.8, 190, 0, RS, VI
360.9, 1197, 1, RS, IV
360.9, 2552, 3, LTS, VI
362.4, 2135, 2, RS, III
363, 3039, 3, LTS, III
365.2, 2712, 3, IB, V
365.4, 2550, 3, LTS, VI
365.9, 2056, 2, LTS, IV
367.7, 1519, 1, LTS, III
369.8, 404, 0, LTS, V
370.1, 2619, 3, RS, V
372.2, 2821, 3, LTS, IV
373.9, 2669, 3, LTS, V
374.7, 3580, 4, LTS, IV
375.9, 3038, 3, LTS, III
376.3, 1603, 2, RS, VI
376.9, 1921, 2, LTS, V
377.4, 2064, 2, LTS, IV
377.5, 3313, 4, LTS, VI
377.8, 1789, 2, LTS, VI
379.1, 1359, 1, RS, III
382.2, 3800, 4, LTS, III
383.5, 1165, 1, LTS, V
384.2, 1863, 2, RS, V
387.5, 1554, 2, RS, VI
387.8, 1922, 2, LTS, V
387.9, 2277, 2, LTS, III
390.1, 1295, 1, LTS, IV
391.3, 1793, 2, LTS, VI
391.4, 399, 0, LTS, V
392.5, 1423, 1, RS, III
397.7, 401, 0, LTS, V
398.7, 3434, 4, LTS, V
401, 2674, 3, LTS, V
402.7, 3717, 4, RS, III
403.9, 3518, 4, RS, IV
406.7, 2059, 2, LTS, IV
408.1, 1161, 1, LTS, V
408.3, 2124, 2, RS, III
409.5, 1515, 1, LTS, III
409.7, 1051, 1, RS, V
410, 3037, 3, LTS, III
411.2, 267, 0, LTS, VI
411.4, 3549, 4, FS, IV
412.4, 533, 0, LTS, IV
414.1, 1147, 1, LTS, V
415.4, 3734, 4, RS, III
415.9, 1032, 1, LTS, VI
416.8, 1151, 1, LTS, V
420.3, 1107, 1, RS, V
420.8, 3319, 4, RS, V
421.6, 2281, 2, LTS, III
422.3, 1516, 1, LTS, III
426.5, 754, 0, LTS, III
426.7, 3611, 4, RS, III
428.4, 537, 0, LTS, IV
430.2, 3466, 4, IB, V
430.5, 3804, 4, LTS, III
430.8, 2825, 3, LTS, IV
432.4, 3333, 4, RS, V
433.1, 3447, 4, LTS, V
433.4, 3685, 4, RS, III
436.9, 2816, 3, LTS, IV
438, 3036, 3, LTS, III
438.3, 2063, 2, LTS, IV
439.1, 3043, 3, LTS, III
440.1, 3362, 4, RS, V
440.9, 2958, 3, RS, III
442.8, 755, 0, LTS, III
446.9, 3450, 4, IB, V
447, 3460, 4, IB, V
449.7, 403, 0, LTS, V
449.9, 3462, 4, IB, V
450.7, 1150, 1, LTS, V
451, 3632, 4, RS, III
451.7, 3706, 4, RS, III
452.4, 2552, 3, LTS, VI
452.9, 3443, 4, LTS, V
453.8, 95, 0, RS, VI
454.4, 3367, 4, RS, V
454.9, 390, 0, LTS, V
456.7, 3589, 4, LTS, IV
457.2, 306, 0, RS, V
458, 3430, 4, LTS, V
458.1, 2687, 3, LTS, V
459.3, 1805, 2, RS, V
460.8, 3313, 4, LTS, VI
461.4, 758, 0, LTS, III
461.8, 3363, 4, RS, V
461.8, 3458, 4, IB, V
462.1, 2278, 2, LTS, III
462.1, 3802, 4, LTS, III
463.2, 2276, 2, LTS, III
463.6, 3470, 4, IB, V
467, 2056, 2, LTS, IV
468.1, 1913, 2, LTS, V
468.6, 1294, 1, LTS, IV
469.1, 3656, 4, RS, III
470.4, 3578, 4, LTS, IV
472, 3694, 4, RS, III
473.3, 3459, 4, IB, V
474, 3455, 4, IB, V
475.1, 1028, 1, LTS, VI
475.4, 3577, 4, LTS, IV
475.6, 3380, 4, RS, V
475.8, 3355, 4, RS, V
475.9, 3799, 4, LTS, III
476.4, 3798, 4, LTS, III
476.7, 269, 0, LTS, VI
478.8, 3451, 4, IB, V
479.1, 1519, 1, LTS, III
479.3, 2389, 3, RS, VI
480.8, 3626, 4, RS, III
481.8, 3465, 4, IB, V
482.9, 1159, 1, LTS, V
483.9, 534, 0, LTS, IV
485, 2643, 3, FS, V
485.6, 3579, 4, LTS, IV
488.7, 2819, 3, LTS, IV
488.8, 1514, 1, LTS, III
489.1, 1926, 2, LTS, V
489.5, 3041, 3, LTS, III
489.6, 1164, 1, LTS, V
489.7, 3311, 4, LTS, VI
490.1, 3336, 4, RS, V
491.6, 3374, 4, RS, V
495.1, 2817, 3, LTS, IV
495.1, 3434, 4, LTS, V
496.9, 3758, 4, RS, III
502.3, 3471, 4, IB, V
503.1, 1917, 2, LTS, V
506.5, 1030, 1, LTS, VI
508.2, 760, 0, LTS, III
512.2, 2669, 3, LTS, V
515, 3653, 4, RS, III
515.8, 3038, 3, LTS, III
522.3, 1160, 1, LTS, V
526.9, 3448, 4, LTS, V
529.2, 271, 0, LTS, VI
530.4, 1515, 1, LTS, III
530.5, 267, 0, LTS, VI
530.8, 1318, 1, RS, III
531.5, 1629, 2, RS, VI
535.1, 1027, 1, LTS, VI
535.4, 2593, 3, RS, V
538.1, 2059, 2, LTS, IV
539.8, 754, 0, LTS, III
540, 3586, 4, LTS, IV
542.4, 3798, 4, LTS, III
542.7, 1033, 1, RS, V
543.9, 1303, 1, LTS, IV
544.5, 1810, 2, RS, V
544.7, 1295, 1, LTS, IV
547.1, 1789, 2, LTS, VI
551.8, 1791, 2, LTS, VI
553.3, 1908, 2, LTS, V
553.5, 2277, 2, LTS, III
553.6, 1925, 2, LTS, V
555.1, 2816, 3, LTS, IV
560.2, 1920, 2, LTS, V
561.9, 2056, 2, LTS, IV
571.6, 402, 0, LTS, V
574.1, 2064, 2, LTS, IV
574.2, 3257, 4, RS, VI
576.6, 3309, 4, LTS, VI
578.1, 3795, 4, LTS, III
579, 1298, 1, LTS, IV
579.3, 3447, 4, LTS, V
580.1, 1465, 1, RS, III
581.4, 386, 0, LTS, V
582.4, 2820, 3, LTS, IV
585.3, 2055, 2, LTS, IV
585.8, 1924, 2, LTS, V
589.3, 3585, 4, LTS, IV
589.6, 1092, 1, RS, V
590.1, 1519, 1, LTS, III
595.5, 3313, 4, LTS, VI
596.1, 1181, 1, IB, V
598.2, 1521, 1, LTS, III
598.7, 2552, 3, LTS, VI
600.2, 2669, 3, LTS, V
600.4, 266, 0, LTS, VI
600.6, 3043, 3, LTS, III
600.8, 1516, 1, LTS, III
601.8, 1469, 1, RS, III
602.7, 3037, 3, LTS, III
603.2, 3310, 4, LTS, VI
603.8, 1302, 1, LTS, IV
608, 1030, 1, LTS, VI
609.7, 2682, 3, LTS, V
609.8, 2673, 3, LTS, V
610.1, 3800, 4, LTS, III
611.7, 2817, 3, LTS, IV
613.1, 3434, 4, LTS, V
613.3, 3578, 4, LTS, IV
616.4, 3804, 4, LTS, III
616.6, 1163, 1, LTS, V
620.2, 399, 0, LTS, V
620.3, 2549, 3, LTS, VI
621, 585, 0, RS, III
621.1, 1789, 2, LTS, VI
621.3, 269, 0, LTS, VI
622.4, 3311, 4, LTS, VI
623.1, 3580, 4, LTS, IV
625.4, 1921, 2, LTS, V
627.4, 1515, 1, LTS, III
628.3, 2276, 2, LTS, III
629.4, 1306, 1, LTS, IV
630.8, 2280, 2, LTS, III
630.8, 3039, 3, LTS, III
631.9, 756, 0, LTS, III
632.8, 394, 0, LTS, V
634.2, 534, 0, LTS, IV
634.6, 2685, 3, LTS, V
637.4, 2067, 2, LTS, IV
637.6, 401, 0, LTS, V
639.3, 3798, 4, LTS, III
639.8, 1791, 2, LTS, VI
643.7, 1160, 1, LTS, V
647.6, 267, 0, LTS, VI
647.9, 1911, 2, LTS, V
654.5, 758, 0, LTS, III
654.8, 1863, 2, RS, V
656, 3589, 4, LTS, IV
657.8, 1028, 1, LTS, VI
665, 1912, 2, LTS, V
666.2, 541, 0, LTS, IV
672.1, 2282, 2, LTS, III
673.5, 1908, 2, LTS, V
677.2, 2825, 3, LTS, IV
679.5, 3587, 4, LTS, IV
680.1, 1303, 1, LTS, IV
680.5, 3038, 3, LTS, III
682.7, 3041, 3, LTS, III
685.1, 402, 0, LTS, V
687.5, 3797, 4, LTS, III
690.2, 1147, 1, LTS, V
690.2, 3749, 4, RS, III
690.4, 390, 0, LTS, V
691.7, 2673, 3, LTS, V
692.4, 1164, 1, LTS, V
695.3, 533, 0, LTS, IV
697.6, 1162, 1, LTS, V
702.1, 2821, 3, LTS, IV
703.6, 3043, 3, LTS, III
705.8, 755, 0, LTS, III
706.5, 1515, 1, LTS, III
707.2, 2004, 2, RS, IV
709.5, 3578, 4, LTS, IV
711, 3802, 4, LTS, III
712.3, 1306, 1, LTS, IV
713.2, 3448, 4, LTS, V
714.7, 1925, 2, LTS, V
716.9, 269, 0, LTS, VI
718.9, 1298, 1, LTS, IV
719.4, 3799, 4, LTS, III
719.5, 2216, 2, RS, III
719.6, 2817, 3, LTS, IV
720.5, 536, 0, LTS, IV
723.1, 545, 0, LTS, IV
725.8, 3083, 4, RS, VI
726.3, 1302, 1, LTS, IV
728, 1926, 2, LTS, V
728.4, 3795, 4, LTS, III
730.4, 2276, 2, LTS, III
731.3, 2548, 3, LTS, VI
733.7, 2275, 2, LTS, III
735.1, 267, 0, LTS, VI
737.1, 1678, 2, RS, VI
737.5, 2064, 2, LTS, IV
737.8, 3034, 3, LTS, III
739.5, 542, 0, LTS, IV
740.2, 2554, 3, LTS, VI
740.3, 1151, 1, LTS, V
744.9, 2682, 3, LTS, V
745.3, 2819, 3, LTS, IV
746.6, 3036, 3, LTS, III
747.4, 2065, 2, LTS, IV
748, 309, 0, RS, V
749.5, 3038, 3, LTS, III
752.8, 2081, 2, RS, III
753.7, 966, 1, RS, VI
753.9, 2828, 3, LTS, IV
756.6, 2067, 2, LTS, IV
757.3, 714, 0, RS, III
758.8, 698, 0, RS, III
760.7, 1593, 2, RS, VI
763.9, 3313, 4, LTS, VI
764.6, 3447, 4, LTS, V
766.8, 2277, 2, LTS, III
767.4, 212, 0, RS, VI
768, 1514, 1, LTS, III
769.2, 3589, 4, LTS, IV
770, 406, 0, IB, V
770.1, 2683, 3, LTS, V
771.6, 2056, 2, LTS, IV
772.1, 288, 0, RS, V
772.6, 3041, 3, LTS, III
773, 1689, 2, RS, VI
775.9, 533, 0, LTS, IV
776.1, 1228, 1, RS, IV
776.2, 534, 0, LTS, IV
777.6, 819, 1, RS, VI
777.9, 1923, 2, LTS, V
780.8, 1299, 1, LTS, IV
781.2, 345, 0, RS, V
783, 1789, 2, LTS, VI
784.1, 310, 0, RS, V
784.1, 3431, 4, LTS, V
784.8, 1155, 1, LTS, V
786.9, 758, 0, LTS, III
788.6, 1150, 1, LTS, V
788.9, 2550, 3, LTS, VI
789, 1924, 2, LTS, V
789.5, 3577, 4, LTS, IV
789.7, 1297, 1, LTS, IV
793.6, 1342, 1, RS, III
795, 2185, 2, RS, III
796, 2282, 2, LTS, III
796.7, 1921, 2, LTS, V
797.3, 753, 0, LTS, III
798.2, 2685, 3, LTS, V
801.3, 399, 0, LTS, V
801.7, 3586, 4, LTS, IV
802, 1158, 1, LTS, V
803, 1030, 1, LTS, VI
803.4, 1912, 2, LTS, V
807.6, 3043, 3, LTS, III
808.2, 754, 0, LTS, III
809.6, 2687, 3, LTS, V
810.2, 3435, 4, LTS, V
811.1, 387, 0, LTS, V
811.4, 1160, 1, LTS, V
811.4, 3063, 4, RS, VI
813.9, 3798, 4, LTS, III
814.2, 1788, 2, LTS, VI
814.8, 1190, 1, IB, V
816.5, 402, 0, LTS, V
816.9, 2059, 2, LTS, IV
817.3, 781, 1, RS, VI
820.3, 2552, 3, LTS, VI
821.6, 1926, 2, LTS, V
823.9, 3311, 4, LTS, VI
825.6, 267, 0, LTS, VI
826.7, 3436, 4, LTS, V
828.7, 3458, 4, IB, V
831.1, 1513, 1, LTS, III
831.3, 2817, 3, LTS, IV
832.3, 3802, 4, LTS, III
832.7, 1302, 1, LTS, IV
833.4, 3715, 4, RS, III
835.2, 1032, 1, LTS, VI
836.4, 386, 0, LTS, V
837.7, 3799, 4, LTS, III
838.8, 766, 1, RS, VI
842.4, 2058, 2, LTS, IV
842.8, 1515, 1, LTS, III
844.7, 545, 0, LTS, IV
844.9, 1165, 1, LTS, V
845.6, 3578, 4, LTS, IV
848.3, 760, 0, LTS, III
850.2, 2064, 2, LTS, IV
851.7, 391, 0, LTS, V
852, 1163, 1, LTS, V
853, 395, 0, LTS, V
854.5, 2674, 3, LTS, V
856.6, 1295, 1, LTS, IV
860, 2570, 3, RS, V
860.8, 537, 0, LTS, IV
863.1, 1306, 1, LTS, IV
864, 2056, 2, LTS, IV
864.5, 1303, 1, LTS, IV
866.4, 2673, 3, LTS, V
866.7, 1521, 1, LTS, III
866.8, 3804, 4, LTS, III
871.4, 3110, 4, RS, VI
874.3, 2873, 3, RS, III
874.6, 2550, 3, LTS, VI
877.2, 1230, 1, RS, IV
878.2, 3448, 4, LTS, V
879.6, 3585, 4, LTS, IV
883.4, 3313, 4, LTS, VI
887, 758, 0, LTS, III
887.7, 1789, 2, LTS, VI
889.7, 1791, 2, LTS, VI
890.4, 2276, 2, LTS, III
890.9, 1164, 1, LTS, V
893.8, 1512, 1, LTS, III
894.7, 534, 0, LTS, IV
896.9, 2682, 3, LTS, V
897.2, 2828, 3, LTS, IV
901, 2275, 2, LTS, III
902, 399, 0, LTS, V
903.2, 3581, 4, LTS, IV
903.8, 3043, 3, LTS, III
905.1, 755, 0, LTS, III
908.8, 3434, 4, LTS, V
909.2, 1516, 1, LTS, III
910.9, 2368, 3, RS, VI
911.9, 266, 0, LTS, VI
913, 2552, 3, LTS, VI
915, 3586, 4, LTS, IV
915.2, 1519, 1, LTS, III
916.3, 2067, 2, LTS, IV
918.2, 2058, 2, LTS, IV
921.6, 397, 0, LTS, V
921.7, 1030, 1, LTS, VI
924, 270, 0, LTS, VI
924.7, 3577, 4, LTS, IV
925.6, 613, 0, RS, III
927.7, 1724, 2, RS, VI
928.1, 2280, 2, LTS, III
929.2, 1459, 1, RS, III
930.4, 2825, 3, LTS, IV
933.4, 2460, 3, RS, VI
934.8, 3041, 3, LTS, III
935.4, 1913, 2, LTS, V
935.5, 1925, 2, LTS, V
937.1, 535, 0, LTS, IV
937.4, 601, 0, RS, III
938.3, 1631, 2, RS, VI
939.4, 1151, 1, LTS, V
939.5, 1695, 2, RS, VI
940.9, 2065, 2, LTS, IV
941.2, 1028, 1, LTS, VI
942.2, 754, 0, LTS, III
944.1, 1917, 2, LTS, V
945.7, 430, 0, IB, V
946.4, 3439, 4, LTS, V
949.4, 681, 0, RS, III
950, 203, 0, RS, VI
950.8, 1306, 1, LTS, IV
952.2, 3589, 4, LTS, IV
953.4, 320, 0, RS, V
953.5, 267, 0, LTS, VI
956.6, 671, 0, RS, III
956.6, 2063, 2, LTS, IV
956.8, 1613, 2, RS, VI
958.4, 412, 0, IB, V
958.9, 1515, 1, LTS, III
958.9, 3799, 4, LTS, III
961.5, 1521, 1, LTS, III
961.6, 404, 0, LTS, V
962.9, 321, 0, RS, V
963.4, 1516, 1, LTS, III
964.7, 545, 0, LTS, IV
965.5, 319, 0, RS, V
966, 418, 0, IB, V
968.1, 2670, 3, LTS, V
969.3, 301, 0, RS, V
969.7, 2276, 2, LTS, III
970.2, 534, 0, LTS, IV
973.6, 403, 0, LTS, V
974.5, 536, 0, LTS, IV
974.9, 275, 0, RS, V
976.1, 1950, 2, IB, V
976.2, 427, 0, IB, V
977.3, 653, 0, RS, III
981.5, 751, 0, LTS, III
982.3, 3311, 4, LTS, VI
984, 1033, 1, RS, V
985.7, 1922, 2, LTS, V
985.9, 2280, 2, LTS, III
987.8, 322, 0, RS, V
987.8, 402, 0, LTS, V
987.8, 1066, 1, RS, V
988, 1801, 2, RS, V
991.2, 2680, 3, LTS, V
992, 2686, 3, LTS, V
992.6, 1156, 1, LTS, V
994.2, 269, 0, LTS, VI
996.1, 1338, 1, RS, III
997.3, 2549, 3, LTS, VI
998, 2055, 2, LTS, IV
