17.5, 1028, 1, LTS, VI
19.3, 2279, 2, LTS, III
22.1, 2545, 3, LTS, VI
22.7, 1784, 2, LTS, VI
26.4, 3427, 4, LTS, V
29.9, 2548, 3, LTS, VI
37.1, 3433, 4, LTS, V
47.7, 3306, 4, LTS, VI
51.9, 1787, 2, LTS, VI
53.2, 1032, 1, LTS, VI
60.1, 757, 0, LTS, III
61.8, 545, 0, LTS, IV
63.4, 1518, 1, LTS, III
64.9, 389, 0, LTS, V
64.9, 1783, 2, LTS, VI
72.1, 1023, 1, LTS, VI
76.1, 3437, 4, LTS, V
81.6, 1149, 1, LTS, V
92.3, 271, 0, LTS, VI
94.9, 396, 0, LTS, V
104, 1513, 1, LTS, III
104.3, 1195, 1, RS, IV
104.3, 1220, 1, RS, IV
104.4, 1207, 1, RS, IV
104.4, 1222, 1, RS, IV
104.4, 1254, 1, RS, IV
104.6, 1278, 1, RS, IV
104.7, 1255, 1, RS, IV
104.7, 1264, 1, RS, IV
104.7, 1272, 1, RS, IV
104.8, 1198, 1, RS, IV
104.8, 1204, 1, RS, IV
104.8, 1239, 1, RS, IV
104.8, 1268, 1, RS, IV
104.9, 1217, 1, RS, IV
104.9, 1221, 1, RS, IV
104.9, 1231, 1, RS, IV
104.9, 1280, 1, FS, IV
105, 1201, 1, RS, IV
105, 1202, 1, RS, IV
105, 1228, 1, RS, IV
105, 1236, 1, RS, IV
105, 1249, 1, RS, IV
105, 1260, 1, RS, IV
105, 1287, 1, FS, IV
105.1, 1193, 1, RS, IV
105.1, 1244, 1, RS, IV
105.2, 1216, 1, RS, IV
105.2, 1250, 1, RS, IV
105.2, 1253, 1, RS, IV
105.2, 1274, 1, RS, IV
105.3, 470, 0, RS, IV
105.3, 1113, 1, FS, V
105.3, 1142, 1, FS, V
105.3, 1212, 1, RS, IV
105.3, 1238, 1, RS, IV
105.3, 1258, 1, RS, IV
105.3, 1277, 1, RS, IV
105.4, 1114, 1, FS, V
105.4, 1119, 1, FS, V
105.4, 1203, 1, RS, IV
105.4, 1205, 1, RS, IV
105.4, 1208, 1, RS, IV
105.4, 1213, 1, RS, IV
105.4, 1227, 1, RS, IV
105.4, 1243, 1, RS, IV
105.4, 1266, 1, RS, IV
105.4, 1270, 1, RS, IV
105.4, 1279, 1, FS, IV
105.4, 1286, 1, FS, IV
105.5, 1115, 1, FS, V
105.5, 1199, 1, RS, IV
105.5, 1240, 1, RS, IV
105.5, 1290, 1, FS, IV
105.6, 1206, 1, RS, IV
105.6, 1209, 1, RS, IV
105.6, 1225, 1, RS, IV
105.6, 1245, 1, RS, IV
105.6, 1246, 1, RS, IV
105.6, 1257, 1, RS, IV
105.6, 1261, 1, RS, IV
105.6, 1281, 1, FS, IV
105.7, 1112, 1, FS, V
105.7, 1194, 1, RS, IV
105.7, 1214, 1, RS, IV
105.7, 1218, 1, RS, IV
105.7, 1230, 1, RS, IV
105.7, 1234, 1, RS, IV
105.7, 1259, 1, RS, IV
105.7, 1262, 1, RS, IV
105.8, 1120, 1, FS, V
105.8, 1139, 1, FS, V
105.8, 1215, 1, RS, IV
105.8, 1233, 1, RS, IV
105.8, 1265, 1, RS, IV
105.9, 1136, 1, FS, V
105.9, 1219, 1, RS, IV
105.9, 1256, 1, RS, IV
105.9, 1267, 1, RS, IV
106, 1116, 1, FS, V
106, 1241, 1, RS, IV
106, 1248, 1, RS, IV
106, 1252, 1, RS, IV
106, 1273, 1, RS, IV
106, 1291, 1, FS, IV
106.1, 1127, 1, FS, V
106.1, 1196, 1, RS, IV
106.1, 1197, 1, RS, IV
106.1, 1210, 1, RS, IV
106.1, 1211, 1, RS, IV
106.1, 1282, 1, FS, IV
106.1, 1289, 1, FS, IV
106.2, 1200, 1, RS, IV
106.2, 1235, 1, RS, IV
106.2, 1237, 1, RS, IV
106.2, 1263, 1, RS, IV
106.2, 1288, 1, FS, IV
106.3, 1224, 1, RS, IV
106.3, 1242, 1, RS, IV
106.4, 1226, 1, RS, IV
106.4, 1285, 1, FS, IV
106.5, 450, 0, RS, IV
106.5, 1124, 1, FS, V
106.5, 1138, 1, FS, V
106.5, 1251, 1, RS, IV
106.5, 1283, 1, FS, IV
106.6, 1141, 1, FS, V
106.6, 1223, 1, RS, IV
106.7, 507, 0, RS, IV
106.7, 1121, 1, FS, V
106.7, 1271, 1, RS, IV
106.8, 1118, 1, FS, V
106.8, 1125, 1, FS, V
106.8, 1229, 1, RS, IV
106.8, 1247, 1, RS, IV
106.8, 1284, 1, FS, IV
106.9, 1122, 1, FS, V
107, 1131, 1, FS, V
107, 1292, 1, FS, IV
107.1, 452, 0, RS, IV
107.1, 1111, 1, FS, V
107.1, 1269, 1, RS, IV
107.1, 1275, 1, RS, IV
107.5, 1117, 1, FS, V
107.5, 1123, 1, FS, V
107.5, 1133, 1, FS, V
107.6, 1287, 1, FS, IV
107.8, 1280, 1, FS, IV
107.9, 448, 0, RS, IV
107.9, 1996, 2, RS, IV
108, 1126, 1, FS, V
108.1, 1232, 1, RS, IV
108.2, 445, 0, RS, IV
108.2, 497, 0, RS, IV
108.2, 1132, 1, FS, V
108.2, 1290, 1, FS, IV
108.2, 2014, 2, RS, IV
108.3, 1279, 1, FS, IV
108.3, 1286, 1, FS, IV
108.3, 1955, 2, RS, IV
108.5, 520, 0, FS, IV
108.5, 1128, 1, FS, V
108.5, 1476, 1, FS, III
108.6, 518, 0, FS, IV
108.6, 1380, 1, RS, III
108.6, 1451, 1, RS, III
108.6, 1500, 1, FS, III
108.6, 2047, 2, FS, IV
108.7, 521, 0, FS, IV
108.7, 524, 0, FS, IV
108.7, 1281, 1, FS, IV
108.7, 1306, 1, LTS, IV
108.7, 1956, 2, RS, IV
108.7, 2051, 2, FS, IV
108.8, 1373, 1, RS, III
108.8, 1490, 1, FS, III
108.8, 1501, 1, FS, III
108.8, 2040, 2, FS, IV
108.8, 2042, 2, FS, IV
108.8, 2048, 2, FS, IV
108.8, 2672, 3, LTS, V
108.9, 525, 0, FS, IV
108.9, 527, 0, FS, IV
108.9, 1282, 1, FS, IV
108.9, 1295, 1, LTS, IV
108.9, 1319, 1, RS, III
108.9, 1321, 1, RS, III
108.9, 1403, 1, RS, III
108.9, 1434, 1, RS, III
108.9, 1457, 1, RS, III
108.9, 1475, 1, FS, III
108.9, 1482, 1, FS, III
108.9, 1512, 1, FS, III
109, 505, 0, RS, IV
109, 519, 0, FS, IV
109, 523, 0, FS, IV
109, 529, 0, FS, IV
109, 1291, 1, FS, IV
109, 1316, 1, RS, III
109, 1385, 1, RS, III
109, 1399, 1, RS, III
109, 1420, 1, RS, III
109, 1463, 1, RS, III
109, 1477, 1, FS, III
109, 1507, 1, FS, III
109, 2043, 2, FS, IV
109, 2044, 2, FS, IV
109, 3577, 4, LTS, IV
109.1, 526, 0, FS, IV
109.1, 1283, 1, FS, IV
109.1, 1285, 1, FS, IV
109.1, 1301, 1, LTS, IV
109.1, 1310, 1, RS, III
109.1, 1311, 1, RS, III
109.1, 1386, 1, RS, III
109.1, 1465, 1, RS, III
109.1, 1471, 1, FS, III
109.1, 1484, 1, FS, III
109.1, 1997, 2, RS, IV
109.1, 2045, 2, FS, IV
109.1, 2049, 2, FS, IV
109.2, 528, 0, FS, IV
109.2, 530, 0, FS, IV
109.2, 531, 0, FS, IV
109.2, 1276, 1, RS, IV
109.2, 1303, 1, LTS, IV
109.2, 1309, 1, RS, III
109.2, 1314, 1, RS, III
109.2, 1421, 1, RS, III
109.2, 1430, 1, RS, III
109.2, 1438, 1, RS, III
109.2, 1460, 1, RS, III
109.3, 1288, 1, FS, IV
109.3, 1289, 1, FS, IV
109.3, 1374, 1, RS, III
109.3, 1406, 1, RS, III
109.3, 1409, 1, RS, III
109.3, 1416, 1, RS, III
109.3, 1419, 1, RS, III
109.3, 1423, 1, RS, III
109.3, 1425, 1, RS, III
109.3, 1502, 1, FS, III
109.3, 1969, 2, RS, IV
109.4, 480, 0, RS, IV
109.4, 1304, 1, LTS, IV
109.4, 1326, 1, RS, III
109.4, 1329, 1, RS, III
109.4, 1333, 1, RS, III
109.4, 1358, 1, RS, III
109.4, 1366, 1, RS, III
109.4, 1387, 1, RS, III
109.4, 1388, 1, RS, III
109.4, 1389, 1, RS, III
109.4, 1395, 1, RS, III
109.4, 1396, 1, RS, III
109.4, 1427, 1, RS, III
109.4, 1440, 1, RS, III
109.4, 1468, 1, RS, III
109.4, 1493, 1, FS, III
109.4, 1494, 1, FS, III
109.4, 1505, 1, FS, III
109.4, 2046, 2, FS, IV
109.5, 1293, 1, LTS, IV
109.5, 1328, 1, RS, III
109.5, 1368, 1, RS, III
109.5, 1379, 1, RS, III
109.5, 1392, 1, RS, III
109.5, 1410, 1, RS, III
109.5, 1424, 1, RS, III
109.5, 1426, 1, RS, III
109.5, 1442, 1, RS, III
109.5, 1447, 1, RS, III
109.5, 1458, 1, RS, III
109.5, 1467, 1, RS, III
109.5, 2041, 2, FS, IV
109.6, 1298, 1, LTS, IV
109.6, 1313, 1, RS, III
109.6, 1334, 1, RS, III
109.6, 1338, 1, RS, III
109.6, 1342, 1, RS, III
109.6, 1363, 1, RS, III
109.6, 1376, 1, RS, III
109.6, 1377, 1, RS, III
109.6, 1391, 1, RS, III
109.6, 1407, 1, RS, III
109.6, 1411, 1, RS, III
109.6, 1443, 1, RS, III
109.6, 1446, 1, RS, III
109.6, 1448, 1, RS, III
109.6, 1459, 1, RS, III
109.6, 1489, 1, FS, III
109.6, 2022, 2, RS, IV
109.7, 1284, 1, FS, IV
109.7, 1296, 1, LTS, IV
109.7, 1299, 1, LTS, IV
109.7, 1312, 1, RS, III
109.7, 1339, 1, RS, III
109.7, 1344, 1, RS, III
109.7, 1351, 1, RS, III
109.7, 1413, 1, RS, III
109.7, 1415, 1, RS, III
109.7, 1449, 1, RS, III
109.7, 1455, 1, RS, III
109.7, 1461, 1, RS, III
109.7, 1483, 1, FS, III
109.7, 1496, 1, FS, III
109.7, 1498, 1, FS, III
109.7, 2052, 2, FS, IV
109.8, 522, 0, FS, IV
109.8, 1292, 1, FS, IV
109.8, 1318, 1, RS, III
109.8, 1330, 1, RS, III
109.8, 1335, 1, RS, III
109.8, 1360, 1, RS, III
109.8, 1361, 1, RS, III
109.8, 1372, 1, RS, III
109.8, 1428, 1, RS, III
109.8, 2027, 2, RS, IV
109.9, 517, 0, RS, IV
109.9, 1302, 1, LTS, IV
109.9, 1320, 1, RS, III
109.9, 1322, 1, RS, III
109.9, 1331, 1, RS, III
109.9, 1350, 1, RS, III
109.9, 1364, 1, RS, III
109.9, 1384, 1, RS, III
109.9, 1390, 1, RS, III
109.9, 1393, 1, RS, III
109.9, 1405, 1, RS, III
109.9, 1436, 1, RS, III
109.9, 1439, 1, RS, III
109.9, 1454, 1, RS, III
109.9, 1473, 1, FS, III
109.9, 1504, 1, FS, III
109.9, 1506, 1, FS, III
109.9, 2050, 2, FS, IV
110, 1297, 1, LTS, IV
110, 1315, 1, RS, III
110, 1327, 1, RS, III
110, 1355, 1, RS, III
110, 1400, 1, RS, III
110, 1418, 1, RS, III
110, 1431, 1, RS, III
110, 1432, 1, RS, III
110, 1472, 1, FS, III
110, 1478, 1, FS, III
110, 1480, 1, FS, III
110, 1481, 1, FS, III
110, 1495, 1, FS, III
110, 1497, 1, FS, III
110, 1991, 2, RS, IV
110.1, 472, 0, RS, IV
110.1, 1336, 1, RS, III
110.1, 1337, 1, RS, III
110.1, 1341, 1, RS, III
110.1, 1370, 1, RS, III
110.1, 1381, 1, RS, III
110.1, 1417, 1, RS, III
110.1, 1435, 1, RS, III
110.1, 1487, 1, FS, III
110.2, 438, 0, RS, IV
110.2, 1287, 1, FS, IV
110.2, 1307, 1, RS, III
110.2, 1414, 1, RS, III
110.2, 1444, 1, RS, III
110.2, 1456, 1, RS, III
110.2, 1492, 1, FS, III
110.2, 2053, 2, FS, IV
110.3, 1300, 1, LTS, IV
110.3, 1324, 1, RS, III
110.3, 1325, 1, RS, III
110.3, 1353, 1, RS, III
110.3, 1367, 1, RS, III
110.3, 1369, 1, RS, III
110.3, 1429, 1, RS, III
110.3, 1445, 1, RS, III
110.3, 1470, 1, FS, III
110.3, 1499, 1, FS, III
110.3, 1967, 2, RS, IV
110.4, 1332, 1, RS, III
110.4, 1340, 1, RS, III
110.4, 1362, 1, RS, III
110.4, 1378, 1, RS, III
110.4, 1408, 1, RS, III
110.4, 1474, 1, FS, III
110.4, 1509, 1, FS, III
110.5, 1308, 1, RS, III
110.5, 1347, 1, RS, III
110.5, 1375, 1, RS, III
110.5, 1394, 1, RS, III
110.5, 1397, 1, RS, III
110.5, 1412, 1, RS, III
110.5, 1462, 1, RS, III
110.5, 1464, 1, RS, III
110.6, 1348, 1, RS, III
110.6, 1349, 1, RS, III
110.6, 1402, 1, RS, III
110.6, 1466, 1, RS, III
110.6, 1511, 1, FS, III
110.7, 1280, 1, FS, IV
110.7, 1345, 1, RS, III
110.7, 1356, 1, RS, III
110.7, 1401, 1, RS, III
110.7, 1441, 1, RS, III
110.7, 1450, 1, RS, III
110.7, 1453, 1, RS, III
110.7, 1491, 1, FS, III
110.8, 1371, 1, RS, III
110.8, 1422, 1, RS, III
110.8, 1488, 1, FS, III
110.8, 1503, 1, FS, III
110.9, 1290, 1, FS, IV
110.9, 1357, 1, RS, III
110.9, 1398, 1, RS, III
110.9, 1510, 1, FS, III
111, 1305, 1, LTS, IV
111, 1433, 1, RS, III
111, 1437, 1, RS, III
111.1, 1359, 1, RS, III
111.1, 1404, 1, RS, III
111.2, 1279, 1, FS, IV
111.2, 1286, 1, FS, IV
111.2, 1354, 1, RS, III
111.2, 1382, 1, RS, III
111.3, 1346, 1, RS, III
111.3, 1383, 1, RS, III
111.3, 1452, 1, RS, III
111.3, 1500, 1, FS, III
111.4, 524, 0, FS, IV
111.4, 1479, 1, FS, III
111.4, 2048, 2, FS, IV
111.5, 518, 0, FS, IV
111.5, 521, 0, FS, IV
111.5, 2002, 2, RS, IV
111.5, 2047, 2, FS, IV
111.5, 2051, 2, FS, IV
111.6, 520, 0, FS, IV
111.6, 1205, 1, RS, IV
111.6, 2044, 2, FS, IV
111.6, 3035, 3, LTS, III
111.7, 451, 0, RS, IV
111.7, 526, 0, FS, IV
111.7, 529, 0, FS, IV
111.7, 1260, 1, RS, IV
111.7, 1282, 1, FS, IV
111.7, 1283, 1, FS, IV
111.7, 1469, 1, RS, III
111.7, 1475, 1, FS, III
111.7, 1476, 1, FS, III
111.7, 1485, 1, FS, III
111.7, 1508, 1, FS, III
111.7, 2040, 2, FS, IV
111.8, 525, 0, FS, IV
111.8, 1230, 1, RS, IV
111.8, 1281, 1, FS, IV
111.8, 1285, 1, FS, IV
111.8, 1352, 1, RS, III
111.8, 1501, 1, FS, III
111.8, 2043, 2, FS, IV
111.9, 519, 0, FS, IV
111.9, 523, 0, FS, IV
111.9, 1507, 1, FS, III
111.9, 2042, 2, FS, IV
112, 527, 0, FS, IV
112, 1291, 1, FS, IV
112, 1343, 1, RS, III
112, 1365, 1, RS, III
112, 1512, 1, FS, III
112, 2045, 2, FS, IV
112.1, 2046, 2, FS, IV
112.2, 530, 0, FS, IV
112.2, 1203, 1, RS, IV
112.2, 1486, 1, FS, III
112.2, 2049, 2, FS, IV
112.3, 1317, 1, RS, III
112.4, 528, 0, FS, IV
112.4, 1199, 1, RS, IV
112.4, 1288, 1, FS, IV
112.5, 531, 0, FS, IV
112.5, 1086, 1, RS, V
112.5, 1289, 1, FS, IV
112.6, 1242, 1, RS, IV
112.6, 1284, 1, FS, IV
112.6, 1292, 1, FS, IV
112.6, 2812, 3, FS, IV
112.7, 2052, 2, FS, IV
112.8, 512, 0, RS, IV
112.8, 722, 0, FS, III
112.8, 1200, 1, RS, IV
112.8, 1471, 1, FS, III
112.8, 1490, 1, FS, III
112.8, 2041, 2, FS, IV
112.8, 2266, 2, FS, III
112.8, 2807, 3, FS, IV
112.9, 731, 0, FS, III
112.9, 734, 0, FS, III
112.9, 1110, 1, RS, V
112.9, 1502, 1, FS, III
112.9, 2009, 2, RS, IV
112.9, 2254, 2, FS, III
112.9, 2804, 3, FS, IV
112.9, 2805, 3, FS, IV
113, 718, 0, FS, III
113, 1038, 1, RS, V
113, 2264, 2, FS, III
113, 2802, 3, FS, IV
113.1, 745, 0, FS, III
113.1, 1051, 1, RS, V
113.1, 1079, 1, RS, V
113.1, 2020, 2, RS, IV
113.1, 2244, 2, FS, III
113.1, 2246, 2, FS, III
113.2, 739, 0, FS, III
113.2, 1037, 1, RS, V
113.2, 1041, 1, RS, V
113.2, 1068, 1, RS, V
113.2, 1080, 1, RS, V
113.2, 1246, 1, RS, IV
113.2, 2242, 2, FS, III
113.2, 2245, 2, FS, III
113.2, 2258, 2, FS, III
113.2, 2813, 3, FS, IV
113.3, 729, 0, FS, III
113.3, 1056, 1, RS, V
113.3, 1168, 1, IB, V
113.3, 1494, 1, FS, III
113.3, 2231, 2, FS, III
113.3, 2233, 2, FS, III
113.3, 2263, 2, FS, III
113.4, 747, 0, FS, III
113.4, 751, 0, FS, III
113.4, 1071, 1, RS, V
113.4, 1074, 1, RS, V
113.4, 1076, 1, RS, V
113.4, 1085, 1, RS, V
113.4, 1101, 1, RS, V
113.4, 1103, 1, RS, V
113.4, 1105, 1, RS, V
113.4, 1175, 1, IB, V
113.4, 1287, 1, FS, IV
113.4, 2240, 2, FS, III
113.4, 2271, 2, FS, III
113.4, 2272, 2, FS, III
113.5, 728, 0, FS, III
113.5, 736, 0, FS, III
113.5, 740, 0, FS, III
113.5, 750, 0, FS, III
113.5, 1046, 1, RS, V
113.5, 1057, 1, RS, V
113.5, 1097, 1, RS, V
113.5, 1169, 1, IB, V
113.5, 1182, 1, IB, V
113.5, 2253, 2, FS, III
113.5, 2273, 2, FS, III
113.5, 2810, 3, FS, IV
113.6, 522, 0, FS, IV
113.6, 710, 0, FS, III
113.6, 714, 0, FS, III
113.6, 716, 0, FS, III
113.6, 723, 0, FS, III
113.6, 737, 0, FS, III
113.6, 1049, 1, RS, V
113.6, 1054, 1, RS, V
113.6, 1073, 1, RS, V
113.6, 1088, 1, RS, V
113.6, 1091, 1, RS, V
113.6, 1100, 1, RS, V
113.6, 1167, 1, IB, V
113.6, 1180, 1, IB, V
113.6, 1280, 1, FS, IV
113.6, 2237, 2, FS, III
113.6, 2248, 2, FS, III
113.6, 2250, 2, FS, III
113.6, 2255, 2, FS, III
113.6, 2262, 2, FS, III
113.6, 2268, 2, FS, III
113.6, 2801, 3, FS, IV
113.7, 715, 0, FS, III
113.7, 721, 0, FS, III
113.7, 724, 0, FS, III
113.7, 741, 0, FS, III
113.7, 1067, 1, RS, V
113.7, 1069, 1, RS, V
113.7, 1087, 1, RS, V
113.7, 1185, 1, IB, V
113.8, 713, 0, FS, III
113.8, 725, 0, FS, III
113.8, 742, 0, FS, III
113.8, 1039, 1, RS, V
113.8, 1077, 1, RS, V
113.8, 1082, 1, RS, V
113.8, 1089, 1, RS, V
113.8, 1092, 1, RS, V
113.8, 1098, 1, RS, V
113.8, 1106, 1, RS, V
113.8, 1165, 1, IB, V
113.8, 1306, 1, LTS, IV
113.8, 2235, 2, FS, III
113.8, 2239, 2, FS, III
113.8, 2247, 2, FS, III
113.8, 2249, 2, FS, III
113.8, 2252, 2, FS, III
113.8, 2257, 2, FS, III
113.8, 2259, 2, FS, III
113.8, 2267, 2, FS, III
113.9, 732, 0, FS, III
113.9, 743, 0, FS, III
113.9, 746, 0, FS, III
113.9, 1050, 1, RS, V
113.9, 1055, 1, RS, V
113.9, 1062, 1, RS, V
113.9, 1070, 1, RS, V
113.9, 1078, 1, RS, V
113.9, 1094, 1, RS, V
113.9, 1166, 1, IB, V
113.9, 1173, 1, IB, V
113.9, 1176, 1, IB, V
113.9, 1187, 1, IB, V
113.9, 2234, 2, FS, III
113.9, 2265, 2, FS, III
114, 711, 0, FS, III
114, 712, 0, FS, III
114, 726, 0, FS, III
114, 735, 0, FS, III
114, 1044, 1, RS, V
114, 1095, 1, RS, V
114, 1104, 1, RS, V
114, 1107, 1, RS, V
114, 1163, 1, IB, V
114, 1174, 1, IB, V
114, 1179, 1, IB, V
114, 1294, 1, LTS, IV
114, 1295, 1, LTS, IV
114, 1470, 1, FS, III
114, 2269, 2, FS, III
114, 2270, 2, FS, III
114.1, 717, 0, FS, III
114.1, 719, 0, FS, III
114.1, 730, 0, FS, III
114.1, 733, 0, FS, III
114.1, 1035, 1, RS, V
114.1, 1042, 1, RS, V
114.1, 1052, 1, RS, V
114.1, 1065, 1, RS, V
114.1, 1072, 1, RS, V
114.1, 1081, 1, RS, V
114.1, 1093, 1, RS, V
114.1, 1099, 1, RS, V
114.1, 1109, 1, RS, V
114.1, 1170, 1, IB, V
114.1, 1183, 1, IB, V
114.1, 1189, 1, IB, V
114.1, 1191, 1, IB, V
114.1, 2241, 2, FS, III
114.1, 2256, 2, FS, III
114.2, 709, 0, FS, III
114.2, 1036, 1, RS, V
114.2, 1053, 1, RS, V
114.2, 1096, 1, RS, V
114.2, 1171, 1, IB, V
114.2, 1178, 1, IB, V
114.2, 1186, 1, IB, V
114.2, 1190, 1, IB, V
114.2, 1496, 1, FS, III
114.2, 2232, 2, FS, III
114.2, 2260, 2, FS, III
114.2, 2261, 2, FS, III
114.3, 749, 0, FS, III
114.3, 1047, 1, RS, V
114.3, 1059, 1, RS, V
114.3, 1063, 1, RS, V
114.3, 1075, 1, RS, V
114.3, 1083, 1, RS, V
114.3, 1108, 1, RS, V
114.3, 1172, 1, IB, V
114.3, 1177, 1, IB, V
114.3, 2243, 2, FS, III
114.4, 744, 0, FS, III
114.4, 1043, 1, RS, V
114.4, 1045, 1, RS, V
114.4, 1058, 1, RS, V
114.4, 1060, 1, RS, V
114.4, 1102, 1, RS, V
114.4, 1192, 1, IB, V
114.4, 1380, 1, RS, III
114.4, 1472, 1, FS, III
114.4, 2803, 3, FS, IV
114.5, 720, 0, FS, III
114.5, 1048, 1, RS, V
114.5, 1061, 1, RS, V
114.5, 1164, 1, IB, V
114.5, 1181, 1, IB, V
114.5, 1506, 1, FS, III
114.5, 2236, 2, FS, III
114.5, 2238, 2, FS, III
114.6, 727, 0, FS, III
114.6, 748, 0, FS, III
114.6, 1034, 1, RS, V
114.6, 1064, 1, RS, V
114.6, 1066, 1, RS, V
114.6, 1188, 1, IB, V
114.6, 1451, 1, RS, III
114.7, 738, 0, FS, III
114.7, 1033, 1, RS, V
114.7, 1040, 1, RS, V
114.7, 1084, 1, RS, V
114.7, 1090, 1, RS, V
114.7, 1403, 1, RS, III
114.7, 1457, 1, RS, III
114.7, 2808, 3, FS, IV
114.8, 1184, 1, IB, V
114.8, 2251, 2, FS, III
114.8, 2811, 3, FS, IV
114.9, 1310, 1, RS, III
114.9, 1385, 1, RS, III
115, 1319, 1, RS, III
115, 1323, 1, RS, III
115, 1399, 1, RS, III
115, 1420, 1, RS, III
115, 1438, 1, RS, III
115.1, 1321, 1, RS, III
115.2, 1333, 1, RS, III
115.2, 1386, 1, RS, III
115.2, 1427, 1, RS, III
115.2, 1434, 1, RS, III
115.2, 2809, 3, FS, IV
115.3, 1314, 1, RS, III
115.3, 1316, 1, RS, III
115.3, 1358, 1, RS, III
115.3, 1368, 1, RS, III
115.3, 1426, 1, RS, III
115.4, 1342, 1, RS, III
115.4, 1395, 1, RS, III
115.4, 1440, 1, RS, III
115.5, 1326, 1, RS, III
115.5, 1338, 1, RS, III
115.5, 1377, 1, RS, III
115.5, 1423, 1, RS, III
115.5, 1430, 1, RS, III
115.5, 1458, 1, RS, III
115.5, 1463, 1, RS, III
115.6, 731, 0, FS, III
115.6, 1328, 1, RS, III
115.6, 1389, 1, RS, III
115.6, 1396, 1, RS, III
115.6, 1439, 1, RS, III
115.6, 1447, 1, RS, III
115.6, 1455, 1, RS, III
115.6, 3034, 3, FS, III
115.7, 1335, 1, RS, III
115.7, 1339, 1, RS, III
115.7, 1355, 1, RS, III
115.7, 1366, 1, RS, III
115.7, 1373, 1, RS, III
115.7, 1374, 1, RS, III
115.7, 1407, 1, RS, III
115.7, 1419, 1, RS, III
115.7, 1449, 1, RS, III
115.7, 2246, 2, FS, III
115.7, 2254, 2, FS, III
115.8, 1301, 1, LTS, IV
115.8, 1388, 1, RS, III
115.8, 1392, 1, RS, III
115.8, 1409, 1, RS, III
115.8, 1415, 1, RS, III
115.8, 1416, 1, RS, III
115.8, 2264, 2, FS, III
115.9, 739, 0, FS, III
115.9, 1311, 1, RS, III
115.9, 1337, 1, RS, III
115.9, 1344, 1, RS, III
115.9, 1379, 1, RS, III
115.9, 1381, 1, RS, III
115.9, 1413, 1, RS, III
115.9, 1461, 1, RS, III
115.9, 3018, 3, FS, III
116, 718, 0, FS, III
116, 722, 0, FS, III
116, 734, 0, FS, III
116, 1309, 1, RS, III
116, 1324, 1, RS, III
116, 1329, 1, RS, III
116, 1334, 1, RS, III
116, 1410, 1, RS, III
116, 1432, 1, RS, III
116, 1465, 1, RS, III
116, 2030, 2, RS, IV
116, 2266, 2, FS, III
116, 2993, 3, FS, III
116, 3000, 3, FS, III
116, 3002, 3, FS, III
116.1, 1318, 1, RS, III
116.1, 1350, 1, RS, III
116.1, 1363, 1, RS, III
116.1, 1387, 1, RS, III
116.1, 1400, 1, RS, III
116.1, 1405, 1, RS, III
116.1, 1406, 1, RS, III
116.1, 1425, 1, RS, III
116.1, 1442, 1, RS, III
116.1, 1448, 1, RS, III
116.1, 1460, 1, RS, III
116.1, 1467, 1, RS, III
116.1, 1468, 1, RS, III
116.1, 3015, 3, FS, III
116.2, 1372, 1, RS, III
116.2, 1411, 1, RS, III
116.2, 1414, 1, RS, III
116.2, 1435, 1, RS, III
116.2, 2242, 2, FS, III
116.2, 2271, 2, FS, III
116.3, 729, 0, FS, III
116.3, 736, 0, FS, III
116.3, 745, 0, FS, III
116.3, 1320, 1, RS, III
116.3, 1330, 1, RS, III
116.3, 1424, 1, RS, III
116.3, 1428, 1, RS, III
116.3, 1459, 1, RS, III
116.3, 2244, 2, FS, III
116.3, 3027, 3, FS, III
116.3, 3028, 3, FS, III
116.3, 3029, 3, FS, III
116.4, 597, 0, RS, III
116.4, 750, 0, FS, III
116.4, 1341, 1, RS, III
116.4, 1351, 1, RS, III
116.4, 1378, 1, RS, III
116.4, 1443, 1, RS, III
116.4, 1444, 1, RS, III
116.4, 2240, 2, FS, III
116.4, 2995, 3, FS, III
116.4, 3026, 3, FS, III
116.4, 3031, 3, FS, III
116.5, 1175, 1, IB, V
116.5, 1312, 1, RS, III
116.5, 1391, 1, RS, III
116.5, 2233, 2, FS, III
116.5, 2992, 3, FS, III
116.5, 3011, 3, FS, III
116.5, 3030, 3, FS, III
116.6, 1168, 1, IB, V
116.6, 1182, 1, IB, V
116.6, 1327, 1, RS, III
116.6, 1340, 1, RS, III
116.6, 1360, 1, RS, III
116.6, 1412, 1, RS, III
116.6, 2250, 2, FS, III
116.6, 3010, 3, FS, III
116.6, 3014, 3, FS, III
116.7, 1169, 1, IB, V
116.7, 1308, 1, RS, III
116.7, 1315, 1, RS, III
116.7, 1353, 1, RS, III
116.7, 1364, 1, RS, III
116.7, 1397, 1, RS, III
116.7, 1431, 1, RS, III
116.7, 1454, 1, RS, III
116.7, 2997, 3, FS, III
116.7, 3016, 3, FS, III
116.8, 1167, 1, IB, V
116.8, 1322, 1, RS, III
116.8, 2259, 2, FS, III
116.8, 3024, 3, FS, III
116.9, 1165, 1, IB, V
116.9, 1180, 1, IB, V
116.9, 1345, 1, RS, III
116.9, 1347, 1, RS, III
116.9, 1429, 1, RS, III
116.9, 3006, 3, FS, III
116.9, 3021, 3, FS, III
117, 1176, 1, IB, V
117, 1370, 1, RS, III
117, 1398, 1, RS, III
117, 1417, 1, RS, III
117, 1422, 1, RS, III
117, 1462, 1, RS, III
117, 3033, 3, FS, III
117.1, 1173, 1, IB, V
117.1, 1185, 1, IB, V
117.1, 1296, 1, LTS, IV
117.1, 1299, 1, LTS, IV
117.1, 1464, 1, RS, III
117.1, 2248, 2, FS, III
117.2, 1445, 1, RS, III
117.2, 2994, 3, FS, III
117.3, 1178, 1, IB, V
117.3, 1183, 1, IB, V
117.3, 1408, 1, RS, III
117.3, 3005, 3, FS, III
117.3, 3025, 3, FS, III
117.4, 1111, 1, FS, V
117.4, 1136, 1, FS, V
117.4, 1163, 1, IB, V
117.4, 1166, 1, IB, V
117.4, 1171, 1, IB, V
117.4, 1177, 1, IB, V
117.4, 1179, 1, IB, V
117.4, 3023, 3, FS, III
117.5, 1187, 1, IB, V
117.5, 1371, 1, RS, III
117.6, 1170, 1, IB, V
117.6, 1174, 1, IB, V
117.6, 1190, 1, IB, V
117.6, 2999, 3, FS, III
117.7, 1115, 1, FS, V
117.7, 1130, 1, FS, V
117.8, 1112, 1, FS, V
117.8, 1126, 1, FS, V
117.8, 1127, 1, FS, V
117.8, 1181, 1, IB, V
117.8, 1189, 1, IB, V
117.8, 1191, 1, IB, V
117.8, 1192, 1, IB, V
117.8, 1354, 1, RS, III
117.8, 3020, 3, FS, III
117.9, 1124, 1, FS, V
117.9, 1129, 1, FS, V
117.9, 1138, 1, FS, V
117.9, 1172, 1, IB, V
117.9, 1186, 1, IB, V
117.9, 1298, 1, LTS, IV
118, 1114, 1, FS, V
118, 1125, 1, FS, V
118, 1133, 1, FS, V
118, 1134, 1, FS, V
118, 1164, 1, IB, V
118, 3012, 3, FS, III
118.1, 1119, 1, FS, V
118.1, 1137, 1, FS, V
118.1, 1141, 1, FS, V
118.1, 1142, 1, FS, V
118.1, 1188, 1, IB, V
118.1, 3003, 3, FS, III
118.1, 3032, 3, FS, III
118.2, 1113, 1, FS, V
118.2, 1303, 1, LTS, IV
118.2, 3017, 3, FS, III
118.3, 1086, 1, RS, V
118.3, 1116, 1, FS, V
118.3, 1131, 1, FS, V
118.3, 1135, 1, FS, V
118.3, 1184, 1, IB, V
118.4, 1118, 1, FS, V
118.4, 1122, 1, FS, V
118.4, 1132, 1, FS, V
118.4, 1512, 1, FS, III
118.4, 3004, 3, FS, III
118.4, 3019, 3, FS, III
118.5, 1120, 1, FS, V
118.5, 3022, 3, FS, III
118.6, 1343, 1, RS, III
118.6, 1478, 1, FS, III
118.6, 1494, 1, FS, III
118.7, 1140, 1, FS, V
118.7, 1352, 1, RS, III
118.7, 1515, 1, LTS, III
118.7, 2998, 3, FS, III
118.8, 1121, 1, FS, V
118.8, 1128, 1, FS, V
118.8, 1477, 1, FS, III
118.8, 3013, 3, FS, III
118.9, 1117, 1, FS, V
118.9, 1306, 1, LTS, IV
118.9, 1475, 1, FS, III
118.9, 1872, 2, FS, V
118.9, 1900, 2, FS, V
119, 1302, 1, LTS, IV
119, 1501, 1, FS, III
119, 3009, 3, FS, III
119.1, 376, 0, FS, V
119.1, 1071, 1, RS, V
119.1, 1079, 1, RS, V
119.1, 1110, 1, RS, V
119.1, 1139, 1, FS, V
119.1, 1295, 1, LTS, IV
119.1, 1491, 1, FS, III
119.1, 1499, 1, FS, III
119.1, 1506, 1, FS, III
119.1, 1509, 1, FS, III
119.2, 1080, 1, RS, V
119.2, 1503, 1, FS, III
119.3, 366, 0, FS, V
119.3, 1056, 1, RS, V
119.3, 1123, 1, FS, V
119.3, 1485, 1, FS, III
119.3, 1507, 1, FS, III
119.4, 357, 0, FS, V
119.4, 360, 0, FS, V
119.4, 1300, 1, LTS, IV
119.4, 1874, 2, FS, V
119.4, 1902, 2, FS, V
119.5, 426, 0, IB, V
119.5, 1085, 1, RS, V
119.5, 1105, 1, RS, V
119.5, 1484, 1, FS, III
119.5, 1496, 1, FS, III
119.5, 1498, 1, FS, III
119.6, 419, 0, IB, V
119.6, 1175, 1, IB, V
119.6, 1346, 1, RS, III
119.6, 1473, 1, FS, III
119.6, 1476, 1, FS, III
119.6, 1479, 1, FS, III
119.6, 1502, 1, FS, III
119.7, 1038, 1, RS, V
119.7, 1046, 1, RS, V
119.7, 1182, 1, IB, V
119.7, 1481, 1, FS, III
119.7, 1881, 2, FS, V
119.7, 1926, 2, IB, V
119.7, 1937, 2, IB, V
119.7, 1946, 2, IB, V
119.8, 351, 0, FS, V
119.8, 359, 0, FS, V
119.8, 1074, 1, RS, V
119.8, 1076, 1, RS, V
119.8, 1089, 1, RS, V
119.8, 1488, 1, FS, III
119.8, 1508, 1, FS, III
119.8, 1892, 2, FS, V
119.8, 1903, 2, FS, V
119.9, 368, 0, FS, V
119.9, 1037, 1, RS, V
119.9, 1039, 1, RS, V
119.9, 1098, 1, RS, V
119.9, 1168, 1, IB, V
119.9, 1169, 1, IB, V
119.9, 1472, 1, FS, III
119.9, 1489, 1, FS, III
120, 1041, 1, RS, V
120, 1051, 1, RS, V
120, 1052, 1, RS, V
120, 1068, 1, RS, V
120, 1087, 1, RS, V
120, 1091, 1, RS, V
120, 1097, 1, RS, V
120, 1165, 1, IB, V
120, 1167, 1, IB, V
120, 1486, 1, FS, III
120, 1500, 1, FS, III
120, 1877, 2, FS, V
120.1, 378, 0, FS, V
120.1, 381, 0, FS, V
120.1, 1050, 1, RS, V
120.1, 1054, 1, RS, V
120.1, 1065, 1, RS, V
120.1, 1077, 1, RS, V
120.1, 1092, 1, RS, V
120.1, 1096, 1, RS, V
120.1, 1100, 1, RS, V
120.1, 1106, 1, RS, V
120.1, 1176, 1, IB, V
120.1, 1493, 1, FS, III
120.1, 1942, 2, IB, V
120.2, 1060, 1, RS, V
120.2, 1073, 1, RS, V
120.2, 1081, 1, RS, V
120.2, 1082, 1, RS, V
120.2, 1101, 1, RS, V
120.2, 1103, 1, RS, V
120.2, 1108, 1, RS, V
120.2, 1180, 1, IB, V
120.2, 1890, 2, FS, V
120.2, 1943, 2, IB, V
120.3, 1042, 1, RS, V
120.3, 1047, 1, RS, V
120.3, 1057, 1, RS, V
120.3, 1061, 1, RS, V
120.3, 1067, 1, RS, V
120.3, 1115, 1, FS, V
120.3, 1173, 1, IB, V
120.3, 1301, 1, LTS, IV
120.3, 1510, 1, FS, III
120.3, 1897, 2, FS, V
120.3, 1901, 2, FS, V
120.3, 1934, 2, IB, V
120.4, 361, 0, FS, V
120.4, 1035, 1, RS, V
120.4, 1063, 1, RS, V
120.4, 1088, 1, RS, V
120.4, 1099, 1, RS, V
120.4, 1104, 1, RS, V
120.4, 1130, 1, FS, V
120.4, 1136, 1, FS, V
120.4, 1178, 1, IB, V
120.4, 1483, 1, FS, III
120.4, 1490, 1, FS, III
120.4, 1505, 1, FS, III
120.4, 1948, 2, IB, V
120.5, 363, 0, FS, V
120.5, 1033, 1, RS, V
120.5, 1034, 1, RS, V
120.5, 1044, 1, RS, V
120.5, 1049, 1, RS, V
120.5, 1055, 1, RS, V
120.5, 1059, 1, RS, V
120.5, 1069, 1, RS, V
120.5, 1070, 1, RS, V
120.5, 1075, 1, RS, V
120.5, 1078, 1, RS, V
120.5, 1111, 1, FS, V
120.5, 1177, 1, IB, V
120.5, 1183, 1, IB, V
120.5, 1185, 1, IB, V
120.5, 1495, 1, FS, III
120.5, 1885, 2, FS, V
120.5, 1896, 2, FS, V
120.5, 1929, 2, IB, V
120.6, 1064, 1, RS, V
120.6, 1094, 1, RS, V
120.6, 1114, 1, FS, V
120.6, 1171, 1, IB, V
120.6, 1859, 2, RS, V
120.6, 1887, 2, FS, V
120.7, 354, 0, FS, V
120.7, 369, 0, FS, V
120.7, 421, 0, IB, V
120.7, 1072, 1, RS, V
120.7, 1109, 1, RS, V
120.7, 1112, 1, FS, V
120.7, 1504, 1, FS, III
120.7, 1888, 2, FS, V
120.8, 371, 0, FS, V
120.8, 416, 0, IB, V
120.8, 1062, 1, RS, V
120.8, 1093, 1, RS, V
120.8, 1107, 1, RS, V
120.8, 1126, 1, FS, V
120.8, 1134, 1, FS, V
120.8, 1138, 1, FS, V
120.8, 1141, 1, FS, V
120.8, 1163, 1, IB, V
120.8, 1179, 1, IB, V
120.9, 411, 0, IB, V
120.9, 1043, 1, RS, V
120.9, 1095, 1, RS, V
120.9, 1127, 1, FS, V
120.9, 1129, 1, FS, V
120.9, 1142, 1, FS, V
120.9, 1166, 1, IB, V
120.9, 1492, 1, FS, III
121, 402, 0, IB, V
121, 1036, 1, RS, V
121, 1048, 1, RS, V
121, 1083, 1, RS, V
121, 1119, 1, FS, V
121, 1124, 1, FS, V
121, 1133, 1, FS, V
121, 1190, 1, IB, V
121, 1516, 1, LTS, III
121.1, 355, 0, FS, V
121.1, 427, 0, IB, V
121.1, 428, 0, IB, V
121.1, 1045, 1, RS, V
121.1, 1053, 1, RS, V
121.1, 1090, 1, RS, V
121.1, 1131, 1, FS, V
121.1, 1132, 1, FS, V
121.1, 1170, 1, IB, V
121.1, 1181, 1, IB, V
121.1, 1187, 1, IB, V
121.1, 1883, 2, FS, V
121.1, 1925, 2, IB, V
121.2, 356, 0, FS, V
121.2, 362, 0, FS, V
121.2, 1040, 1, RS, V
121.2, 1066, 1, RS, V
121.2, 1102, 1, RS, V
121.2, 1125, 1, FS, V
121.2, 1137, 1, FS, V
121.2, 1174, 1, IB, V
121.2, 1192, 1, IB, V
121.2, 1480, 1, FS, III
121.2, 1482, 1, FS, III
121.2, 1927, 2, IB, V
121.3, 331, 0, RS, V
121.3, 424, 0, IB, V
121.3, 1058, 1, RS, V
121.4, 286, 0, RS, V
121.4, 353, 0, FS, V
121.4, 373, 0, FS, V
121.4, 1824, 2, RS, V
121.4, 1867, 2, RS, V
121.5, 364, 0, FS, V
121.5, 372, 0, FS, V
121.5, 407, 0, IB, V
121.5, 1084, 1, RS, V
121.5, 1140, 1, FS, V
121.5, 1164, 1, IB, V
121.5, 1172, 1, IB, V
121.5, 1189, 1, IB, V
121.5, 1191, 1, IB, V
121.5, 1299, 1, LTS, IV
121.5, 1470, 1, FS, III
121.5, 1478, 1, FS, III
121.5, 1494, 1, FS, III
121.5, 1512, 1, FS, III
121.5, 1891, 2, FS, V
121.5, 1895, 2, FS, V
121.6, 311, 0, RS, V
121.6, 403, 0, IB, V
121.6, 429, 0, IB, V
121.6, 1186, 1, IB, V
121.6, 1188, 1, IB, V
121.6, 1511, 1, FS, III
121.6, 1878, 2, FS, V
121.6, 1884, 2, FS, V
121.6, 1945, 2, IB, V
121.7, 1113, 1, FS, V
121.7, 1475, 1, FS, III
121.7, 1501, 1, FS, III
121.8, 1184, 1, IB, V
121.8, 1293, 1, LTS, IV
121.8, 1474, 1, FS, III
121.8, 1806, 2, RS, V
121.8, 1950, 2, IB, V
121.9, 1477, 1, FS, III
121.9, 1499, 1, FS, III
121.9, 1940, 2, IB, V
122, 352, 0, FS, V
122, 1116, 1, FS, V
122, 1118, 1, FS, V
122, 1491, 1, FS, III
122, 1503, 1, FS, III
122, 1924, 2, IB, V
122.1, 398, 0, LTS, V
122.1, 797, 1, RS, VI
122.1, 836, 1, RS, VI
122.1, 1120, 1, FS, V
122.1, 1873, 2, FS, V
122.1, 1886, 2, FS, V
122.2, 365, 0, FS, V
122.2, 379, 0, FS, V
122.2, 1296, 1, LTS, IV
122.2, 1509, 1, FS, III
122.3, 1506, 1, FS, III
122.4, 1485, 1, FS, III
122.4, 1871, 2, RS, V
122.4, 1935, 2, IB, V
122.5, 1135, 1, FS, V
122.5, 1830, 2, RS, V
122.5, 1939, 2, IB, V
122.6, 350, 0, FS, V
122.6, 1122, 1, FS, V
122.6, 1303, 1, LTS, IV
122.6, 1507, 1, FS, III
122.6, 1823, 2, RS, V
122.7, 408, 0, IB, V
122.7, 1175, 1, IB, V
122.8, 1182, 1, IB, V
122.9, 358, 0, FS, V
122.9, 393, 0, LTS, V
122.9, 419, 0, IB, V
122.9, 1298, 1, LTS, IV
122.9, 1304, 1, LTS, IV
123, 1297, 1, LTS, IV
123, 1875, 2, FS, V
123, 1876, 2, FS, V
123, 1933, 2, IB, V
123, 2710, 3, IB, V
123.1, 870, 1, RS, VI
123.1, 1165, 1, IB, V
123.1, 1169, 1, IB, V
123.1, 1316, 1, RS, III
123.1, 1514, 1, LTS, III
123.1, 1910, 2, LTS, V
123.2, 1114, 1, FS, V
123.2, 1121, 1, FS, V
123.2, 1167, 1, IB, V
123.2, 1168, 1, IB, V
123.2, 1176, 1, IB, V
123.2, 1826, 2, RS, V
123.3, 1515, 1, LTS, III
123.3, 1898, 2, FS, V
123.4, 404, 0, IB, V
123.4, 425, 0, IB, V
123.4, 1115, 1, FS, V
123.4, 1130, 1, FS, V
123.4, 1136, 1, FS, V
123.5, 405, 0, IB, V
123.5, 1173, 1, IB, V
123.5, 1178, 1, IB, V
123.5, 1180, 1, IB, V
123.5, 1934, 2, IB, V
123.5, 2693, 3, IB, V
123.6, 984, 1, RS, VI
123.6, 1111, 1, FS, V
123.6, 1112, 1, FS, V
123.6, 1177, 1, IB, V
123.7, 945, 1, RS, VI
123.7, 1138, 1, FS, V
123.7, 1142, 1, FS, V
123.7, 1183, 1, IB, V
123.7, 1920, 2, LTS, V
123.8, 374, 0, FS, V
123.8, 880, 1, RS, VI
123.8, 942, 1, RS, VI
123.8, 1171, 1, IB, V
123.8, 1302, 1, LTS, IV
123.8, 1476, 1, FS, III
123.8, 1799, 2, RS, V
123.8, 1880, 2, FS, V
123.9, 341, 0, RS, V
123.9, 981, 1, RS, VI
123.9, 1185, 1, IB, V
123.9, 1300, 1, LTS, IV
123.9, 1500, 1, FS, III
124, 321, 0, RS, V
124, 1133, 1, FS, V
124, 1306, 1, LTS, IV
124, 1502, 1, FS, III
124, 1889, 2, FS, V
124, 1946, 2, IB, V
124, 1948, 2, IB, V
124.1, 370, 0, FS, V
124.1, 413, 0, IB, V
124.1, 761, 1, RS, VI
124.1, 1086, 1, RS, V
124.1, 1124, 1, FS, V
124.1, 2690, 3, IB, V
124.2, 276, 0, RS, V
124.2, 820, 1, RS, VI
124.2, 1163, 1, IB, V
124.2, 1179, 1, IB, V
124.2, 1295, 1, LTS, IV
124.3, 862, 1, RS, VI
124.3, 893, 1, RS, VI
124.3, 1137, 1, FS, V
124.4, 883, 1, RS, VI
124.4, 927, 1, RS, VI
124.4, 929, 1, RS, VI
124.4, 1125, 1, FS, V
124.4, 1127, 1, FS, V
124.4, 1166, 1, IB, V
124.4, 1181, 1, IB, V
124.4, 1190, 1, IB, V
124.4, 1294, 1, LTS, IV
124.4, 1899, 2, FS, V
124.5, 412, 0, IB, V
124.5, 426, 0, IB, V
124.5, 853, 1, RS, VI
124.5, 953, 1, RS, VI
124.5, 2691, 3, IB, V
124.6, 291, 0, RS, V
124.6, 427, 0, IB, V
124.6, 1170, 1, IB, V
124.6, 1192, 1, IB, V
124.6, 1305, 1, LTS, IV
124.6, 1473, 1, FS, III
124.6, 1484, 1, FS, III
124.6, 2704, 3, IB, V
124.7, 800, 1, RS, VI
124.7, 817, 1, RS, VI
124.7, 1123, 1, FS, V
124.7, 1134, 1, FS, V
124.7, 1140, 1, FS, V
124.7, 1187, 1, IB, V
124.7, 1941, 2, IB, V
124.8, 766, 1, RS, VI
124.8, 878, 1, RS, VI
124.8, 965, 1, RS, VI
124.8, 975, 1, RS, VI
124.8, 1071, 1, RS, V
124.8, 1174, 1, IB, V
124.8, 1301, 1, LTS, IV
124.8, 1510, 1, FS, III
124.8, 1815, 2, RS, V
124.9, 784, 1, RS, VI
124.9, 811, 1, RS, VI
124.9, 1512, 1, FS, III
124.9, 1952, 2, IB, V
125, 986, 1, RS, VI
125, 1126, 1, FS, V
125, 1141, 1, FS, V
125, 1164, 1, IB, V
125.1, 1079, 1, RS, V
125.1, 1172, 1, IB, V
125.1, 1188, 1, IB, V
125.1, 1488, 1, FS, III
125.1, 1925, 2, IB, V
125.2, 1080, 1, RS, V
125.2, 1189, 1, IB, V
125.2, 1191, 1, IB, V
125.2, 2696, 3, IB, V
125.3, 417, 0, IB, V
125.3, 906, 1, RS, VI
125.3, 1056, 1, RS, V
125.3, 1110, 1, RS, V
125.3, 1184, 1, IB, V
125.3, 1186, 1, IB, V
125.3, 1519, 1, LTS, III
125.4, 1494, 1, FS, III
125.4, 1927, 2, IB, V
125.4, 2714, 3, IB, V
125.5, 1113, 1, FS, V
125.5, 1924, 2, IB, V
125.5, 1929, 2, IB, V
125.6, 939, 1, RS, VI
125.6, 1085, 1, RS, V
125.6, 1105, 1, RS, V
125.7, 775, 1, RS, VI
125.7, 776, 1, RS, VI
125.7, 861, 1, RS, VI
125.7, 1131, 1, FS, V
125.7, 1900, 2, FS, V
125.8, 424, 0, IB, V
125.8, 1089, 1, RS, V
125.8, 1175, 1, IB, V
125.9, 1046, 1, RS, V
125.9, 1052, 1, RS, V
125.9, 1182, 1, IB, V
125.9, 1299, 1, LTS, IV
125.9, 2689, 3, IB, V
126, 1039, 1, RS, V
126, 1060, 1, RS, V
126, 1096, 1, RS, V
126, 1098, 1, RS, V
126, 1491, 1, FS, III
126, 1805, 2, RS, V
126, 2708, 3, IB, V
126.1, 962, 1, RS, VI
126.1, 963, 1, RS, VI
126.1, 1061, 1, RS, V
126.1, 1065, 1, RS, V
126.1, 1108, 1, RS, V
126.1, 1508, 1, FS, III
126.2, 1074, 1, RS, V
126.2, 1076, 1, RS, V
126.2, 1165, 1, IB, V
126.3, 1033, 1, RS, V
126.3, 1047, 1, RS, V
126.3, 1050, 1, RS, V
126.3, 1081, 1, RS, V
126.3, 1087, 1, RS, V
126.3, 1169, 1, IB, V
126.3, 1176, 1, IB, V
126.4, 952, 1, RS, VI
126.4, 1034, 1, RS, V
126.4, 1038, 1, RS, V
126.4, 1077, 1, RS, V
126.4, 1091, 1, RS, V
126.4, 1092, 1, RS, V
126.4, 1106, 1, RS, V
126.4, 1167, 1, IB, V
126.4, 1293, 1, LTS, IV
126.4, 2663, 3, FS, V
126.5, 406, 0, IB, V
126.5, 429, 0, IB, V
126.5, 805, 1, RS, VI
126.5, 815, 1, RS, VI
126.5, 868, 1, RS, VI
126.5, 1042, 1, RS, V
126.5, 1063, 1, RS, V
126.5, 1097, 1, RS, V
126.5, 1168, 1, IB, V
126.5, 2710, 3, IB, V
126.6, 1037, 1, RS, V
126.6, 1054, 1, RS, V
126.6, 1064, 1, RS, V
126.6, 1082, 1, RS, V
126.6, 1100, 1, RS, V
126.6, 1130, 1, FS, V
126.6, 1178, 1, IB, V
126.7, 1035, 1, RS, V
126.7, 1059, 1, RS, V
126.7, 1075, 1, RS, V
126.7, 1099, 1, RS, V
126.7, 1111, 1, FS, V
126.7, 1173, 1, IB, V
126.7, 1177, 1, IB, V
126.7, 1944, 2, IB, V
126.8, 421, 0, IB, V
126.8, 903, 1, RS, VI
126.8, 904, 1, RS, VI
126.8, 950, 1, RS, VI
126.8, 1041, 1, RS, V
126.8, 1068, 1, RS, V
126.8, 1073, 1, RS, V
126.8, 1104, 1, RS, V
126.8, 1180, 1, IB, V
126.9, 1051, 1, RS, V
126.9, 1067, 1, RS, V
126.9, 1183, 1, IB, V
127, 419, 0, IB, V
127, 781, 1, RS, VI
127, 918, 1, RS, VI
127, 983, 1, RS, VI
127, 1044, 1, RS, V
127, 1101, 1, RS, V
127, 1103, 1, RS, V
127, 1171, 1, IB, V
127, 1303, 1, LTS, IV
127, 2658, 3, FS, V
127.1, 828, 1, RS, VI
127.1, 956, 1, RS, VI
127.1, 1055, 1, RS, V
127.1, 1057, 1, RS, V
127.1, 1070, 1, RS, V
127.1, 1078, 1, RS, V
127.1, 1138, 1, FS, V
127.1, 2684, 3, LTS, V
127.2, 822, 1, RS, VI
127.2, 964, 1, RS, VI
127.2, 1088, 1, RS, V
127.2, 1400, 1, RS, III
127.2, 2596, 3, RS, V
127.3, 1069, 1, RS, V
127.3, 1072, 1, RS, V
127.3, 1094, 1, RS, V
127.3, 1109, 1, RS, V
127.3, 1115, 1, FS, V
127.3, 1185, 1, IB, V
127.3, 1296, 1, LTS, IV
127.3, 1951, 2, IB, V
127.4, 1043, 1, RS, V
127.4, 1049, 1, RS, V
127.4, 2679, 3, LTS, V
127.4, 2683, 3, LTS, V
127.5, 405, 0, IB, V
127.5, 770, 1, RS, VI
127.5, 851, 1, RS, VI
127.5, 1048, 1, RS, V
127.5, 1090, 1, RS, V
127.5, 1093, 1, RS, V
127.5, 2645, 3, FS, V
127.5, 2656, 3, FS, V
127.6, 967, 1, RS, VI
127.6, 1107, 1, RS, V
127.6, 1163, 1, IB, V
127.6, 1179, 1, IB, V
127.7, 1040, 1, RS, V
127.7, 1062, 1, RS, V
127.7, 1083, 1, RS, V
127.7, 1181, 1, IB, V
127.7, 1297, 1, LTS, IV
127.7, 1304, 1, LTS, IV
127.7, 2649, 3, FS, V
127.7, 2691, 3, IB, V
127.8, 1036, 1, RS, V
127.8, 1045, 1, RS, V
127.8, 1066, 1, RS, V
127.8, 1095, 1, RS, V
127.8, 1190, 1, IB, V
127.8, 2662, 3, FS, V
127.8, 2682, 3, LTS, V
127.8, 2712, 3, IB, V
127.9, 1166, 1, IB, V
127.9, 1298, 1, LTS, IV
127.9, 1515, 1, LTS, III
127.9, 2633, 3, FS, V
127.9, 2644, 3, FS, V
127.9, 2664, 3, FS, V
128, 793, 1, RS, VI
128, 982, 1, RS, VI
128, 1053, 1, RS, V
128, 1102, 1, RS, V
128, 1192, 1, IB, V
128.1, 764, 1, RS, VI
128.1, 773, 1, RS, VI
128.1, 856, 1, RS, VI
128.1, 926, 1, RS, VI
128.1, 955, 1, RS, VI
128.1, 1170, 1, IB, V
128.1, 1514, 1, LTS, III
128.1, 2674, 3, LTS, V
128.2, 416, 0, IB, V
128.2, 809, 1, RS, VI
128.2, 1058, 1, RS, V
128.2, 1346, 1, RS, III
128.3, 767, 1, RS, VI
128.3, 1084, 1, RS, V
128.3, 1187, 1, IB, V
128.3, 2646, 3, FS, V
128.3, 2647, 3, FS, V
128.3, 2650, 3, FS, V
128.3, 2652, 3, FS, V
128.3, 2697, 3, IB, V
128.4, 1174, 1, IB, V
128.4, 1300, 1, LTS, IV
128.4, 1516, 1, LTS, III
128.4, 2698, 3, IB, V
128.5, 1164, 1, IB, V
128.5, 2635, 3, FS, V
128.5, 2690, 3, IB, V
128.5, 2706, 3, IB, V
128.6, 795, 1, RS, VI
128.6, 826, 1, RS, VI
128.6, 1142, 1, FS, V
128.6, 1188, 1, IB, V
128.6, 1302, 1, LTS, IV
128.6, 1952, 2, IB, V
128.7, 1172, 1, IB, V
128.7, 2678, 3, LTS, V
128.7, 2688, 3, IB, V
128.8, 802, 1, RS, VI
128.8, 940, 1, RS, VI
128.8, 1184, 1, IB, V
128.8, 2641, 3, FS, V
128.8, 2695, 3, IB, V
128.9, 1114, 1, FS, V
128.9, 1175, 1, IB, V
128.9, 1189, 1, IB, V
128.9, 1191, 1, IB, V
128.9, 2685, 3, IB, V
129, 838, 1, RS, VI
129, 1112, 1, FS, V
129, 1125, 1, FS, V
129, 1182, 1, IB, V
129, 1186, 1, IB, V
129, 2661, 3, FS, V
129, 2693, 3, IB, V
129.1, 408, 0, IB, V
129.1, 2704, 3, IB, V
129.2, 843, 1, RS, VI
129.3, 864, 1, RS, VI
129.3, 1130, 1, FS, V
129.3, 1133, 1, FS, V
129.3, 1165, 1, IB, V
129.3, 1295, 1, LTS, IV
129.3, 1301, 1, LTS, IV
129.3, 2648, 3, FS, V
129.3, 2655, 3, FS, V
129.4, 1025, 1, LTS, VI
129.4, 1176, 1, IB, V
129.4, 2636, 3, FS, V
129.5, 908, 1, RS, VI
129.5, 941, 1, RS, VI
129.5, 1124, 1, FS, V
129.5, 1137, 1, FS, V
129.5, 1169, 1, IB, V
129.5, 1306, 1, LTS, IV
129.5, 1823, 2, RS, V
129.6, 909, 1, RS, VI
129.6, 923, 1, RS, VI
129.6, 1167, 1, IB, V
129.6, 1294, 1, LTS, IV
129.7, 1136, 1, FS, V
129.7, 1140, 1, FS, V
129.7, 1178, 1, IB, V
129.8, 816, 1, RS, VI
129.8, 1111, 1, FS, V
129.8, 1127, 1, FS, V
129.8, 1168, 1, IB, V
129.8, 1177, 1, IB, V
129.8, 2660, 3, FS, V
129.9, 1086, 1, RS, V
129.9, 1115, 1, FS, V
129.9, 1173, 1, IB, V
129.9, 1305, 1, LTS, IV
129.9, 1938, 2, IB, V
130, 898, 1, RS, VI
130, 1138, 1, FS, V
130, 2702, 3, IB, V
130.1, 1141, 1, FS, V
130.1, 1180, 1, IB, V
130.1, 1183, 1, IB, V
130.1, 1809, 2, RS, V
130.1, 2653, 3, FS, V
130.2, 404, 0, IB, V
130.2, 1126, 1, FS, V
130.2, 1139, 1, FS, V
130.2, 1171, 1, IB, V
130.2, 1942, 2, IB, V
130.3, 1113, 1, FS, V
130.3, 1121, 1, FS, V
130.3, 1123, 1, FS, V
130.3, 1299, 1, LTS, IV
130.4, 1131, 1, FS, V
130.4, 2642, 3, FS, V
130.5, 376, 0, FS, V
130.5, 834, 1, RS, VI
130.5, 859, 1, RS, VI
130.5, 900, 1, RS, VI
130.5, 910, 1, RS, VI
130.5, 1071, 1, RS, V
130.5, 2055, 2, LTS, IV
130.5, 2689, 3, IB, V
130.5, 2692, 3, IB, V
130.7, 803, 1, RS, VI
130.7, 1134, 1, FS, V
130.7, 1185, 1, IB, V
130.7, 1951, 2, IB, V
130.8, 420, 0, IB, V
130.8, 1120, 1, FS, V
130.9, 796, 1, RS, VI
130.9, 1028, 1, LTS, VI
130.9, 1117, 1, FS, V
130.9, 1122, 1, FS, V
130.9, 1484, 1, FS, III
131, 958, 1, RS, VI
131, 1135, 1, FS, V
131, 1163, 1, IB, V
131, 1179, 1, IB, V
131, 1181, 1, IB, V
131, 1293, 1, LTS, IV
131, 2638, 3, FS, V
131.1, 887, 1, RS, VI
131.1, 1079, 1, RS, V
131.1, 2687, 3, IB, V
131.2, 1080, 1, RS, V
131.2, 1190, 1, IB, V
131.2, 2713, 3, IB, V
131.3, 835, 1, RS, VI
131.3, 895, 1, RS, VI
131.3, 1056, 1, RS, V
131.3, 1948, 2, IB, V
131.3, 2709, 3, IB, V
131.3, 2712, 3, IB, V
131.4, 1116, 1, FS, V
131.4, 1118, 1, FS, V
131.4, 1142, 1, FS, V
131.4, 1166, 1, IB, V
131.4, 1192, 1, IB, V
131.4, 1303, 1, LTS, IV
131.4, 1510, 1, FS, III
131.5, 1013, 1, FS, VI
131.5, 1110, 1, RS, V
131.5, 1114, 1, FS, V
131.5, 1128, 1, FS, V
131.5, 2710, 3, IB, V
131.6, 877, 1, RS, VI
131.6, 1129, 1, FS, V
131.6, 1170, 1, IB, V
131.7, 772, 1, RS, VI
131.7, 1085, 1, RS, V
131.7, 1105, 1, RS, V
131.7, 1132, 1, FS, V
131.7, 1494, 1, FS, III
131.7, 1949, 2, IB, V
131.7, 2686, 3, IB, V
131.7, 2694, 3, IB, V
131.8, 414, 0, IB, V
131.8, 905, 1, RS, VI
131.8, 1052, 1, RS, V
131.8, 1060, 1, RS, V
131.8, 1089, 1, RS, V
131.8, 1119, 1, FS, V
131.9, 871, 1, RS, VI
131.9, 1061, 1, RS, V
131.9, 1096, 1, RS, V
131.9, 1112, 1, FS, V
131.9, 1187, 1, IB, V
131.9, 2670, 3, LTS, V
132, 972, 1, RS, VI
132, 1002, 1, FS, VI
132, 1108, 1, RS, V
132, 1130, 1, FS, V
132, 1164, 1, IB, V
132, 1174, 1, IB, V
132, 1175, 1, IB, V
132, 1483, 1, FS, III
132, 1518, 1, LTS, III
132.1, 840, 1, RS, VI
132.1, 976, 1, RS, VI
132.1, 1003, 1, FS, VI
132.1, 1033, 1, RS, V
132.1, 1039, 1, RS, V
132.1, 1046, 1, RS, V
132.1, 1065, 1, RS, V
132.1, 1098, 1, RS, V
132.1, 1182, 1, IB, V
132.1, 1188, 1, IB, V
132.1, 1506, 1, FS, III
132.2, 837, 1, RS, VI
132.2, 881, 1, RS, VI
132.2, 943, 1, RS, VI
132.2, 1125, 1, FS, V
132.2, 1473, 1, FS, III
132.2, 1501, 1, FS, III
132.3, 791, 1, RS, VI
132.3, 876, 1, RS, VI
132.3, 1000, 1, FS, VI
132.3, 1008, 1, FS, VI
132.3, 1034, 1, RS, V
132.3, 1047, 1, RS, V
132.3, 1133, 1, FS, V
132.3, 1172, 1, IB, V
132.3, 1184, 1, IB, V
132.3, 1478, 1, FS, III
132.3, 1517, 1, LTS, III
132.4, 777, 1, RS, VI
132.4, 782, 1, RS, VI
132.4, 948, 1, RS, VI
132.4, 1081, 1, RS, V
132.4, 1165, 1, IB, V
132.4, 1296, 1, LTS, IV
132.4, 1297, 1, LTS, IV
132.4, 1519, 1, LTS, III
132.5, 993, 1, FS, VI
132.5, 1026, 1, LTS, VI
132.5, 1050, 1, RS, V
132.5, 1115, 1, FS, V
132.5, 1140, 1, FS, V
132.5, 1176, 1, IB, V
132.5, 1304, 1, LTS, IV
132.5, 1485, 1, FS, III
132.5, 1507, 1, FS, III
132.5, 1515, 1, LTS, III
132.6, 1001, 1, FS, VI
132.6, 1063, 1, RS, V
132.6, 1064, 1, RS, V
132.6, 1074, 1, RS, V
132.6, 1076, 1, RS, V
132.6, 1087, 1, RS, V
132.6, 1124, 1, FS, V
132.6, 1137, 1, FS, V
132.6, 1189, 1, IB, V
132.6, 1191, 1, IB, V
132.6, 1438, 1, RS, III
132.6, 1512, 1, FS, III
132.7, 947, 1, RS, VI
132.7, 1042, 1, RS, V
132.7, 1077, 1, RS, V
132.7, 1092, 1, RS, V
132.7, 1106, 1, RS, V
132.7, 1136, 1, FS, V
132.7, 1169, 1, IB, V
132.7, 1186, 1, IB, V
132.7, 2706, 3, IB, V
132.8, 930, 1, RS, VI
132.8, 1091, 1, RS, V
132.8, 1141, 1, FS, V
132.8, 1167, 1, IB, V
132.8, 1178, 1, IB, V
132.9, 1059, 1, RS, V
132.9, 1075, 1, RS, V
132.9, 1111, 1, FS, V
132.9, 1127, 1, FS, V
132.9, 1138, 1, FS, V
132.9, 1177, 1, IB, V
132.9, 1298, 1, LTS, IV
132.9, 1300, 1, LTS, IV
132.9, 1499, 1, FS, III
132.9, 2067, 2, LTS, IV
133, 846, 1, RS, VI
133, 944, 1, RS, VI
133, 1035, 1, RS, V
133, 1082, 1, RS, V
133, 1097, 1, RS, V
133, 1099, 1, RS, V
133, 1121, 1, FS, V
133, 1475, 1, FS, III
133, 1516, 1, LTS, III
133, 2690, 3, IB, V
133.1, 366, 0, FS, V
133.1, 875, 1, RS, VI
133.1, 971, 1, RS, VI
133.1, 1038, 1, RS, V
133.1, 1054, 1, RS, V
133.1, 1100, 1, RS, V
133.1, 1131, 1, FS, V
133.1, 1168, 1, IB, V
133.1, 1173, 1, IB, V
133.1, 1514, 1, LTS, III
133.1, 1952, 2, IB, V
133.2, 841, 1, RS, VI
133.2, 949, 1, RS, VI
133.2, 992, 1, FS, VI
133.2, 1104, 1, RS, V
133.2, 1123, 1, FS, V
133.2, 1126, 1, FS, V
133.3, 857, 1, RS, VI
133.3, 899, 1, RS, VI
133.3, 1004, 1, FS, VI
133.3, 1037, 1, RS, V
133.3, 1139, 1, FS, V
133.3, 1183, 1, IB, V
133.3, 1400, 1, RS, III
133.3, 1488, 1, FS, III
133.3, 1927, 2, IB, V
133.3, 1930, 2, IB, V
133.4, 357, 0, FS, V
133.4, 924, 1, RS, VI
133.4, 988, 1, FS, VI
133.4, 1073, 1, RS, V
133.4, 1113, 1, FS, V
133.4, 1171, 1, IB, V
133.4, 1180, 1, IB, V
133.4, 1302, 1, LTS, IV
133.4, 1316, 1, RS, III
133.4, 2703, 3, IB, V
133.5, 901, 1, RS, VI
133.5, 1044, 1, RS, V
133.5, 1067, 1, RS, V
133.5, 1120, 1, FS, V
133.5, 1134, 1, FS, V
133.5, 1520, 1, LTS, III
133.5, 1881, 2, FS, V
133.5, 1883, 2, FS, V
133.6, 832, 1, RS, VI
133.6, 1015, 1, LTS, VI
133.6, 1029, 1, LTS, VI
133.6, 1041, 1, RS, V
133.6, 1068, 1, RS, V
133.6, 1437, 1, RS, III
133.6, 1484, 1, FS, III
133.7, 873, 1, RS, VI
133.7, 1022, 1, LTS, VI
133.7, 1031, 1, LTS, VI
133.7, 1055, 1, RS, V
133.7, 1070, 1, RS, V
133.7, 1078, 1, RS, V
133.7, 1479, 1, FS, III
133.7, 1493, 1, FS, III
133.8, 1051, 1, RS, V
133.8, 1101, 1, RS, V
133.8, 1103, 1, RS, V
133.8, 1301, 1, LTS, IV
133.9, 946, 1, RS, VI
133.9, 994, 1, FS, VI
133.9, 1043, 1, RS, V
133.9, 1057, 1, RS, V
133.9, 1072, 1, RS, V
133.9, 1090, 1, RS, V
133.9, 1109, 1, RS, V
133.9, 1122, 1, FS, V
133.9, 1509, 1, FS, III
133.9, 1900, 2, FS, V
134, 1048, 1, RS, V
134, 1088, 1, RS, V
134, 1094, 1, RS, V
134, 1117, 1, FS, V
134, 1508, 1, FS, III
134, 1888, 2, FS, V
134.1, 376, 0, FS, V
134.1, 842, 1, RS, VI
134.1, 1069, 1, RS, V
134.1, 1114, 1, FS, V
134.1, 1185, 1, IB, V
134.1, 2060, 2, LTS, IV
134.2, 758, 0, LTS, III
134.2, 1040, 1, RS, V
134.2, 1093, 1, RS, V
134.2, 1135, 1, FS, V
134.2, 1142, 1, FS, V
134.2, 1498, 1, FS, III
134.3, 872, 1, RS, VI
134.3, 933, 1, RS, VI
134.3, 1021, 1, LTS, VI
134.3, 1049, 1, RS, V
134.3, 1181, 1, IB, V
134.3, 1890, 2, FS, V
134.4, 1066, 1, RS, V
134.4, 1083, 1, RS, V
134.4, 1107, 1, RS, V
134.4, 1163, 1, IB, V
134.4, 1179, 1, IB, V
134.4, 1294, 1, LTS, IV
134.4, 1898, 2, FS, V
134.5, 886, 1, RS, VI
134.5, 1045, 1, RS, V
134.5, 1118, 1, FS, V
134.5, 3468, 4, IB, V
134.6, 1036, 1, RS, V
134.6, 1062, 1, RS, V
134.6, 1190, 1, IB, V
134.6, 1950, 2, IB, V
134.7, 132, 0, RS, VI
134.7, 970, 1, RS, VI
134.7, 1095, 1, RS, V
134.7, 1130, 1, FS, V
134.7, 1468, 1, RS, III
134.7, 2701, 3, IB, V
134.8, 860, 1, RS, VI
134.8, 1102, 1, RS, V
134.8, 1112, 1, FS, V
134.8, 1116, 1, FS, V
134.8, 1192, 1, IB, V
134.8, 1299, 1, LTS, IV
134.8, 1346, 1, RS, III
134.8, 2065, 2, LTS, IV
134.9, 1053, 1, RS, V
134.9, 1129, 1, FS, V
134.9, 1166, 1, IB, V
134.9, 1872, 2, FS, V
135, 1020, 1, LTS, VI
135, 1305, 1, LTS, IV
135.1, 540, 0, LTS, IV
135.1, 1032, 1, LTS, VI
135.1, 1058, 1, RS, V
135.1, 1084, 1, RS, V
135.1, 1115, 1, FS, V
135.1, 1170, 1, IB, V
135.1, 1175, 1, IB, V
135.1, 1343, 1, RS, III
135.2, 995, 1, FS, VI
135.2, 1182, 1, IB, V
135.2, 1936, 2, IB, V
135.3, 852, 1, RS, VI
135.3, 1014, 1, LTS, VI
135.3, 1133, 1, FS, V
135.3, 1140, 1, FS, V
135.4, 1125, 1, FS, V
135.4, 1128, 1, FS, V
135.4, 2054, 2, LTS, IV
135.5, 371, 0, FS, V
135.5, 1119, 1, FS, V
135.5, 1141, 1, FS, V
135.5, 1164, 1, IB, V
135.5, 1165, 1, IB, V
135.5, 1187, 1, IB, V
135.5, 1892, 2, FS, V
135.6, 363, 0, FS, V
135.6, 1174, 1, IB, V
135.6, 1176, 1, IB, V
135.6, 1188, 1, IB, V
135.6, 1903, 2, FS, V
135.6, 2057, 2, LTS, IV
135.7, 381, 0, FS, V
135.7, 1019, 1, LTS, VI
135.7, 1086, 1, RS, V
135.7, 1121, 1, FS, V
135.7, 1124, 1, FS, V
135.7, 1136, 1, FS, V
135.7, 1137, 1, FS, V
135.7, 1513, 1, LTS, III
135.8, 1131, 1, FS, V
135.8, 1138, 1, FS, V
135.8, 1184, 1, IB, V
135.8, 1285, 1, FS, IV
135.8, 1875, 2, FS, V
135.8, 1879, 2, FS, V
135.8, 1896, 2, FS, V
135.9, 762, 1, RS, VI
135.9, 1012, 1, FS, VI
135.9, 1169, 1, IB, V
135.9, 1172, 1, IB, V
135.9, 1293, 1, LTS, IV
135.9, 1500, 1, FS, III
136, 919, 1, RS, VI
136, 1111, 1, FS, V
136, 1127, 1, FS, V
136, 1167, 1, IB, V
136, 1882, 2, FS, V
136.1, 1123, 1, FS, V
136.2, 1027, 1, LTS, VI
136.2, 1071, 1, RS, V
136.2, 1120, 1, FS, V
136.2, 1126, 1, FS, V
136.2, 1132, 1, FS, V
136.2, 1306, 1, LTS, IV
136.2, 1494, 1, FS, III
136.2, 1884, 2, FS, V
136.2, 3461, 4, IB, V
136.3, 1134, 1, FS, V
136.3, 1173, 1, IB, V
136.3, 1189, 1, IB, V
136.3, 1191, 1, IB, V
136.3, 1283, 1, FS, IV
136.3, 1445, 1, RS, III
136.3, 1489, 1, FS, III
136.3, 1902, 2, FS, V
136.4, 1139, 1, FS, V
136.4, 1168, 1, IB, V
136.4, 1186, 1, IB, V
136.4, 1484, 1, FS, III
136.4, 1876, 2, FS, V
136.5, 1113, 1, FS, V
136.5, 1183, 1, IB, V
136.5, 1416, 1, RS, III
136.5, 1518, 1, LTS, III
136.6, 362, 0, FS, V
136.6, 1171, 1, IB, V
136.6, 1491, 1, FS, III
136.7, 544, 0, LTS, IV
136.7, 1114, 1, FS, V
136.7, 1180, 1, IB, V
136.7, 2066, 2, LTS, IV
136.8, 1122, 1, FS, V
136.9, 370, 0, FS, V
136.9, 1135, 1, FS, V
136.9, 1478, 1, FS, III
136.9, 1510, 1, FS, III
136.9, 1893, 2, FS, V
137, 360, 0, FS, V
137, 1142, 1, FS, V
137, 1503, 1, FS, III
137.1, 359, 0, FS, V
137.1, 373, 0, FS, V
137.1, 379, 0, FS, V
137.1, 1017, 1, LTS, VI
137.1, 1079, 1, RS, V
137.1, 1117, 1, FS, V
137.1, 1178, 1, IB, V
137.1, 1483, 1, FS, III
137.1, 1485, 1, FS, III
137.1, 1496, 1, FS, III
137.2, 366, 0, FS, V
137.2, 1118, 1, FS, V
137.2, 1901, 2, FS, V
137.2, 3464, 4, IB, V
137.3, 357, 0, FS, V
137.3, 1056, 1, RS, V
137.3, 1304, 1, LTS, IV
137.3, 1515, 1, LTS, III
137.3, 1517, 1, LTS, III
137.3, 1519, 1, LTS, III
137.3, 1888, 2, FS, V
137.4, 1018, 1, LTS, VI
137.4, 1130, 1, FS, V
137.4, 1177, 1, IB, V
137.4, 1473, 1, FS, III
137.4, 1493, 1, FS, III
137.4, 1506, 1, FS, III
137.4, 1906, 2, LTS, V
137.4, 3442, 4, LTS, V
137.5, 368, 0, FS, V
137.5, 1281, 1, FS, IV
137.5, 1303, 1, LTS, IV
137.5, 1492, 1, FS, III
137.5, 1512, 1, FS, III
137.5, 1881, 2, FS, V
137.5, 1883, 2, FS, V
137.6, 393, 0, LTS, V
137.6, 1481, 1, FS, III
137.6, 1930, 2, IB, V
137.7, 1061, 1, RS, V
137.7, 1110, 1, RS, V
137.7, 1112, 1, FS, V
137.7, 1115, 1, FS, V
137.7, 1488, 1, FS, III
137.7, 1499, 1, FS, III
137.7, 1900, 2, FS, V
137.8, 1089, 1, RS, V
137.8, 1096, 1, RS, V
137.8, 1105, 1, RS, V
137.8, 1163, 1, IB, V
137.8, 1297, 1, LTS, IV
137.8, 1475, 1, FS, III
137.8, 1511, 1, FS, III
137.8, 1938, 2, IB, V
137.8, 3443, 4, LTS, V
137.9, 372, 0, FS, V
137.9, 817, 1, RS, VI
137.9, 1033, 1, RS, V
137.9, 1129, 1, FS, V
137.9, 1298, 1, LTS, IV
137.9, 1520, 1, LTS, III
137.9, 1521, 1, LTS, III
137.9, 1878, 2, FS, V
137.9, 1891, 2, FS, V
138, 1116, 1, FS, V
138, 1190, 1, IB, V
138, 1292, 1, FS, IV
138, 1300, 1, LTS, IV
138, 1495, 1, FS, III
138, 1897, 2, FS, V
138, 1898, 2, FS, V
138, 2277, 2, LTS, III
138.1, 1065, 1, RS, V
138.1, 1140, 1, FS, V
138.1, 1296, 1, LTS, IV
138.1, 1313, 1, RS, III
138.2, 361, 0, FS, V
138.2, 1034, 1, RS, V
138.2, 1039, 1, RS, V
138.2, 1098, 1, RS, V
138.2, 1302, 1, LTS, IV
138.2, 1477, 1, FS, III
138.2, 1501, 1, FS, III
138.2, 1507, 1, FS, III
138.2, 1509, 1, FS, III
138.2, 1873, 2, FS, V
138.3, 376, 0, FS, V
138.3, 1046, 1, RS, V
138.3, 1047, 1, RS, V
138.3, 1133, 1, FS, V
138.3, 1182, 1, IB, V
138.3, 1458, 1, RS, III
138.3, 1482, 1, FS, III
138.3, 1486, 1, FS, III
138.4, 353, 0, FS, V
138.4, 1121, 1, FS, V
138.4, 1166, 1, IB, V
138.4, 1926, 2, IB, V
138.4, 3448, 4, IB, V
138.5, 957, 1, RS, VI
138.5, 1508, 1, FS, III
138.5, 1514, 1, LTS, III
138.5, 3447, 4, IB, V
138.6, 378, 0, FS, V
138.6, 1064, 1, RS, V
138.6, 1125, 1, FS, V
138.6, 1170, 1, IB, V
138.6, 1290, 1, FS, IV
138.7, 1050, 1, RS, V
138.7, 1063, 1, RS, V
138.7, 1136, 1, FS, V
138.7, 1138, 1, FS, V
138.7, 1295, 1, LTS, IV
138.7, 1318, 1, RS, III
138.7, 1470, 1, FS, III
138.7, 1476, 1, FS, III
138.7, 1504, 1, FS, III
138.8, 369, 0, FS, V
138.8, 1124, 1, FS, V
138.8, 1137, 1, FS, V
138.8, 1141, 1, FS, V
138.8, 1479, 1, FS, III
138.8, 1490, 1, FS, III
138.9, 398, 0, LTS, V
138.9, 1087, 1, RS, V
138.9, 1282, 1, FS, IV
138.9, 1392, 1, RS, III
138.9, 1487, 1, FS, III
138.9, 1498, 1, FS, III
138.9, 1890, 2, FS, V
139, 358, 0, FS, V
139, 1092, 1, RS, V
139, 1106, 1, RS, V
139, 1123, 1, FS, V
139, 1164, 1, IB, V
139, 1505, 1, FS, III
139, 1516, 1, LTS, III
139.1, 806, 1, RS, VI
139.1, 1059, 1, RS, V
139.1, 1111, 1, FS, V
139.1, 1127, 1, FS, V
139.1, 1169, 1, IB, V
139.1, 1187, 1, IB, V
139.1, 1188, 1, IB, V
139.1, 1484, 1, FS, III
139.1, 1494, 1, FS, III
139.1, 2825, 3, LTS, IV
139.2, 355, 0, FS, V
139.2, 1294, 1, LTS, IV
139.2, 2059, 2, LTS, IV
139.3, 1184, 1, IB, V
139.3, 1284, 1, FS, IV
139.4, 1082, 1, RS, V
139.4, 1114, 1, FS, V
139.4, 1126, 1, FS, V
139.4, 1880, 2, FS, V
139.5, 1173, 1, IB, V
139.5, 1299, 1, LTS, IV
139.5, 3345, 4, RS, V
139.6, 1280, 1, FS, IV
139.6, 1500, 1, FS, III
139.6, 1510, 1, FS, III
139.6, 1877, 2, FS, V
139.6, 2061, 2, LTS, IV
139.6, 2824, 3, LTS, IV
139.6, 3800, 4, LTS, III
139.7, 1168, 1, IB, V
139.7, 1172, 1, IB, V
139.7, 1474, 1, FS, III
139.8, 541, 0, LTS, IV
139.8, 1478, 1, FS, III
139.9, 866, 1, RS, VI
139.9, 1113, 1, FS, V
139.9, 1491, 1, FS, III
140, 1037, 1, RS, V
140, 1191, 1, IB, V
140, 1283, 1, FS, IV
140, 1471, 1, FS, III
140, 2817, 3, LTS, IV
140.1, 1186, 1, IB, V
140.1, 1305, 1, LTS, IV
140.1, 1473, 1, FS, III
140.1, 2063, 2, LTS, IV
140.2, 1030, 1, LTS, VI
140.2, 1120, 1, FS, V
140.2, 3305, 4, LTS, VI
140.3, 413, 0, IB, V
140.3, 1070, 1, RS, V
140.3, 1396, 1, RS, III
140.3, 3465, 4, IB, V
140.4, 1041, 1, RS, V
140.5, 1109, 1, RS, V
140.5, 1130, 1, FS, V
140.5, 1293, 1, LTS, IV
140.5, 1351, 1, RS, III
140.5, 1485, 1, FS, III
140.6, 1103, 1, RS, V
140.6, 1512, 1, FS, III
140.6, 1513, 1, LTS, III
140.6, 3456, 4, IB, V
140.7, 1131, 1, FS, V
140.7, 1506, 1, FS, III
140.7, 2818, 3, LTS, IV
140.8, 1112, 1, FS, V
140.8, 1488, 1, FS, III
140.9, 1069, 1, RS, V
140.9, 1093, 1, RS, V
140.9, 1489, 1, FS, III
141, 1518, 1, LTS, III
141, 2278, 2, LTS, III
141, 2822, 3, LTS, IV
141.1, 3466, 4, IB, V
141.2, 1049, 1, RS, V
141.2, 1163, 1, IB, V
141.2, 1753, 2, FS, VI
141.3, 1411, 1, RS, III
141.4, 1115, 1, FS, V
141.4, 1190, 1, IB, V
141.5, 1142, 1, FS, V
141.5, 2820, 3, LTS, IV
141.6, 1369, 1, RS, III
141.7, 1519, 1, LTS, III
141.9, 1515, 1, LTS, III
142, 1166, 1, IB, V
142, 1483, 1, FS, III
142.1, 1134, 1, FS, V
142.2, 1119, 1, FS, V
142.2, 1493, 1, FS, III
142.3, 534, 0, LTS, IV
142.3, 1138, 1, FS, V
142.3, 1517, 1, LTS, III
142.5, 545, 0, LTS, IV
142.5, 2828, 3, LTS, IV
142.6, 1164, 1, IB, V
142.6, 1188, 1, IB, V
142.6, 1301, 1, LTS, IV
142.7, 1187, 1, IB, V
142.9, 755, 0, LTS, III
142.9, 1139, 1, FS, V
142.9, 2819, 3, LTS, IV
143, 1521, 1, LTS, III
143, 2823, 3, LTS, IV
143, 3435, 4, LTS, V
143.1, 1079, 1, RS, V
143.1, 1122, 1, FS, V
143.4, 2257, 2, FS, III
143.7, 1096, 1, RS, V
143.7, 2280, 2, LTS, III
143.9, 535, 0, LTS, IV
143.9, 1111, 1, FS, V
144, 1437, 1, RS, III
144, 2276, 2, LTS, III
144.1, 752, 0, LTS, III
144.2, 836, 1, RS, VI
144.2, 2261, 2, FS, III
144.2, 3791, 4, FS, III
144.3, 3460, 4, IB, V
144.5, 1114, 1, FS, V
144.5, 2270, 2, FS, III
144.5, 2279, 2, LTS, III
144.8, 2232, 2, FS, III
144.8, 3456, 4, IB, V
144.9, 2269, 2, FS, III
145, 2275, 2, LTS, III
145, 3432, 4, LTS, V
145.1, 1043, 1, RS, V
145.2, 2237, 2, FS, III
145.2, 2274, 2, LTS, III
145.3, 2241, 2, FS, III
145.6, 723, 0, FS, III
146.1, 1130, 1, FS, V
146.4, 721, 0, FS, III
146.5, 2262, 2, FS, III
146.5, 3437, 4, LTS, V
146.6, 3589, 4, LTS, IV
146.8, 3472, 4, IB, V
147.1, 717, 0, FS, III
147.2, 3457, 4, IB, V
147.3, 3798, 4, LTS, III
147.4, 754, 0, LTS, III
147.5, 2064, 2, LTS, IV
147.9, 757, 0, LTS, III
148.2, 2548, 3, LTS, VI
148.6, 2239, 2, FS, III
149, 760, 0, LTS, III
149.1, 3585, 4, LTS, IV
149.9, 3463, 4, IB, V
149.9, 3584, 4, LTS, IV
150, 753, 0, LTS, III
150.2, 756, 0, LTS, III
151.2, 3801, 4, LTS, III
152.4, 3450, 4, IB, V
154, 3040, 3, LTS, III
154, 3462, 4, IB, V
154.5, 3298, 4, LTS, VI
154.5, 3799, 4, LTS, III
154.6, 3471, 4, IB, V
158.7, 3578, 4, LTS, IV
163.3, 3041, 3, LTS, III
171.8, 1157, 1, LTS, V
172.3, 1152, 1, LTS, V
172.3, 1160, 1, LTS, V
172.5, 1158, 1, LTS, V
172.9, 1151, 1, LTS, V
174.1, 1913, 2, LTS, V
174.7, 1156, 1, LTS, V
174.8, 1150, 1, LTS, V
174.9, 1143, 1, LTS, V
175, 1146, 1, LTS, V
175.1, 1144, 1, LTS, V
175.2, 1149, 1, LTS, V
176.2, 388, 0, LTS, V
176.4, 1154, 1, LTS, V
176.6, 1911, 2, LTS, V
177.1, 1148, 1, LTS, V
177.4, 1145, 1, LTS, V
178.1, 399, 0, LTS, V
178.5, 391, 0, LTS, V
178.7, 264, 0, LTS, VI
179.7, 1153, 1, LTS, V
180.4, 1162, 1, LTS, V
180.4, 1907, 2, LTS, V
181.1, 1918, 2, LTS, V
181.7, 3306, 4, LTS, VI
182, 1905, 2, LTS, V
182.3, 389, 0, LTS, V
184.2, 1155, 1, LTS, V
184.6, 383, 0, LTS, V
185.1, 2542, 3, LTS, VI
186.4, 400, 0, LTS, V
188.4, 1917, 2, LTS, V
188.9, 1161, 1, LTS, V
189.7, 390, 0, LTS, V
190.2, 3308, 4, LTS, VI
192.1, 1915, 2, LTS, V
194.1, 385, 0, LTS, V
194.7, 395, 0, LTS, V
201.4, 1921, 2, LTS, V
206.2, 3303, 4, LTS, VI
214.6, 1147, 1, LTS, V
251.1, 3589, 4, LTS, IV
254.6, 3040, 3, LTS, III
258.2, 165, 0, RS, VI
260.7, 1781, 2, LTS, VI
264.6, 2545, 3, LTS, VI
268.3, 3801, 4, LTS, III
269.8, 2550, 3, LTS, VI
280.8, 2058, 2, LTS, IV
292.7, 2543, 3, LTS, VI
301.4, 261, 0, LTS, VI
303.9, 1021, 1, LTS, VI
304, 1786, 2, LTS, VI
305.2, 2055, 2, LTS, IV
307.3, 1784, 2, LTS, VI
310.8, 2547, 3, LTS, VI
317.9, 3037, 3, LTS, III
323.3, 2279, 2, LTS, III
325, 1028, 1, LTS, VI
326.5, 264, 0, LTS, VI
331.1, 2554, 3, LTS, VI
339.8, 259, 0, LTS, VI
340.2, 2545, 3, LTS, VI
341.5, 1910, 2, LTS, V
363.5, 3796, 4, LTS, III
368.4, 1518, 1, LTS, III
373.8, 757, 0, LTS, III
378.6, 545, 0, LTS, IV
379.8, 1781, 2, LTS, VI
390.7, 2544, 3, LTS, VI
391.9, 1793, 2, LTS, VI
395.9, 399, 0, LTS, V
404.4, 3306, 4, LTS, VI
410.1, 1025, 1, LTS, VI
412.4, 265, 0, LTS, VI
414.4, 267, 0, LTS, VI
416.6, 1032, 1, LTS, VI
417.5, 2679, 3, LTS, V
436.9, 1144, 1, LTS, V
439.9, 1150, 1, LTS, V
446.9, 2816, 3, LTS, IV
459.9, 1783, 2, LTS, VI
461.1, 2823, 3, LTS, IV
462.7, 1023, 1, LTS, VI
464.8, 1786, 2, LTS, VI
464.8, 3589, 4, LTS, IV
467, 1301, 1, LTS, IV
472.8, 1294, 1, LTS, IV
475.9, 1020, 1, LTS, VI
477.6, 1028, 1, LTS, VI
482.7, 3305, 4, LTS, VI
487.9, 1784, 2, LTS, VI
502.2, 1911, 2, LTS, V
517.4, 260, 0, LTS, VI
518.5, 3443, 4, LTS, V
521.2, 261, 0, LTS, VI
527.4, 1518, 1, LTS, III
529.4, 271, 0, LTS, VI
534.2, 267, 0, LTS, VI
534.9, 757, 0, LTS, III
544.6, 3798, 4, LTS, III
546.7, 3303, 4, LTS, VI
553.8, 3306, 4, LTS, VI
560.1, 1789, 2, LTS, VI
562.3, 1022, 1, LTS, VI
566, 1786, 2, LTS, VI
575.1, 3433, 4, LTS, V
575.6, 3309, 4, LTS, VI
578.2, 1918, 2, LTS, V
580.6, 262, 0, LTS, VI
587.6, 2279, 2, LTS, III
602.2, 3040, 3, LTS, III
607.2, 396, 0, LTS, V
614.4, 1780, 2, LTS, VI
628.1, 1784, 2, LTS, VI
631.9, 1306, 1, LTS, IV
640.1, 2672, 3, LTS, V
640.5, 2067, 2, LTS, IV
647.4, 1911, 2, LTS, V
650.9, 2276, 2, LTS, III
653.4, 265, 0, LTS, VI
656.6, 1160, 1, LTS, V
660.4, 1023, 1, LTS, VI
660.6, 1028, 1, LTS, VI
662.7, 3311, 4, LTS, VI
663.8, 267, 0, LTS, VI
664.4, 1787, 2, LTS, VI
678.9, 2542, 3, LTS, VI
690.9, 1905, 2, LTS, V
691.2, 1020, 1, LTS, VI
697.2, 1918, 2, LTS, V
700, 2816, 3, LTS, IV
707.6, 533, 0, LTS, IV
711.3, 545, 0, LTS, IV
712.9, 2823, 3, LTS, IV
717.7, 3040, 3, LTS, III
719.9, 2548, 3, LTS, VI
723.1, 3801, 4, LTS, III
725.7, 1786, 2, LTS, VI
739.4, 2554, 3, LTS, VI
752.4, 2682, 3, LTS, V
759.1, 3309, 4, LTS, VI
761.3, 259, 0, LTS, VI
765.9, 1144, 1, LTS, V
766.5, 3428, 4, LTS, V
784.9, 2545, 3, LTS, VI
785.5, 1150, 1, LTS, V
786.5, 1789, 2, LTS, VI
797.3, 1023, 1, LTS, VI
802.8, 757, 0, LTS, III
807.3, 3303, 4, LTS, VI
814.5, 396, 0, LTS, V
824.2, 2067, 2, LTS, IV
825.7, 267, 0, LTS, VI
831.6, 1157, 1, LTS, V
832.8, 262, 0, LTS, VI
835.1, 1513, 1, LTS, III
836.5, 1032, 1, LTS, VI
841.5, 1302, 1, LTS, IV
844.3, 389, 0, LTS, V
851.8, 545, 0, LTS, IV
856, 1784, 2, LTS, VI
882.8, 1230, 1, RS, IV
886.3, 1918, 2, LTS, V
887.3, 1911, 2, LTS, V
892.6, 2550, 3, LTS, VI
893.1, 1301, 1, LTS, IV
901.4, 1789, 2, LTS, VI
904.7, 259, 0, LTS, VI
906.6, 2828, 3, LTS, IV
910, 3801, 4, LTS, III
910.7, 399, 0, LTS, V
912.2, 2058, 2, LTS, IV
917.3, 3306, 4, LTS, VI
919.3, 2067, 2, LTS, IV
928.6, 1783, 2, LTS, VI
934.8, 1518, 1, LTS, III
939.8, 3040, 3, LTS, III
947.5, 3309, 4, LTS, VI
947.9, 1917, 2, LTS, V
951.3, 1028, 1, LTS, VI
952.6, 3589, 4, LTS, IV
953.3, 1306, 1, LTS, IV
954.5, 1787, 2, LTS, VI
961.7, 3440, 4, LTS, V
964.3, 3433, 4, LTS, V
987.6, 3311, 4, LTS, VI
994, 389, 0, LTS, V
997.7, 262, 0, LTS, VI
